cyclomatic_complexity,cognitive_complexity,lines_of_code,comment_ratio,function_count,class_count,max_nesting_depth,avg_function_length,parameters_per_function,halstead_difficulty,halstead_effort,halstead_volume,maintainability_index,duplicate_ratio,coupling_score,import_count,has_error_handling,has_type_hints,test_coverage,has_bug
8,28,1801,0.104,9,1,7,27.8,1.5,11.81,58728.09,7361.45,68.49,0.355,15.4,13,0,0,12.7,1
22,4,577,0.03,29,5,5,25.5,4.9,81.36,188919.61,1291.52,49.2,0.24,15.1,6,0,0,86.0,1
23,33,801,0.26,9,6,6,58.8,4.5,45.62,274118.58,5969.0,43.73,0.07,14.3,16,0,1,81.3,1
49,30,1347,0.469,6,0,1,56.7,7.8,59.23,431394.74,719.79,75.78,0.218,8.7,1,1,1,17.2,1
17,22,744,0.37,2,7,7,83.2,6.4,33.7,307073.78,7953.6,44.33,0.182,3.4,30,0,1,88.5,1
28,40,97,0.359,6,1,3,6.6,1.1,83.64,305535.7,3612.02,82.79,0.11,12.5,29,0,1,57.5,1
40,37,1742,0.269,7,2,6,61.1,2.8,11.21,314248.13,9532.19,24.84,0.096,16.3,2,0,1,55.6,1
15,62,1451,0.475,12,7,0,50.0,3.4,32.86,300710.92,713.24,81.67,0.079,14.8,8,0,1,60.4,1
32,50,69,0.014,29,1,5,41.0,4.7,35.45,246723.74,7074.33,45.18,0.417,9.8,21,1,0,23.3,1
22,36,1490,0.227,1,5,3,46.9,7.8,95.0,246983.95,7043.1,99.25,0.305,15.7,1,0,0,99.3,1
43,66,396,0.369,30,5,5,73.4,3.7,23.05,67848.93,1194.38,39.6,0.376,12.4,18,1,1,56.0,1
29,73,313,0.155,1,4,1,47.1,1.9,31.46,465150.0,3530.24,30.7,0.139,14.1,20,1,1,55.7,1
31,30,515,0.011,2,4,6,41.9,4.4,64.78,425327.01,7064.48,16.19,0.279,8.4,2,1,0,73.8,1
11,41,223,0.161,16,9,8,91.7,3.8,6.74,244887.67,4481.32,83.84,0.479,4.7,20,1,0,68.8,1
4,0,395,0.152,5,2,6,83.2,5.8,44.37,228228.41,5680.58,95.45,0.146,15.0,10,0,0,67.1,1
41,62,1744,0.205,30,4,6,10.9,2.0,65.69,164242.14,6789.23,97.85,0.482,1.1,15,0,1,67.2,1
40,19,428,0.145,24,6,2,93.6,1.3,43.09,482234.22,2122.19,48.38,0.272,17.2,4,0,1,52.4,1
1,7,961,0.291,8,3,6,77.1,0.9,78.58,353180.61,3963.89,71.91,0.066,0.3,8,1,0,4.9,1
46,18,1904,0.488,28,9,7,31.2,6.1,57.03,5218.68,5733.95,97.26,0.451,11.8,7,1,0,13.5,1
33,18,147,0.144,3,6,0,40.3,1.4,25.67,438849.62,329.92,78.89,0.456,12.9,12,0,0,33.5,1
18,46,1413,0.206,9,10,0,94.8,2.2,38.46,176306.15,2663.97,18.91,0.051,8.5,26,0,1,19.3,1
26,7,87,0.484,27,0,6,95.3,2.8,75.8,213365.47,9103.38,14.52,0.263,9.8,8,1,0,6.6,1
33,77,1527,0.094,10,4,6,9.5,5.8,38.98,61717.79,4158.55,25.5,0.459,0.6,30,0,1,38.8,1
34,63,1309,0.201,17,8,7,77.6,7.3,16.95,258135.67,7217.34,21.08,0.417,1.5,9,0,1,45.2,1
33,70,1999,0.396,3,10,8,32.2,0.6,72.85,269833.47,2254.44,46.27,0.5,5.4,26,0,0,90.4,1
8,53,813,0.37,29,9,8,93.8,5.6,32.44,199904.27,4255.41,86.64,0.269,8.0,20,0,0,78.9,1
21,68,553,0.315,13,6,6,92.7,4.9,50.56,363868.17,4135.18,54.4,0.437,12.1,25,0,1,75.3,1
38,11,1658,0.254,27,1,4,78.3,6.1,22.88,478763.08,5466.74,93.78,0.063,8.1,18,1,1,45.5,1
43,38,1094,0.086,13,1,5,34.0,1.9,16.12,84005.33,5476.5,46.06,0.407,11.2,9,0,1,64.7,1
8,32,1052,0.029,8,9,4,11.4,5.3,18.72,163643.91,820.43,30.18,0.069,10.5,25,1,1,31.2,1
41,16,1655,0.211,24,9,8,71.1,4.8,32.93,333343.45,8825.38,26.07,0.191,5.8,2,1,0,73.6,1
8,44,72,0.254,30,7,0,3.5,1.6,76.41,110207.67,6799.1,63.33,0.056,12.2,1,0,0,30.2,1
41,64,1507,0.188,22,10,6,75.8,6.0,26.0,236708.76,3529.43,38.14,0.411,17.1,29,1,1,94.3,1
46,30,1691,0.305,2,8,7,93.8,1.8,59.18,437325.13,5120.78,73.68,0.086,2.8,9,1,1,54.8,1
49,42,1866,0.017,21,5,4,45.1,4.4,9.04,119233.53,5031.3,25.36,0.309,6.4,3,1,1,26.7,1
26,31,1781,0.414,27,1,3,9.8,4.9,95.47,268795.73,6207.84,42.29,0.027,13.9,14,1,1,73.8,1
50,45,803,0.092,19,4,0,33.3,5.5,94.85,372641.22,8570.43,31.96,0.073,12.3,1,1,0,6.7,1
36,29,1857,0.29,29,1,2,19.2,0.2,54.49,414743.77,975.31,28.37,0.362,14.0,8,1,1,3.8,1
16,33,296,0.203,21,8,2,25.5,1.9,80.45,277556.92,5008.2,21.83,0.286,2.7,20,0,1,28.1,1
48,16,1898,0.162,18,10,5,61.1,2.1,96.04,83051.94,1929.29,44.91,0.359,12.5,26,0,0,92.6,1
50,69,1040,0.212,23,10,8,33.7,7.4,91.82,105969.37,9902.59,55.68,0.46,3.8,10,1,1,47.0,1
12,70,771,0.011,28,7,4,90.9,4.2,52.22,295127.65,3793.45,79.11,0.119,3.4,15,0,1,62.5,1
35,19,560,0.366,24,4,0,92.1,3.9,38.97,426544.41,9938.92,78.32,0.14,18.7,11,1,0,99.7,1
8,47,536,0.315,3,1,0,61.1,0.1,91.71,45532.38,4141.39,81.02,0.44,10.0,9,1,1,5.4,1
30,20,244,0.404,30,6,3,8.3,3.0,62.47,497203.8,9130.85,21.85,0.15,18.9,6,1,1,50.1,1
14,41,502,0.379,14,2,0,86.4,7.4,66.97,407008.85,3309.92,12.76,0.394,13.7,19,1,0,28.6,1
47,47,1295,0.317,13,1,3,99.9,2.8,67.39,68022.23,5333.56,27.15,0.252,4.2,8,0,0,0.3,1
49,6,1676,0.321,30,9,4,70.2,2.1,40.62,10864.11,1580.68,90.71,0.459,4.8,7,1,1,37.3,1
24,58,882,0.489,24,8,0,20.7,0.2,80.37,87699.67,4841.87,65.88,0.355,3.5,15,1,0,51.4,1
3,64,462,0.179,8,5,3,84.6,4.1,2.66,241672.51,9133.45,73.86,0.493,18.1,19,0,1,74.6,1
42,22,1840,0.37,16,3,3,92.4,5.3,79.96,381148.94,3940.92,98.24,0.064,4.8,22,1,1,31.4,1
39,54,341,0.144,26,6,7,11.3,4.2,35.06,457095.61,9115.38,63.17,0.487,15.6,8,1,1,93.3,1
6,28,1957,0.137,2,6,7,47.1,0.4,58.08,478779.89,944.36,55.29,0.332,18.9,10,0,1,31.0,1
49,31,1808,0.425,10,9,6,7.0,0.6,63.73,389390.55,137.67,36.82,0.492,14.9,8,0,0,72.8,1
18,12,1160,0.233,13,9,3,64.5,0.0,9.46,234821.99,3680.58,33.5,0.079,16.4,20,0,1,42.4,1
15,15,1112,0.348,28,5,8,28.8,7.3,50.18,313892.51,7088.49,98.58,0.314,6.6,18,0,1,59.2,1
27,66,812,0.42,27,4,3,89.2,3.0,21.61,427755.09,961.53,41.0,0.154,4.7,13,1,0,45.5,1
21,61,966,0.177,8,7,1,49.3,7.8,13.99,112161.35,349.27,40.16,0.157,8.6,29,0,0,17.2,1
25,2,1927,0.341,1,3,0,68.9,6.2,13.88,262520.22,6963.51,18.61,0.411,2.4,21,0,0,72.8,1
13,15,134,0.158,15,6,1,65.9,5.2,43.14,173196.41,3510.42,53.95,0.403,5.7,7,1,1,90.1,1
15,67,960,0.212,11,3,4,89.7,2.9,85.65,71992.71,69.08,25.77,0.116,17.7,5,1,0,65.1,1
13,57,1184,0.247,16,0,1,93.9,6.5,38.55,66057.65,4752.47,40.73,0.006,0.0,4,1,1,65.6,1
47,47,119,0.36,17,0,4,5.0,3.3,25.95,47439.94,9358.76,25.14,0.247,11.5,15,0,0,94.5,1
32,20,1870,0.459,24,3,6,66.7,3.3,99.01,97786.72,3272.58,40.98,0.209,12.2,2,0,1,9.4,1
41,21,1222,0.285,4,5,7,97.9,3.4,78.33,394155.53,171.59,61.28,0.237,15.2,6,0,1,69.5,1
4,28,12,0.021,19,4,5,26.8,1.5,63.91,56944.17,2334.94,30.56,0.191,13.8,7,0,1,98.5,1
15,44,1483,0.478,13,3,3,4.2,1.0,61.2,21245.31,6200.12,60.13,0.192,11.5,0,0,1,70.3,1
6,54,1890,0.487,2,7,4,9.8,3.8,16.72,437189.62,5735.41,93.87,0.218,8.4,1,0,0,7.4,1
12,24,1956,0.03,13,8,4,53.6,2.3,8.78,364787.37,9607.03,49.93,0.303,12.5,29,0,0,1.3,1
18,49,176,0.319,10,3,7,80.0,4.4,10.95,118666.05,3085.86,92.59,0.287,13.5,30,0,1,80.2,1
48,31,123,0.019,27,2,8,37.7,0.1,14.02,178609.39,2319.27,87.79,0.135,2.5,19,0,1,65.7,1
43,3,468,0.228,28,8,2,54.1,0.6,48.9,268105.74,9344.32,35.3,0.228,16.1,7,1,0,26.9,1
42,36,1675,0.241,8,0,1,30.5,4.4,88.98,250596.21,1471.42,17.41,0.45,19.0,15,0,0,68.1,1
8,78,1093,0.304,12,2,0,42.8,7.8,27.95,331283.21,9375.84,21.23,0.005,6.5,28,0,1,81.3,1
42,53,518,0.17,24,4,7,53.0,0.3,99.55,222258.96,654.35,65.49,0.2,11.1,20,0,0,19.7,1
21,73,1339,0.484,19,5,4,88.9,0.4,54.86,288702.86,5598.27,17.48,0.038,2.3,0,1,0,69.3,1
2,39,698,0.031,28,4,1,19.9,2.9,32.48,415376.3,9001.78,36.35,0.064,16.5,3,1,1,80.4,1
40,60,945,0.25,24,5,1,58.9,0.8,81.02,277901.4,4078.15,74.25,0.423,8.3,12,1,1,11.5,1
33,35,540,0.146,26,1,8,58.8,2.3,73.44,15794.66,7257.96,86.17,0.187,6.6,0,0,1,43.4,1
50,39,958,0.346,10,1,5,21.9,7.1,12.93,254371.69,2452.75,61.81,0.217,13.3,4,1,0,80.4,1
36,58,127,0.211,13,2,2,13.1,4.0,18.37,460775.75,665.85,53.92,0.103,17.5,1,0,1,85.6,1
19,24,1561,0.411,26,2,6,53.6,3.0,90.44,165185.55,3101.75,44.55,0.111,4.4,12,0,1,50.3,1
42,19,1206,0.156,16,7,2,6.8,5.0,52.46,390779.7,6110.04,22.83,0.294,13.7,17,0,0,13.7,1
35,63,1388,0.277,27,5,7,25.6,1.4,59.44,195001.4,5148.22,21.31,0.458,14.0,15,1,0,24.3,1
2,3,1424,0.113,23,2,5,43.3,5.6,76.22,307051.94,8469.19,70.91,0.257,3.0,6,1,1,62.6,1
38,67,1751,0.113,2,0,7,84.5,2.4,24.88,81020.25,7252.26,25.72,0.198,14.4,17,0,1,72.0,1
16,56,1569,0.261,18,1,4,32.7,0.3,51.26,487022.8,9543.89,37.89,0.134,2.5,28,1,0,48.8,1
35,36,1096,0.338,29,6,5,81.7,0.1,83.52,219007.81,4953.93,32.45,0.159,4.5,10,1,1,55.3,1
7,3,299,0.128,6,7,3,79.3,4.2,17.91,197127.32,7932.12,20.72,0.428,8.1,24,1,1,71.2,1
45,11,1307,0.049,5,10,4,66.9,7.1,78.0,363762.02,7785.99,11.54,0.32,9.5,27,0,0,43.1,1
13,31,1035,0.12,21,8,1,12.4,3.0,54.01,150121.74,1972.64,58.82,0.231,18.6,25,1,1,34.7,1
46,56,755,0.423,6,4,3,99.6,6.4,56.53,470883.9,8802.0,93.5,0.03,12.8,30,0,1,10.0,1
25,61,15,0.419,18,4,8,17.8,0.8,79.35,4875.5,822.55,19.08,0.064,8.2,10,0,1,75.2,1
43,46,637,0.057,21,0,2,20.1,7.1,90.08,195962.94,3308.28,68.58,0.202,15.2,4,1,0,18.4,1
40,65,288,0.292,23,0,8,4.5,1.9,32.16,377298.95,84.66,79.14,0.472,13.5,24,0,1,89.4,1
48,12,1001,0.389,10,2,6,26.4,6.0,39.37,196800.58,6422.83,65.39,0.003,4.2,20,0,0,77.7,1
2,8,1964,0.034,28,4,4,57.2,7.3,29.19,123961.25,4639.7,57.01,0.329,0.6,18,1,0,22.6,1
33,74,1205,0.215,4,6,5,83.4,2.3,89.25,154541.8,8223.02,65.74,0.485,19.8,6,1,1,84.4,1
28,17,1713,0.363,6,7,6,25.1,5.0,36.78,167581.54,7730.23,28.63,0.005,14.3,5,0,1,49.8,1
26,8,1918,0.283,28,3,1,79.7,6.0,40.32,308407.83,790.96,38.98,0.144,8.0,11,0,0,28.8,1
42,78,1363,0.153,14,4,0,70.4,0.4,70.79,415426.41,9595.51,43.8,0.051,10.6,26,1,0,34.7,1
23,17,813,0.294,11,4,5,80.0,7.5,32.68,205707.95,5184.53,80.43,0.489,16.3,4,1,1,90.4,1
20,44,45,0.259,23,5,8,5.8,1.8,58.66,102548.66,7402.26,23.54,0.303,14.6,8,1,0,52.6,1
47,77,1369,0.013,24,10,6,92.9,7.2,63.09,385322.46,1619.88,91.84,0.004,15.7,2,1,1,56.7,1
43,62,109,0.006,22,7,7,63.2,7.5,45.14,324880.14,5541.66,12.92,0.134,14.6,0,1,1,8.7,1
36,45,198,0.175,29,9,6,18.3,4.1,57.24,1298.53,5824.64,61.75,0.203,15.7,4,0,1,48.9,1
49,65,1738,0.03,5,3,7,94.5,7.4,35.77,472229.28,5513.76,86.11,0.147,13.3,5,1,0,49.4,1
48,28,1844,0.409,19,1,2,73.5,5.5,82.2,409909.38,3512.56,22.65,0.132,16.6,14,0,0,40.3,1
20,2,661,0.093,14,10,0,12.6,7.2,40.73,43956.04,2707.14,20.11,0.247,2.7,19,0,0,32.5,1
46,11,171,0.213,16,4,4,77.2,5.6,27.45,160548.43,2206.5,51.92,0.169,19.2,12,1,0,50.6,1
50,42,902,0.492,13,8,4,19.4,4.2,87.09,981.54,8476.5,13.93,0.418,14.4,21,1,1,16.7,1
16,41,624,0.141,12,6,8,91.5,4.2,5.54,10512.88,1979.56,55.48,0.263,14.4,24,0,0,68.5,1
41,48,434,0.308,11,8,2,95.7,4.9,26.69,364189.35,5011.35,20.83,0.051,16.6,20,0,1,59.1,1
41,36,1592,0.119,27,4,4,79.0,6.2,42.81,106481.71,314.89,31.65,0.288,7.7,15,0,1,10.7,1
32,0,1701,0.454,23,2,1,66.0,6.7,53.93,463085.31,3922.06,13.64,0.354,3.7,26,1,0,55.0,1
21,29,1180,0.1,6,2,4,39.3,7.3,69.8,94108.84,1267.36,65.72,0.062,6.6,12,0,1,74.4,1
30,77,1489,0.237,24,6,2,76.4,4.0,12.27,269970.58,4783.75,41.02,0.4,9.9,27,0,1,83.8,1
6,34,1572,0.334,2,0,6,55.9,2.5,31.72,212019.48,2009.05,62.07,0.076,14.0,21,1,1,41.1,1
38,59,1322,0.394,29,3,4,91.4,3.3,61.28,372306.43,4647.42,64.5,0.496,0.7,3,0,0,84.7,1
28,77,797,0.477,2,9,8,47.5,5.7,33.51,330911.44,6150.43,11.29,0.465,4.3,30,1,0,58.9,1
3,10,301,0.373,9,4,3,37.2,3.6,66.37,115065.17,5626.61,96.79,0.439,14.5,3,0,0,23.4,1
20,4,1182,0.239,22,6,0,65.8,6.5,46.41,378717.26,1928.07,89.01,0.256,8.6,5,0,0,10.9,1
12,75,1390,0.458,4,1,7,90.1,0.5,31.87,259940.31,222.3,83.36,0.202,16.3,16,1,1,99.9,1
50,15,1614,0.306,26,9,6,80.9,5.6,75.19,264040.2,3358.5,75.63,0.176,12.3,24,0,1,38.3,1
14,12,96,0.155,19,8,5,34.0,7.9,90.35,203228.11,9402.55,41.26,0.101,14.0,4,1,1,65.9,1
11,58,1019,0.457,29,10,2,12.7,0.9,15.02,116376.54,6153.55,35.53,0.188,6.4,5,1,0,45.8,1
15,64,446,0.169,13,2,6,53.0,5.3,16.31,312523.53,4564.46,64.91,0.009,6.8,30,1,0,39.2,1
6,6,1552,0.143,30,9,2,17.6,6.3,75.88,194821.45,3592.54,55.83,0.44,19.3,28,1,1,77.7,1
47,18,1669,0.086,19,7,2,67.6,0.1,46.97,434529.69,4677.93,66.16,0.339,11.9,8,0,0,68.6,1
26,73,1442,0.262,18,5,8,15.0,6.0,70.92,27657.42,7703.17,23.39,0.02,2.8,15,1,1,74.0,1
21,32,49,0.246,9,0,2,55.7,6.0,57.97,439988.41,9737.03,54.93,0.413,3.4,5,0,0,82.6,1
7,37,847,0.3,15,1,0,23.0,1.2,72.21,105240.62,4280.0,24.19,0.343,17.7,22,1,0,73.1,1
26,15,1951,0.193,18,4,4,95.7,1.4,28.8,294315.89,2228.07,31.06,0.495,6.4,17,1,1,97.0,1
34,28,1045,0.1,21,5,0,41.8,7.4,90.79,373658.88,6748.65,58.57,0.451,11.4,26,1,0,72.4,1
17,48,191,0.198,29,10,7,79.2,7.1,91.32,371772.61,7195.0,72.76,0.123,15.2,12,1,1,53.3,1
5,29,508,0.116,5,1,1,56.3,7.0,20.07,85244.22,9618.58,32.77,0.472,15.1,26,1,1,55.0,1
18,69,76,0.446,18,2,7,68.7,1.2,73.43,430446.6,2463.89,16.3,0.22,19.2,27,0,1,21.5,1
33,25,193,0.03,16,2,5,75.8,2.5,34.33,274581.58,4478.69,55.45,0.193,7.1,20,0,0,62.2,1
28,44,456,0.112,16,0,6,12.6,3.0,91.63,467471.66,7554.61,47.95,0.458,18.7,26,1,1,18.9,1
14,36,279,0.115,15,4,5,42.1,7.2,93.33,80868.63,9050.28,73.4,0.401,4.8,24,1,1,20.4,1
15,46,672,0.16,17,0,3,89.2,3.4,81.26,305869.94,2337.46,16.51,0.057,2.5,29,0,1,76.4,1
45,29,805,0.474,15,10,8,20.7,1.1,15.98,274339.71,2313.64,59.47,0.119,19.3,10,0,1,88.5,1
23,9,1488,0.413,24,4,7,86.1,4.2,89.5,40154.78,9379.1,86.53,0.447,2.6,29,0,0,90.6,1
23,7,214,0.38,17,0,7,54.8,4.4,6.21,387501.57,465.59,21.11,0.026,8.3,14,0,0,4.0,1
29,33,175,0.025,27,1,7,65.2,6.3,64.21,305704.67,1410.74,68.78,0.273,13.9,16,0,1,53.2,1
14,51,456,0.243,19,3,0,7.8,5.5,72.25,323311.44,300.16,76.36,0.35,18.9,29,1,1,3.9,1
37,51,597,0.285,15,0,2,81.6,2.3,79.61,415683.25,8246.41,21.39,0.399,12.1,11,1,0,57.7,1
9,26,763,0.373,28,2,6,69.3,5.3,32.16,18150.43,4214.01,68.37,0.323,4.6,28,0,1,94.8,1
28,54,204,0.172,16,7,0,31.2,5.7,79.4,83782.81,773.91,29.98,0.381,3.9,16,0,0,65.2,1
40,32,1105,0.485,13,8,5,72.8,2.8,81.86,458683.92,188.71,16.99,0.057,6.9,1,1,1,50.1,1
27,74,53,0.036,29,5,2,20.4,1.9,37.04,269455.3,9446.5,57.6,0.247,10.2,22,0,0,76.6,1
15,0,1457,0.043,5,9,7,87.9,4.0,12.12,359874.14,5245.58,98.95,0.445,9.9,17,0,0,49.7,1
4,36,1198,0.267,9,2,6,89.1,3.4,29.82,113573.52,8258.77,22.98,0.305,1.0,21,0,0,96.7,1
31,61,1273,0.449,25,4,2,76.8,2.7,10.97,143009.13,7644.68,46.8,0.023,11.1,26,1,0,35.0,1
7,48,561,0.048,22,4,7,67.5,1.5,2.03,126283.81,4594.54,24.17,0.054,13.2,13,0,0,7.8,1
19,79,819,0.304,28,0,2,28.3,7.6,32.86,417228.3,3367.09,42.6,0.361,0.2,26,1,1,70.7,1
49,8,643,0.154,23,5,5,10.8,5.3,64.9,237660.67,3748.03,39.79,0.309,10.6,15,0,0,89.6,1
35,46,328,0.09,29,3,1,63.7,4.8,52.91,49802.2,7860.17,55.98,0.239,14.3,23,1,0,68.1,1
12,0,1276,0.076,16,9,5,62.7,7.2,53.73,242807.59,6955.13,10.15,0.152,14.7,12,1,1,4.5,1
7,14,521,0.004,14,3,0,36.1,6.5,9.68,478252.44,6898.21,89.6,0.168,14.5,18,0,1,82.0,1
9,16,209,0.049,15,6,1,10.8,2.1,4.68,194259.96,7479.18,50.23,0.439,4.3,24,1,1,83.2,1
17,25,910,0.137,26,10,1,46.1,0.1,85.04,215019.04,1152.48,54.99,0.061,17.1,21,1,0,77.4,1
39,49,973,0.027,15,7,4,35.9,4.2,16.03,118858.16,2580.47,33.75,0.422,3.8,30,1,0,0.4,1
37,67,966,0.047,8,4,4,70.1,7.1,76.66,249822.12,2624.01,91.23,0.322,10.9,8,0,1,63.2,1
8,51,1499,0.071,28,4,2,23.1,4.0,27.05,136945.43,8052.74,97.27,0.314,10.5,7,0,0,3.1,1
14,42,128,0.122,21,0,2,32.9,3.5,87.27,75177.14,2341.16,30.29,0.108,15.2,24,1,0,22.7,1
24,19,744,0.443,14,6,2,97.1,7.4,35.89,375267.67,4746.51,89.47,0.426,8.0,7,0,1,27.3,1
8,73,524,0.037,6,0,5,37.5,0.2,5.72,397889.48,6715.31,80.25,0.108,7.0,28,0,0,47.8,1
38,0,101,0.011,23,1,6,99.6,1.2,53.01,412452.45,4973.12,96.08,0.283,9.0,11,0,0,34.2,1
43,79,1096,0.373,17,5,4,35.8,5.6,67.64,404609.6,7733.65,56.25,0.31,1.1,24,0,0,57.7,1
24,75,1481,0.18,11,1,8,75.5,7.5,39.16,273894.57,9337.23,88.95,0.363,0.6,30,0,0,72.8,1
44,41,153,0.251,24,8,1,62.4,3.8,44.83,199740.83,9343.38,46.2,0.216,17.3,24,1,1,74.3,1
42,70,1911,0.129,11,10,3,11.9,4.7,14.07,434554.26,5821.57,26.09,0.438,11.0,18,1,1,14.4,1
12,8,412,0.361,28,1,0,35.6,0.8,87.87,468912.67,8759.14,50.15,0.21,4.5,13,0,0,5.8,1
33,60,487,0.381,29,2,4,50.4,1.7,96.86,475856.94,7401.72,24.1,0.422,19.1,30,1,0,20.4,1
12,73,1581,0.283,7,0,6,42.4,1.7,36.62,276670.17,1937.12,62.77,0.076,8.4,2,0,1,46.9,1
13,73,632,0.493,22,3,3,87.5,5.7,69.29,205175.84,3905.79,64.01,0.159,2.6,4,0,1,57.2,1
45,27,261,0.141,16,6,7,15.3,1.8,7.9,42515.6,1805.0,51.4,0.369,3.3,17,1,0,66.9,1
7,10,440,0.355,7,0,6,46.8,1.6,4.42,152342.73,7737.9,36.57,0.07,8.3,27,1,0,8.5,1
36,78,1733,0.357,10,0,6,97.9,7.2,55.55,341969.7,4674.52,21.41,0.476,6.8,10,0,1,49.3,1
18,37,1681,0.119,26,6,4,84.6,4.9,45.94,21794.22,4640.62,59.47,0.054,5.4,2,1,0,49.2,1
11,73,731,0.323,19,7,6,20.6,5.9,1.49,494058.76,6215.27,98.37,0.151,3.6,24,0,1,72.3,1
32,36,986,0.068,16,6,1,79.8,6.1,75.92,408060.72,9946.35,58.35,0.271,2.2,18,1,0,26.9,1
13,1,731,0.415,26,5,4,79.0,3.9,89.52,387682.17,7722.94,67.89,0.181,18.7,30,0,0,83.5,1
34,56,1726,0.304,21,6,2,16.5,5.8,35.87,316698.19,1051.76,72.6,0.402,4.7,21,0,0,64.8,1
15,37,530,0.394,29,3,1,10.8,4.7,28.38,140711.08,1467.82,16.12,0.17,3.7,21,1,1,82.4,1
44,33,264,0.093,6,9,1,62.6,4.3,93.74,94177.13,8866.44,10.76,0.221,13.5,6,1,0,17.9,1
31,17,532,0.104,1,7,5,33.0,7.1,32.29,386588.27,5702.31,24.28,0.308,14.5,3,1,1,3.7,1
37,52,871,0.349,1,0,6,17.3,1.1,65.75,426768.51,6950.68,49.31,0.338,12.9,26,1,1,99.1,1
36,76,1823,0.13,20,0,1,65.6,1.4,4.12,467141.84,1362.11,93.53,0.154,16.8,29,1,0,71.2,1
23,26,872,0.32,23,2,1,93.1,5.6,7.18,429238.34,673.56,33.12,0.333,12.3,24,1,1,34.2,1
44,12,733,0.183,11,4,2,88.5,0.6,3.6,337295.07,4585.66,44.7,0.211,6.8,20,0,1,26.3,1
2,46,1952,0.343,20,4,2,71.1,4.1,97.93,148010.4,6002.92,94.07,0.22,18.6,0,1,0,63.3,1
45,10,1689,0.497,22,0,5,21.1,2.5,65.11,211529.26,5453.37,71.28,0.306,10.0,22,0,0,37.3,1
12,14,1097,0.403,3,3,7,27.2,3.8,49.2,471294.04,1901.82,63.9,0.075,2.5,14,0,0,74.4,1
12,45,1051,0.197,12,2,1,77.3,7.1,38.72,321147.68,3968.92,26.24,0.112,19.6,13,0,0,74.7,1
4,25,502,0.41,21,10,1,93.2,2.9,43.2,342373.42,2438.11,21.26,0.075,5.9,28,0,0,40.7,1
24,79,734,0.445,20,10,2,41.2,6.9,44.6,334132.23,6860.25,61.46,0.392,2.4,25,0,0,61.7,1
35,19,138,0.254,13,9,7,24.3,0.5,17.86,88136.21,7070.31,58.64,0.047,17.4,28,1,1,50.7,1
12,22,373,0.308,29,10,6,36.2,2.4,71.58,118165.29,7204.86,16.24,0.009,17.8,25,0,0,62.7,1
44,45,1841,0.235,12,7,5,62.0,1.2,12.87,201480.32,3279.86,82.78,0.206,17.0,24,0,0,92.5,1
38,6,1185,0.372,13,3,3,98.9,3.0,17.86,197122.5,3916.56,35.43,0.486,12.0,3,0,1,62.8,1
31,71,1319,0.313,4,8,8,8.1,7.3,92.02,231701.34,1732.02,38.53,0.229,13.1,8,1,0,33.8,1
7,36,509,0.342,24,1,2,27.2,7.3,80.5,146482.4,4449.17,93.42,0.04,6.2,6,1,1,24.9,1
43,73,1435,0.179,20,10,0,82.7,6.6,28.85,333888.29,2079.52,22.8,0.264,1.2,25,1,1,69.5,1
21,50,801,0.412,29,5,8,37.8,5.1,23.01,333624.41,3344.86,95.43,0.485,18.8,11,0,1,0.5,1
5,3,615,0.439,19,5,3,54.9,0.1,45.05,260878.63,3153.78,82.24,0.304,11.9,14,0,0,48.6,1
26,61,1399,0.16,23,8,8,8.2,0.5,19.65,284277.78,5754.87,78.26,0.339,0.1,0,1,1,26.5,1
30,34,192,0.381,18,3,1,47.9,4.2,7.68,361449.21,2462.49,68.97,0.159,9.0,17,1,0,50.2,1
46,23,693,0.002,3,2,2,90.9,6.7,89.36,405667.7,1492.19,58.94,0.156,1.6,11,1,1,95.0,1
21,72,1401,0.222,22,3,5,24.7,2.9,10.05,2885.05,4441.59,39.96,0.056,5.8,18,1,0,47.0,1
45,23,795,0.113,24,0,3,16.4,1.9,60.0,219691.06,7364.97,26.55,0.24,15.0,14,1,1,25.2,1
34,1,1507,0.291,12,3,4,51.5,4.8,1.71,469284.15,7588.46,59.07,0.317,16.5,24,1,0,23.1,1
28,70,556,0.225,23,5,0,89.2,7.6,3.26,24775.78,2430.37,76.36,0.172,19.8,15,0,0,7.8,1
44,65,809,0.33,30,4,8,12.5,3.0,39.83,308644.41,4994.53,16.3,0.162,7.6,20,0,1,86.5,1
25,75,1236,0.421,23,5,3,39.3,1.9,93.12,489286.94,7345.05,61.39,0.335,12.0,2,1,1,98.5,1
50,36,569,0.053,17,7,5,40.6,2.0,54.55,486728.46,3542.99,38.15,0.1,7.6,18,1,1,41.9,1
45,70,1352,0.353,11,8,4,60.3,0.6,89.26,456282.25,5259.49,56.39,0.426,0.9,9,0,1,77.1,1
10,66,1332,0.122,17,1,1,13.6,4.2,42.37,48853.67,9721.98,37.2,0.28,17.3,2,0,1,16.5,1
22,22,679,0.379,21,8,5,82.9,6.3,85.26,152738.15,3368.12,96.26,0.455,11.0,23,1,0,22.3,1
32,37,508,0.347,2,8,7,73.0,0.3,61.94,308121.78,138.59,49.89,0.37,5.6,4,0,0,99.9,1
40,28,912,0.32,2,8,8,36.5,5.4,58.96,8885.83,8091.55,21.33,0.282,7.8,11,1,0,2.3,1
45,18,725,0.423,12,5,3,83.1,6.1,19.92,231391.63,4858.34,62.67,0.017,14.1,10,0,0,23.4,1
34,24,559,0.4,8,0,1,6.0,2.6,58.54,446493.23,3825.52,85.02,0.196,16.7,18,0,1,3.1,1
8,67,1002,0.087,19,8,3,67.9,5.7,42.47,63145.15,6459.99,10.16,0.208,4.3,30,1,0,86.2,1
49,28,1496,0.302,4,7,7,78.2,5.9,40.6,39416.77,7030.45,52.95,0.383,3.6,18,1,0,16.2,1
7,24,143,0.252,22,10,0,15.7,0.5,76.17,428762.91,8577.76,72.59,0.167,0.2,7,0,1,72.3,1
14,33,692,0.285,28,7,6,36.2,4.2,85.21,7791.67,1935.25,21.59,0.231,4.7,22,1,0,15.0,1
12,69,904,0.083,26,4,0,72.0,4.0,80.61,118424.36,736.1,34.48,0.168,3.2,10,1,0,97.9,1
49,49,1857,0.407,30,10,2,35.5,3.8,38.65,318344.2,3660.77,68.69,0.072,7.7,25,0,1,56.8,1
17,36,1126,0.377,2,2,0,84.6,4.7,2.72,260249.58,1409.3,39.51,0.332,1.1,11,1,1,97.0,1
19,41,1757,0.303,30,9,6,62.4,7.8,71.34,21358.79,9821.03,23.41,0.267,8.1,29,0,1,77.2,1
13,39,1472,0.36,3,7,8,65.3,5.0,72.77,21175.99,3495.6,68.98,0.299,13.5,26,1,1,44.5,1
36,8,212,0.227,24,3,7,47.9,5.7,71.43,108098.01,7461.15,67.93,0.145,15.3,1,1,0,16.4,1
5,33,574,0.139,17,10,7,15.2,5.2,38.42,453267.82,1954.29,54.84,0.149,5.3,0,0,1,97.6,1
41,38,1787,0.105,25,9,1,11.6,2.8,58.46,22242.63,3070.48,93.82,0.358,14.7,26,0,1,31.6,1
11,78,1814,0.407,30,4,0,85.3,5.6,71.12,286366.42,1843.18,92.98,0.026,20.0,18,0,1,10.4,1
29,37,1148,0.226,1,4,8,8.0,2.1,20.64,109517.38,7925.35,98.15,0.482,4.5,1,1,0,22.8,1
14,54,349,0.2,17,0,1,32.5,7.1,68.68,33058.75,4083.88,57.22,0.09,10.3,16,0,0,59.4,1
43,48,197,0.244,2,4,6,52.6,5.6,69.62,341062.85,1218.5,94.12,0.43,13.1,20,0,0,54.5,1
33,53,503,0.096,5,9,0,23.8,6.6,73.43,329146.19,939.48,33.01,0.207,6.2,22,0,1,56.7,1
13,56,180,0.406,26,10,8,41.7,7.6,3.94,424429.62,7024.57,16.38,0.171,18.6,27,1,1,21.8,1
21,45,659,0.189,27,1,4,73.5,6.2,31.62,377827.86,8655.97,95.36,0.337,2.8,0,1,0,94.9,1
44,54,686,0.036,17,9,3,69.8,0.8,59.6,330669.04,5669.71,68.54,0.218,17.7,4,1,1,87.4,1
39,60,353,0.13,23,4,1,70.8,0.3,85.09,88453.23,2773.32,94.95,0.074,8.8,29,1,0,85.4,1
8,72,526,0.279,13,10,4,87.2,7.1,46.1,223822.92,2052.13,70.36,0.192,6.3,3,0,1,45.9,1
8,4,695,0.254,16,5,1,88.0,1.7,11.24,410147.71,9889.56,31.74,0.248,0.7,27,1,0,0.9,1
25,53,1222,0.11,30,6,0,16.8,1.0,47.06,294242.96,2228.97,85.64,0.052,8.5,29,0,1,52.2,1
33,3,840,0.268,29,7,4,97.2,2.1,88.83,490832.77,7227.3,83.24,0.145,12.0,1,1,0,4.2,1
47,18,1447,0.399,27,1,2,4.4,6.6,75.92,64588.36,1335.26,83.24,0.181,8.3,6,1,0,18.6,1
50,36,1400,0.127,24,1,4,56.8,1.8,75.13,68678.96,7187.39,34.64,0.475,3.1,0,1,0,89.8,1
6,75,1496,0.248,27,8,1,46.2,1.1,68.07,277345.46,1902.26,96.47,0.497,16.0,15,0,1,52.0,1
21,41,1821,0.452,3,9,7,79.5,0.5,62.01,427439.08,7050.64,76.99,0.071,20.0,11,1,0,33.4,1
5,7,1167,0.435,23,6,8,39.1,4.2,37.2,122155.02,7642.82,72.32,0.417,16.9,19,1,1,29.2,1
2,24,851,0.003,22,6,5,86.2,6.8,24.19,265989.02,1257.27,73.7,0.415,4.4,30,1,0,78.9,1
43,45,1210,0.499,6,6,1,15.8,0.7,32.69,265197.79,8221.72,72.62,0.155,6.1,1,1,1,7.5,1
28,11,637,0.345,6,8,4,41.1,4.9,47.68,288739.86,3608.9,56.61,0.425,16.4,4,0,1,43.4,1
25,25,1130,0.46,17,9,0,60.9,4.0,38.56,52170.88,9527.06,85.49,0.202,6.4,1,1,0,64.4,1
11,76,432,0.345,21,9,3,32.7,3.0,82.68,213873.12,966.56,87.06,0.42,1.1,24,1,1,90.6,1
9,57,1373,0.328,25,4,1,23.0,0.5,80.83,314714.2,8338.49,64.95,0.164,1.0,23,0,1,35.9,1
17,66,1604,0.335,15,5,5,42.1,1.5,81.41,323860.91,5932.45,69.85,0.43,10.8,29,0,1,10.7,1
6,3,168,0.049,10,1,7,63.9,7.6,88.25,314501.6,6185.97,67.66,0.474,13.0,3,1,1,78.9,1
18,42,1113,0.48,23,7,8,15.3,1.3,99.28,114592.94,5927.19,77.24,0.21,11.7,27,0,0,64.9,1
23,79,614,0.217,28,8,7,37.0,4.2,44.59,275343.85,9605.92,54.31,0.264,10.8,9,1,1,36.8,1
23,37,1120,0.018,14,1,3,88.8,2.7,25.6,346064.73,5319.22,60.25,0.053,19.5,1,0,0,13.7,1
17,49,1794,0.324,23,3,3,10.9,5.3,2.83,81710.45,892.59,99.28,0.352,4.5,8,1,1,84.4,1
21,65,1039,0.46,12,8,4,42.7,1.3,90.94,210554.02,3902.05,82.66,0.362,15.2,3,0,1,66.4,1
15,60,1962,0.268,5,3,0,22.9,6.5,73.28,224221.19,8666.27,87.84,0.292,17.7,23,1,0,6.1,1
12,50,181,0.225,24,3,0,15.6,2.2,58.88,29029.22,4056.7,29.23,0.468,5.5,18,1,0,36.1,1
37,8,547,0.216,30,2,1,48.7,5.9,45.69,353450.75,7816.77,70.08,0.144,1.2,18,1,0,77.4,1
40,9,848,0.493,15,5,7,33.3,2.5,41.12,492274.28,1166.03,99.2,0.305,7.4,28,0,0,13.5,1
20,80,456,0.141,6,9,5,52.9,0.5,22.44,3772.77,4696.81,53.29,0.18,17.2,10,1,0,99.6,1
39,38,1863,0.162,8,1,2,37.0,2.5,7.68,107006.83,3455.7,73.77,0.024,2.1,14,1,1,61.3,1
9,24,1663,0.168,8,0,3,63.0,1.6,52.1,450056.68,1609.0,74.78,0.33,7.4,5,1,1,67.3,1
24,63,1873,0.438,22,2,6,43.8,4.4,6.6,363896.79,9211.79,96.02,0.129,17.0,19,1,0,30.0,1
25,27,1719,0.132,17,4,2,45.7,5.5,96.99,239664.86,8143.49,73.0,0.328,3.4,16,0,1,73.8,1
32,19,1705,0.244,21,1,5,44.0,7.3,63.89,61781.52,5108.86,20.99,0.265,12.2,27,1,1,53.1,1
11,63,1260,0.431,9,10,4,31.6,7.0,23.01,27016.81,8599.58,87.32,0.185,19.1,19,1,1,75.9,1
17,20,754,0.258,20,2,0,63.4,2.5,57.17,482128.81,8020.48,42.15,0.395,5.6,2,1,0,80.3,1
30,28,174,0.234,13,2,0,61.3,1.4,50.54,33303.27,3814.07,18.16,0.091,7.3,23,0,1,23.3,1
22,9,289,0.15,9,2,5,92.5,4.0,69.41,222931.33,7507.91,25.88,0.397,18.7,27,0,1,39.1,1
18,65,1184,0.47,17,8,5,41.4,4.2,63.99,23997.27,9157.11,86.5,0.318,17.0,30,0,0,94.3,1
27,15,654,0.466,4,6,1,86.3,7.9,84.29,247183.05,8664.85,54.86,0.466,9.9,10,1,1,2.0,1
3,13,115,0.415,2,2,2,24.9,5.1,97.54,208527.45,2936.3,23.92,0.374,7.3,23,0,0,54.0,1
10,74,797,0.099,2,1,0,90.3,1.7,97.01,212762.82,4325.39,33.1,0.313,15.5,2,0,1,87.5,1
14,27,1205,0.058,25,9,2,76.1,2.9,14.9,142167.02,1213.48,20.21,0.351,3.7,16,0,0,44.7,1
27,51,1107,0.094,7,0,3,83.9,4.5,49.81,196074.89,4373.02,39.1,0.026,4.1,26,0,1,44.3,1
32,65,873,0.004,8,8,7,77.8,5.7,15.08,122278.53,6564.76,89.56,0.037,19.9,29,0,1,80.0,1
20,79,1107,0.303,4,5,1,35.2,5.3,18.91,32692.44,1251.26,26.61,0.486,0.2,8,1,1,78.9,1
17,68,1800,0.287,11,3,2,22.5,7.5,40.02,317574.28,7228.68,94.7,0.282,15.5,7,0,1,48.9,1
30,6,1218,0.451,14,0,1,69.8,0.1,1.92,435292.36,898.52,35.39,0.324,11.0,17,1,0,32.5,1
38,35,1510,0.182,10,2,8,55.4,1.3,85.84,359541.02,51.5,16.0,0.166,6.6,26,0,0,79.5,1
20,55,1127,0.083,22,5,1,49.0,0.2,63.88,499114.72,309.06,42.63,0.011,10.0,22,1,0,6.9,1
29,52,772,0.329,13,9,0,87.1,7.4,26.5,39970.01,1910.17,47.1,0.131,3.2,22,1,1,95.8,1
2,72,912,0.236,5,7,2,6.5,2.7,10.21,46553.53,1541.6,76.01,0.472,0.7,23,1,1,56.4,1
45,36,225,0.122,16,1,0,77.5,6.4,4.55,60675.68,5192.56,42.34,0.171,14.1,9,1,1,30.0,1
11,55,623,0.451,8,5,6,72.3,1.0,17.55,29550.05,1519.57,18.0,0.021,7.6,16,1,1,47.1,1
17,10,505,0.308,5,1,0,91.4,4.2,61.4,384341.38,8609.34,24.41,0.033,8.6,14,0,1,86.6,1
11,33,960,0.08,14,0,1,67.4,1.8,71.24,31816.4,6707.47,72.3,0.128,15.9,2,1,0,72.8,1
2,64,145,0.391,23,1,5,52.5,1.2,44.09,111973.54,8651.83,58.49,0.088,16.4,15,1,1,9.4,1
20,16,1321,0.029,3,8,8,73.3,7.6,43.25,45723.56,5523.15,98.41,0.358,0.3,27,0,0,3.7,1
48,58,556,0.239,5,1,3,37.4,5.1,82.56,185508.57,2053.28,47.86,0.035,19.9,14,0,0,64.0,1
44,71,816,0.011,30,4,4,77.1,4.0,40.14,102632.6,1541.03,72.49,0.186,16.9,8,0,0,14.3,1
27,66,406,0.179,20,8,3,57.0,5.5,95.17,92963.52,463.19,65.99,0.42,16.1,30,0,1,94.0,1
29,27,1306,0.205,9,8,0,39.6,3.4,60.07,431130.32,7703.23,22.49,0.471,14.8,29,1,1,89.0,1
45,79,316,0.208,17,6,6,35.7,2.8,1.49,168478.27,9067.08,99.63,0.474,18.2,19,1,1,7.1,1
27,2,602,0.218,3,9,4,59.8,6.3,26.43,343438.04,5263.52,59.84,0.258,5.7,16,0,1,90.4,1
3,31,1004,0.074,10,2,7,91.9,5.5,18.25,274691.54,8814.23,32.96,0.022,3.2,17,1,1,67.2,1
43,1,1540,0.467,25,9,0,47.8,3.3,97.82,6453.71,8842.88,23.97,0.347,4.3,27,1,0,8.8,1
44,12,1115,0.1,11,10,7,89.2,8.0,68.73,233844.16,5602.65,27.31,0.249,6.7,20,1,1,65.7,1
25,46,1107,0.008,22,0,8,99.3,7.3,30.49,227452.54,3409.35,36.07,0.018,7.6,30,0,0,0.6,1
26,23,804,0.389,14,4,3,13.4,7.9,70.06,299361.27,902.21,91.43,0.184,5.5,7,1,0,41.2,1
17,4,35,0.139,3,1,6,17.0,4.6,81.65,161849.74,3910.03,33.9,0.052,12.2,6,0,0,66.0,1
29,74,1367,0.471,13,3,3,84.7,2.7,13.85,478028.34,5183.09,44.7,0.141,13.4,20,1,1,20.4,1
43,19,1124,0.443,15,6,6,29.3,0.1,17.88,324999.7,6687.79,40.96,0.098,0.7,13,1,1,98.4,1
7,67,1542,0.094,27,3,6,70.7,4.5,28.09,69513.13,2010.03,34.18,0.213,14.6,16,0,1,27.0,1
12,58,1638,0.305,6,10,7,53.9,3.4,53.61,283783.15,9449.95,88.52,0.382,10.4,7,0,0,42.6,1
48,51,824,0.315,1,3,4,24.7,7.4,93.14,356392.54,1858.34,18.16,0.439,16.2,25,1,1,88.2,1
8,40,1365,0.439,25,6,1,30.1,0.2,92.08,294166.15,463.95,88.7,0.085,14.4,21,0,1,26.5,1
34,72,378,0.121,23,9,1,46.8,4.4,47.78,7925.07,8271.18,24.89,0.342,15.1,5,1,1,73.7,1
31,19,108,0.232,1,8,1,21.2,6.2,87.75,225999.05,5018.95,37.81,0.023,18.2,23,0,1,82.7,1
26,26,1258,0.049,27,4,8,3.8,4.8,10.96,479720.25,6073.31,18.04,0.399,8.0,11,0,1,82.9,1
32,21,1777,0.053,20,4,1,66.6,5.4,92.1,415493.7,2860.02,59.26,0.324,12.9,6,0,0,3.0,1
35,38,1953,0.29,21,5,1,88.5,6.9,21.3,16203.39,7619.02,12.78,0.242,19.0,19,1,0,25.4,1
28,57,355,0.485,13,6,0,70.2,6.5,23.25,224301.27,8504.1,91.95,0.482,12.0,27,0,0,39.3,1
46,53,1928,0.415,13,4,0,42.9,3.1,44.36,222949.0,2688.32,36.07,0.453,1.4,20,0,0,93.3,1
26,65,579,0.081,23,5,6,60.1,3.6,99.54,41561.05,591.57,57.64,0.468,10.6,26,0,1,54.9,1
5,33,919,0.35,20,6,5,47.7,7.3,73.0,90238.3,2619.47,99.4,0.08,2.8,2,1,0,38.5,1
18,1,996,0.255,12,10,4,29.0,1.4,58.83,382176.97,6580.11,56.95,0.293,13.8,11,1,1,45.4,1
6,41,487,0.332,20,8,2,19.0,1.8,70.72,442860.41,4842.95,44.54,0.109,13.0,18,1,0,48.9,1
4,51,1338,0.182,9,5,5,5.6,7.3,7.5,236065.73,1036.74,99.33,0.424,2.6,26,1,0,57.9,1
41,56,1814,0.02,27,3,5,87.3,3.1,68.75,315219.18,6086.42,81.54,0.077,16.4,20,1,1,70.8,1
27,7,1421,0.254,26,10,6,50.9,7.6,84.64,354970.39,3266.47,47.45,0.136,2.2,19,0,0,74.9,1
42,31,354,0.068,30,7,8,73.8,1.7,63.06,146388.24,609.37,55.57,0.159,15.7,20,1,1,20.2,1
49,22,1220,0.269,16,6,4,56.4,6.3,20.54,400076.43,3836.19,47.41,0.201,1.7,21,0,0,99.5,1
7,63,1168,0.209,6,0,4,47.2,7.9,13.36,71179.64,5202.88,50.47,0.177,18.4,9,1,1,58.1,1
29,15,1504,0.265,17,2,7,9.6,3.6,35.4,306892.14,3126.09,85.51,0.029,19.0,16,1,0,66.4,1
2,79,1283,0.489,15,0,1,93.6,0.2,48.08,227107.27,3948.1,54.55,0.005,18.7,19,0,0,33.9,1
13,68,255,0.44,19,6,2,31.8,2.8,9.66,494291.82,1325.79,66.18,0.198,17.4,10,1,1,85.0,1
37,45,771,0.034,10,10,5,11.3,2.7,62.75,169083.66,4455.86,38.0,0.457,13.4,13,1,0,2.9,1
27,22,1272,0.475,8,0,7,6.8,5.9,9.08,469058.4,194.88,15.28,0.346,17.2,17,1,1,6.1,1
35,80,173,0.251,4,3,5,57.1,7.5,75.73,369289.58,4202.12,11.38,0.059,13.1,4,0,1,29.7,1
37,42,44,0.11,19,9,4,14.9,2.1,68.06,293775.34,5027.79,57.67,0.194,10.4,23,0,0,76.6,1
33,35,1061,0.129,2,5,4,34.5,5.2,24.1,478592.75,8664.65,73.82,0.238,19.7,2,0,0,64.6,1
30,67,543,0.24,15,6,8,20.7,4.5,22.05,347943.9,7535.56,59.48,0.313,13.7,1,1,0,56.3,1
27,22,530,0.194,7,5,8,16.0,5.1,86.79,80497.38,4686.18,31.97,0.036,15.2,8,1,0,26.8,1
5,27,1825,0.073,24,9,5,87.1,0.0,87.18,306482.5,4629.6,41.72,0.341,2.7,15,1,1,59.8,1
18,64,846,0.28,30,9,0,28.9,4.6,19.47,471184.67,2008.65,65.94,0.036,3.8,24,0,1,96.6,1
11,17,1666,0.223,21,5,5,58.4,1.2,15.36,465138.92,9719.3,12.12,0.283,13.4,21,0,0,16.5,1
2,30,1178,0.352,27,5,3,25.6,4.2,10.85,442657.97,3423.64,78.69,0.063,17.1,28,0,1,89.4,1
47,23,1953,0.022,26,10,5,31.6,3.4,86.94,481208.65,4312.48,15.82,0.091,2.7,7,0,1,31.5,1
19,71,1192,0.291,19,6,6,56.4,4.9,82.46,131266.62,2624.0,36.59,0.486,18.4,22,1,1,80.0,1
41,73,1273,0.107,5,3,4,77.6,2.2,63.8,179214.27,2042.46,69.82,0.064,17.4,11,0,0,69.3,1
41,57,770,0.358,13,0,5,96.6,1.5,4.63,413307.01,8085.36,92.4,0.127,9.1,29,0,1,50.9,1
24,9,1381,0.186,8,6,5,55.4,3.5,5.6,61162.12,1504.19,20.08,0.015,5.8,24,0,0,49.7,1
39,64,962,0.036,21,3,4,8.1,7.7,72.6,369925.18,7591.41,76.57,0.378,14.3,1,0,1,58.8,1
5,33,342,0.021,5,8,3,36.5,7.4,43.87,494054.16,7659.62,95.14,0.16,7.2,14,0,0,72.6,1
17,40,1949,0.304,17,10,6,74.9,4.7,83.69,250946.36,5809.61,16.36,0.321,0.3,2,1,1,48.0,1
17,36,424,0.057,6,9,0,78.5,1.5,1.4,280744.11,8972.14,51.52,0.222,9.3,3,0,0,46.9,1
2,78,389,0.076,29,10,0,23.5,2.3,39.12,74584.35,1976.97,46.49,0.089,0.7,10,0,1,20.2,1
47,66,554,0.029,3,5,2,29.5,1.1,83.98,145368.33,6548.36,94.93,0.432,12.8,14,1,1,30.6,1
37,70,831,0.148,21,1,1,4.7,5.6,76.28,408873.04,5630.77,23.37,0.348,8.1,28,0,1,67.4,1
30,11,736,0.489,26,9,5,35.7,7.5,41.84,460502.67,4302.08,22.52,0.282,2.4,9,0,0,46.6,1
18,76,539,0.395,5,4,2,77.6,2.1,12.12,194340.12,4227.64,83.8,0.072,5.7,22,1,1,16.9,1
40,48,2000,0.343,7,6,7,53.1,2.5,4.1,354169.54,1881.45,20.08,0.229,16.4,13,1,0,6.9,1
50,24,265,0.351,18,7,0,8.9,7.3,97.64,238858.06,9825.24,39.05,0.037,6.5,17,0,0,25.6,1
15,30,1216,0.229,6,6,4,33.9,3.3,92.95,209976.07,237.44,72.89,0.374,17.5,7,0,1,8.8,1
38,77,568,0.014,24,6,6,69.1,3.5,59.28,276318.89,1766.75,20.02,0.093,15.3,10,0,0,70.4,1
8,43,554,0.271,16,4,0,39.4,2.7,54.26,373435.06,6664.03,48.85,0.457,1.4,12,0,1,14.6,1
23,38,900,0.169,26,1,2,24.8,1.3,77.37,367352.66,9417.17,28.06,0.057,5.7,16,1,0,37.1,1
35,1,1908,0.248,13,4,7,60.7,4.5,70.37,413410.77,5959.55,52.14,0.05,0.1,17,1,0,85.3,1
50,67,163,0.387,7,7,3,80.4,6.0,21.41,208702.6,6007.69,50.79,0.071,10.8,20,1,0,20.5,1
48,19,327,0.271,14,0,8,20.9,5.6,95.03,430205.81,2265.6,72.56,0.018,6.1,22,0,1,43.0,1
31,45,317,0.182,1,2,6,41.1,7.4,79.86,427113.2,2055.74,70.4,0.302,1.9,12,0,1,64.1,1
48,12,1501,0.37,26,2,4,50.6,0.6,82.2,53950.3,9788.62,78.0,0.002,0.3,6,1,0,67.5,1
1,38,366,0.046,24,5,6,42.9,1.9,65.72,185052.29,3263.77,22.32,0.423,19.8,23,1,0,69.5,1
17,25,126,0.271,21,3,0,45.1,6.4,8.11,17849.23,1243.26,63.98,0.343,16.2,18,1,1,22.9,1
26,60,337,0.47,2,6,7,45.8,0.6,14.78,139404.0,4681.34,75.54,0.15,16.8,8,0,1,53.3,1
22,30,1258,0.191,13,4,0,80.9,6.2,56.88,415680.78,9056.28,97.65,0.472,18.4,12,1,0,87.1,1
28,40,1610,0.18,27,3,7,74.1,7.6,31.93,35848.71,9392.63,98.79,0.411,5.6,3,1,0,53.1,1
26,58,212,0.327,14,5,3,82.5,0.8,51.64,422985.19,4020.65,77.34,0.03,1.8,17,0,0,20.7,1
2,41,642,0.378,23,4,5,63.7,3.8,40.54,460724.78,6219.6,14.84,0.44,16.1,14,1,1,60.9,1
18,25,1597,0.481,2,4,6,28.9,0.9,78.48,180716.87,3466.05,92.38,0.336,7.8,19,1,0,12.9,1
27,64,1502,0.353,22,9,3,77.1,0.4,64.74,276096.72,1927.95,55.56,0.126,19.5,25,0,1,80.3,1
39,49,1708,0.252,30,1,1,3.9,1.4,53.89,64324.54,7827.72,69.8,0.234,8.6,2,1,1,58.5,1
45,79,268,0.261,23,1,3,48.5,5.8,18.8,82119.58,3884.67,64.99,0.33,4.1,24,1,0,27.9,1
23,58,708,0.428,2,8,0,49.5,3.8,41.62,367272.14,3192.47,56.57,0.224,3.5,15,1,1,70.2,1
28,17,1540,0.078,2,3,4,64.8,2.1,94.04,74693.26,6202.01,62.65,0.079,12.7,7,0,1,23.5,1
32,52,1757,0.116,28,9,5,6.0,6.9,48.12,114381.89,1262.31,62.05,0.126,9.6,26,1,1,52.2,1
49,33,1913,0.198,15,9,5,66.5,3.2,7.56,406554.31,7858.65,52.96,0.293,5.5,15,1,0,31.9,1
33,27,1660,0.371,30,10,8,97.2,3.5,10.01,488861.48,8603.0,63.81,0.335,17.1,24,1,0,28.6,1
11,20,1861,0.041,23,6,0,80.8,3.2,38.25,249819.64,7083.43,87.04,0.083,0.3,15,1,1,60.9,1
49,16,460,0.107,4,5,4,77.3,2.3,81.64,255231.46,5651.56,24.22,0.128,11.7,0,0,0,42.5,1
16,75,364,0.332,14,8,3,46.0,1.2,77.09,152361.2,3943.32,12.7,0.027,0.0,27,1,0,54.8,1
23,17,330,0.336,18,8,6,33.3,3.0,28.77,2421.21,8825.54,50.43,0.021,8.5,29,1,1,0.5,1
4,65,102,0.267,29,7,8,21.6,5.2,32.03,447855.12,2689.17,42.34,0.31,17.0,21,1,1,96.8,1
44,55,766,0.135,29,7,1,18.7,7.6,54.42,338084.1,398.73,95.98,0.301,10.4,12,1,1,81.3,1
39,27,1618,0.04,9,10,1,61.6,1.1,95.47,187667.69,8170.9,23.72,0.289,1.0,5,0,0,97.7,1
8,39,284,0.374,10,10,8,47.2,6.1,2.89,299997.74,1821.59,59.5,0.421,5.0,4,0,1,89.6,1
50,33,1218,0.213,26,1,3,46.4,5.9,95.6,117979.02,3587.73,28.86,0.491,19.9,23,0,0,69.8,1
37,23,1600,0.164,1,7,7,94.7,3.1,62.69,278200.85,5070.98,85.0,0.079,7.3,17,1,1,80.3,1
5,13,1090,0.406,11,4,1,92.1,6.0,71.28,230180.41,839.86,64.71,0.152,12.2,4,1,1,19.8,1
11,47,338,0.107,21,9,3,16.6,7.9,56.89,423965.59,9250.35,14.6,0.3,0.6,25,1,1,82.2,1
38,77,579,0.126,26,1,4,9.0,3.5,59.19,472515.76,204.75,27.01,0.236,0.5,29,1,1,98.2,1
39,43,1733,0.194,23,2,5,6.9,3.8,14.27,392836.76,8002.62,85.46,0.299,15.6,7,1,1,39.8,1
29,6,417,0.334,18,10,1,87.2,3.4,33.43,141801.47,2832.63,13.99,0.461,9.7,28,1,1,45.8,1
30,46,1986,0.073,12,0,0,19.6,7.5,95.08,488617.8,9626.96,37.92,0.248,19.8,1,0,0,39.0,1
9,74,1860,0.464,30,7,5,78.3,1.7,60.17,309395.11,6133.6,85.69,0.198,13.7,25,0,0,87.2,1
15,16,564,0.405,16,3,6,37.2,6.7,39.37,154820.56,4529.1,18.68,0.424,9.8,19,0,1,36.6,1
30,43,1329,0.091,26,5,7,62.9,6.6,53.13,423470.74,6313.7,38.26,0.228,14.2,30,1,1,80.0,1
8,71,1766,0.417,30,2,4,87.0,0.9,19.11,90993.03,825.67,87.91,0.277,18.6,7,0,0,29.3,1
41,69,392,0.327,28,4,6,12.9,7.7,12.52,159573.74,5599.09,63.31,0.361,3.3,1,0,1,44.2,1
1,54,1689,0.249,26,4,1,54.7,2.5,72.26,263020.61,4345.51,60.54,0.235,8.3,3,1,0,38.1,1
28,71,941,0.25,23,8,8,27.7,1.6,73.11,40768.33,8687.57,41.96,0.091,0.3,1,1,1,60.9,1
42,73,1184,0.306,29,10,0,74.5,7.8,9.95,69220.26,7299.95,95.73,0.318,3.9,22,1,1,68.1,1
10,62,252,0.457,22,8,6,6.0,5.2,78.77,300896.26,227.21,72.48,0.318,7.2,15,1,1,67.7,1
8,38,177,0.106,3,5,5,91.4,7.9,61.62,443465.78,3328.81,31.36,0.297,12.5,14,0,0,52.7,1
41,2,1532,0.292,10,7,8,15.3,7.6,62.0,416433.64,656.86,91.63,0.016,17.2,16,1,1,35.5,1
2,80,900,0.055,30,8,3,5.6,2.8,23.87,35887.65,3305.85,61.42,0.4,14.6,27,1,1,41.3,1
46,59,1272,0.19,8,6,5,15.2,2.0,41.64,164065.47,147.49,79.62,0.393,15.9,30,0,1,0.6,1
14,0,1157,0.464,12,10,4,9.7,1.0,57.48,121680.55,5925.36,92.31,0.153,8.5,6,0,0,2.9,1
31,35,182,0.003,27,6,6,70.5,4.4,66.16,425415.02,7814.01,96.96,0.066,7.8,12,0,0,31.8,1
45,22,938,0.065,17,4,5,68.4,6.7,35.05,401955.9,698.98,52.86,0.245,11.8,9,0,1,89.8,1
31,19,1845,0.362,25,6,7,19.8,7.7,15.54,55120.35,4043.86,99.78,0.152,18.6,17,0,1,68.6,1
35,13,1756,0.456,16,0,6,12.4,3.2,3.06,385248.96,6969.51,64.07,0.284,3.3,14,1,1,37.8,1
36,35,85,0.339,29,1,2,85.0,3.6,55.63,451797.21,8734.33,27.69,0.373,3.7,2,1,1,70.9,1
22,53,967,0.283,16,5,6,55.6,4.1,17.32,5183.68,7827.54,27.05,0.005,16.3,5,0,1,94.5,1
23,39,316,0.226,7,1,0,8.0,2.3,26.44,47040.41,9668.14,65.56,0.06,8.0,13,0,1,4.0,1
15,41,230,0.312,11,9,3,4.5,6.0,85.43,2046.22,2128.08,13.39,0.438,3.2,7,0,1,1.1,1
37,53,1953,0.307,9,2,2,7.7,6.7,11.35,151455.88,3574.22,78.34,0.36,2.3,22,1,1,27.4,1
23,69,43,0.231,22,2,6,28.0,0.4,15.89,322373.96,5384.66,33.94,0.219,9.5,14,1,0,47.4,1
24,70,1154,0.389,10,6,8,21.8,4.5,12.04,414796.43,4948.33,49.48,0.234,10.4,16,0,0,49.8,1
39,28,824,0.383,5,6,3,43.2,2.0,45.05,201923.6,5752.73,29.55,0.311,1.8,21,1,1,58.9,1
50,32,1208,0.418,30,1,1,38.9,6.5,52.96,411831.18,1911.02,92.17,0.282,3.7,21,1,0,12.4,1
5,33,264,0.209,14,5,4,93.2,2.7,16.82,497143.2,2215.31,12.19,0.362,14.7,15,1,1,33.8,1
11,60,647,0.305,22,9,0,64.3,5.1,32.24,258934.13,865.36,57.12,0.188,5.0,20,0,1,68.2,1
4,77,876,0.333,2,6,4,12.7,6.7,65.37,6329.08,7254.86,20.38,0.191,15.1,16,0,1,26.3,1
4,1,1883,0.124,17,4,3,15.2,0.7,33.84,399432.97,1955.55,39.42,0.437,4.5,3,0,1,35.0,1
5,74,1396,0.308,28,1,6,40.1,3.9,16.68,287330.73,5329.21,65.4,0.322,4.9,14,0,1,86.7,1
33,40,1974,0.441,5,4,2,96.9,5.2,41.03,28874.16,2491.38,83.16,0.494,18.8,21,1,0,23.4,1
6,36,1333,0.144,9,2,4,85.3,5.0,71.09,325778.19,7621.94,81.02,0.105,16.9,8,1,1,62.6,1
49,75,202,0.458,9,4,2,38.1,6.2,21.6,308922.12,2458.35,55.02,0.07,17.3,8,1,1,37.2,1
46,13,1137,0.451,6,10,5,75.7,7.8,67.14,85746.37,1333.08,27.67,0.371,18.8,20,0,0,6.5,1
30,44,1680,0.343,20,5,0,27.0,0.2,39.69,183332.52,8337.4,17.3,0.185,7.7,17,1,0,68.3,1
14,63,1097,0.464,11,5,1,99.0,7.8,40.54,341405.5,9481.45,78.47,0.498,0.5,4,0,1,52.4,1
19,56,1064,0.33,24,4,4,62.4,5.0,65.46,285639.25,7276.05,74.27,0.124,15.5,25,0,1,89.2,1
45,5,74,0.432,10,1,5,85.6,2.7,33.85,146241.39,5838.51,76.0,0.297,4.0,0,1,0,84.7,1
50,29,1457,0.135,15,9,8,10.4,1.3,35.83,327353.07,1639.46,25.58,0.083,18.7,24,1,0,77.2,1
31,31,1209,0.143,8,6,5,98.8,7.9,18.14,189482.34,1786.24,76.65,0.38,0.1,12,0,0,46.1,1
19,50,990,0.022,19,3,1,13.7,4.7,38.83,166410.0,376.94,16.31,0.329,11.4,25,0,1,46.3,1
46,17,522,0.207,25,10,4,53.9,4.4,37.32,55150.22,1672.48,37.07,0.451,6.8,24,1,1,72.2,1
35,43,611,0.406,5,1,5,27.0,6.9,34.47,73341.77,756.98,87.3,0.034,0.7,24,1,0,93.5,1
16,76,1958,0.163,10,7,4,15.6,0.4,86.98,85039.3,7437.29,79.98,0.345,4.4,4,0,0,53.8,1
12,9,1710,0.103,30,3,0,44.0,4.6,36.34,55604.3,9685.26,62.16,0.062,14.5,29,0,0,38.1,1
12,36,742,0.432,28,10,1,61.2,7.7,39.89,229672.11,3244.89,17.38,0.088,15.3,15,0,0,15.8,1
41,28,1879,0.484,24,1,4,79.8,7.8,52.69,471468.8,2316.76,13.36,0.163,16.9,26,1,0,13.0,1
30,52,1924,0.192,15,1,0,5.4,6.0,49.96,299888.09,6986.99,93.37,0.291,11.9,7,1,0,32.8,1
40,19,1852,0.419,29,10,8,79.2,6.9,93.25,391710.21,9082.13,67.28,0.127,13.8,10,1,0,4.7,1
47,50,1895,0.047,8,5,7,46.8,0.4,78.92,97188.07,9135.57,81.77,0.406,18.0,23,1,1,82.1,1
47,64,1264,0.287,11,1,2,31.6,2.3,57.22,165634.9,8966.07,68.88,0.416,4.0,1,1,0,31.9,1
12,58,1812,0.135,10,4,1,13.1,2.1,97.03,165082.92,5673.66,81.68,0.195,7.7,19,0,1,57.8,1
49,63,1744,0.354,9,8,1,13.3,6.8,64.53,351828.29,9855.86,94.23,0.356,14.9,20,0,0,22.1,1
43,27,1706,0.398,6,1,6,61.2,3.9,46.93,7784.19,7856.19,21.28,0.255,17.5,26,1,0,48.0,1
11,21,113,0.013,28,3,1,60.7,7.8,84.11,26415.1,8219.13,76.1,0.089,12.3,27,0,1,43.7,1
7,6,450,0.226,23,3,2,55.9,7.4,4.42,304087.31,4095.61,81.71,0.062,19.5,29,0,1,42.8,1
13,56,484,0.473,29,10,5,15.4,7.1,55.43,116699.54,6614.06,43.23,0.21,13.4,2,0,1,46.9,1
42,45,740,0.362,6,0,6,41.9,0.9,39.99,133876.63,9527.29,88.1,0.404,16.1,27,0,0,68.0,1
5,19,323,0.129,22,4,1,3.4,2.8,6.28,20899.63,670.14,21.89,0.415,6.7,27,1,1,83.6,1
14,27,610,0.188,10,3,4,53.4,6.2,11.99,451211.89,7587.82,45.02,0.206,3.2,15,0,0,44.3,1
26,24,711,0.184,30,4,6,23.2,0.8,88.72,108334.3,2500.5,98.85,0.368,7.0,28,1,1,88.7,1
41,1,153,0.227,14,0,5,95.7,2.9,43.15,66338.92,5629.48,77.13,0.062,13.8,0,1,0,54.2,1
26,58,886,0.24,12,10,1,61.9,6.3,33.79,196579.08,1418.21,43.15,0.101,4.5,0,1,0,15.2,1
48,9,939,0.306,25,1,4,5.3,4.2,29.21,141892.43,2044.42,93.53,0.262,18.0,0,1,0,8.4,1
3,47,543,0.083,12,2,8,53.6,7.8,12.09,313344.93,696.72,62.22,0.359,19.3,20,1,1,92.3,1
8,66,316,0.271,9,4,2,32.3,4.8,1.32,250383.27,2226.25,30.5,0.063,2.4,11,0,0,38.6,1
17,71,987,0.294,16,9,7,53.0,5.1,96.73,405246.57,8777.13,35.41,0.309,6.0,24,0,1,45.3,1
50,0,1587,0.259,7,4,2,46.9,4.9,61.08,333374.74,189.72,34.5,0.374,14.0,11,0,1,28.2,1
45,24,285,0.218,8,3,2,92.8,2.2,14.22,256343.38,8940.87,90.17,0.115,17.0,19,0,1,73.6,1
6,65,310,0.496,22,0,6,15.5,7.6,90.04,370444.94,300.02,41.22,0.397,8.1,25,0,0,57.8,1
15,74,719,0.377,27,5,0,45.7,6.7,86.57,409381.68,6203.44,16.23,0.288,18.5,14,0,1,81.1,1
22,2,1106,0.236,9,7,4,75.4,5.6,65.21,156161.2,7897.64,78.89,0.273,1.9,26,1,1,40.4,1
42,39,320,0.047,28,2,6,5.5,4.4,22.91,463460.3,709.14,55.94,0.5,0.8,18,0,1,40.0,1
41,34,811,0.33,17,2,3,6.2,0.5,5.53,464675.61,5013.47,94.14,0.019,0.8,0,0,0,38.4,1
19,50,1123,0.021,14,8,2,86.5,6.3,56.05,107611.88,1090.31,19.17,0.027,15.0,10,1,0,58.7,1
5,17,1268,0.134,23,1,1,28.2,7.8,24.49,418634.99,3677.9,40.79,0.439,2.0,14,0,0,28.5,1
2,36,1944,0.487,27,2,5,8.5,2.9,78.05,86302.89,3878.47,89.42,0.48,3.1,14,1,1,46.1,1
31,4,1050,0.439,29,10,6,5.2,0.1,45.86,127099.16,3484.92,50.91,0.347,3.4,13,0,1,42.3,1
47,51,73,0.087,3,1,5,98.0,2.5,20.51,481645.37,7029.41,15.93,0.394,13.9,5,1,0,50.9,1
19,44,1679,0.143,18,10,1,11.5,2.2,93.95,387358.63,522.17,70.72,0.236,14.8,11,0,0,17.5,1
1,19,1388,0.273,6,4,2,68.2,5.8,62.0,279416.06,5888.91,11.58,0.218,9.7,9,0,1,58.1,1
35,42,1866,0.272,22,8,5,21.6,7.6,52.87,472224.43,8014.87,41.28,0.21,3.5,26,0,1,23.2,1
11,28,25,0.139,25,0,4,11.9,6.8,94.92,68759.03,5946.59,94.81,0.43,19.9,25,1,1,9.0,1
34,12,612,0.298,18,8,4,5.0,3.0,45.23,75685.0,2127.28,89.69,0.336,2.0,0,0,0,51.3,1
5,26,466,0.139,24,5,0,35.3,0.4,33.24,25723.97,7166.48,60.99,0.194,14.5,7,0,0,5.5,1
35,3,1776,0.221,8,9,5,61.2,3.6,12.73,56164.65,9734.8,56.47,0.114,14.9,3,0,1,63.9,1
42,10,254,0.135,19,10,6,64.1,1.8,36.17,472584.96,4281.95,19.92,0.235,3.2,2,1,0,84.1,1
34,36,579,0.174,24,2,1,90.7,5.3,76.33,47252.53,3797.48,55.38,0.387,15.6,13,1,0,27.2,1
16,34,369,0.129,5,7,8,46.0,2.4,94.09,311522.92,3440.04,52.36,0.141,3.6,28,1,1,3.1,1
30,80,900,0.032,3,5,4,94.1,0.4,64.14,306125.95,9811.78,27.57,0.427,14.8,24,1,0,68.1,1
31,58,1038,0.289,11,6,0,83.0,6.4,41.69,222084.12,8537.54,26.66,0.381,5.9,28,0,0,41.7,1
31,0,1280,0.312,1,9,2,83.9,5.4,37.09,373471.52,2118.96,86.08,0.252,19.2,3,1,1,27.9,1
16,79,1162,0.33,11,0,0,31.0,7.1,62.44,16422.57,6845.41,62.43,0.341,4.6,2,0,0,60.5,1
15,57,432,0.405,17,4,8,87.0,6.9,54.05,42923.24,4506.64,88.5,0.327,2.0,8,1,1,95.0,1
5,50,417,0.149,15,10,2,85.0,3.9,89.7,425114.78,2243.43,54.99,0.329,16.4,7,0,1,14.5,1
30,51,856,0.024,2,7,7,37.5,6.7,56.75,350662.45,2363.66,50.34,0.359,15.3,25,0,1,79.2,1
9,25,256,0.119,19,1,3,90.2,2.8,48.89,8217.51,3003.93,23.75,0.414,18.1,15,1,1,11.0,1
35,12,210,0.308,3,10,3,71.8,6.2,93.22,29931.77,9062.89,24.4,0.314,5.8,18,1,1,84.6,1
39,64,1614,0.064,18,2,3,72.4,6.3,22.41,442277.87,6706.96,63.66,0.259,5.9,2,0,1,48.7,1
45,7,525,0.125,16,10,1,93.9,1.8,57.49,171752.46,2221.67,13.58,0.154,15.1,19,1,1,8.2,1
26,19,925,0.161,21,5,1,37.7,7.7,85.95,206630.56,8077.24,93.81,0.258,11.1,9,0,1,52.6,1
32,47,923,0.359,27,9,2,53.1,2.6,10.74,334940.13,4631.52,19.75,0.058,17.2,23,1,0,89.6,1
48,18,780,0.361,2,1,4,41.9,3.2,37.28,421288.73,2354.19,13.72,0.411,8.2,30,0,1,99.5,1
44,21,791,0.105,1,5,0,24.1,1.2,91.71,88077.15,530.68,73.68,0.359,11.9,25,0,1,15.2,1
8,14,1309,0.497,4,7,2,99.5,7.9,15.99,62533.96,5693.85,88.99,0.169,11.6,4,0,0,17.1,1
46,6,394,0.078,24,0,5,36.4,2.0,93.8,226232.35,9571.88,70.69,0.242,2.4,0,0,1,62.6,1
42,72,476,0.361,11,7,8,43.0,1.6,64.74,253998.87,3163.12,42.87,0.23,1.0,30,0,1,5.2,1
49,65,1575,0.162,29,1,3,77.5,5.3,19.24,440655.94,5830.74,25.96,0.076,15.4,14,1,0,43.1,1
24,62,1149,0.033,14,4,5,42.2,4.5,79.14,212315.05,3620.5,90.22,0.25,12.7,9,0,1,53.3,1
32,28,204,0.082,23,5,0,53.9,4.9,10.86,325279.83,9727.31,52.95,0.239,7.8,9,0,1,10.5,1
42,34,842,0.385,14,8,3,94.8,3.0,68.94,69471.92,4102.28,99.93,0.042,14.1,0,1,0,35.8,1
26,51,1942,0.481,25,7,7,33.4,5.7,49.11,124563.58,1775.84,73.94,0.12,5.3,30,0,1,20.9,1
42,6,1416,0.416,25,4,0,37.7,1.6,28.42,313350.23,9846.07,44.49,0.346,13.8,26,0,1,87.5,1
25,5,982,0.272,4,0,5,62.9,4.8,74.74,458868.37,360.11,78.66,0.291,11.2,19,0,1,86.9,1
12,47,1129,0.186,19,10,6,26.5,6.9,79.54,34183.58,5991.19,35.28,0.425,13.0,0,1,1,71.0,1
18,0,177,0.348,25,1,5,43.6,5.9,97.08,48812.4,6992.17,54.19,0.475,2.4,8,1,1,97.2,1
35,49,1651,0.192,4,7,3,70.4,4.3,34.31,407258.97,2898.56,84.68,0.411,8.7,9,1,1,59.7,1
25,72,547,0.28,30,0,6,35.7,5.7,74.33,354403.62,4277.26,78.51,0.356,8.5,13,0,1,93.0,1
5,48,1406,0.148,24,6,8,10.7,8.0,18.3,42560.15,7648.93,88.95,0.186,8.3,11,1,0,81.5,1
7,6,1400,0.076,2,0,4,92.8,4.3,52.3,34151.41,589.73,50.92,0.031,4.4,14,0,0,35.3,1
48,33,1908,0.168,14,2,1,36.8,6.5,24.25,315567.93,8465.57,40.0,0.124,5.6,24,0,1,26.3,1
21,12,511,0.079,22,10,3,68.0,4.8,93.14,33552.45,8465.58,40.63,0.32,4.6,27,0,0,28.0,1
32,66,74,0.422,24,6,2,44.1,2.9,86.04,136248.08,5541.15,63.17,0.032,13.9,12,1,1,22.1,1
17,35,1788,0.435,27,10,8,37.1,4.1,76.85,47343.77,68.02,80.08,0.064,18.7,5,1,1,42.3,1
5,80,1641,0.026,21,3,1,62.3,3.3,54.95,262315.69,8608.56,65.05,0.225,6.4,7,1,0,31.8,1
32,10,490,0.066,14,3,3,51.6,6.2,21.84,141417.95,581.95,29.65,0.4,7.2,14,1,1,92.4,1
4,79,1322,0.343,4,1,6,56.9,5.9,36.16,498694.72,2392.05,57.99,0.144,12.5,30,0,0,23.5,1
14,61,331,0.251,14,2,2,81.9,0.5,97.95,307473.39,6739.45,47.82,0.447,1.1,8,1,1,91.1,1
37,54,1609,0.223,23,3,1,31.0,1.1,15.42,379123.5,8839.53,59.0,0.163,18.7,11,0,1,72.6,1
39,31,1554,0.172,27,4,7,88.4,3.7,89.66,353301.65,139.44,99.93,0.074,7.1,28,0,0,70.3,1
37,64,1361,0.265,30,8,2,57.8,1.1,14.65,105808.17,3663.97,99.84,0.424,8.1,12,0,1,80.8,1
18,45,709,0.113,11,8,2,41.0,0.9,21.62,236991.32,9476.11,39.37,0.302,7.0,20,0,1,25.2,1
48,34,420,0.237,16,7,6,87.3,7.3,47.69,39881.85,8363.19,12.97,0.412,6.1,0,0,1,42.2,1
37,16,1249,0.111,10,7,4,33.2,1.4,31.09,378515.86,3827.97,85.83,0.172,16.2,3,0,0,7.8,1
28,13,1173,0.101,5,6,6,53.7,2.8,91.15,261807.77,621.87,52.93,0.146,7.6,27,1,0,48.7,1
11,52,1740,0.314,14,5,4,89.7,2.2,74.67,83875.95,6271.82,87.15,0.199,7.4,22,1,0,58.3,1
14,54,535,0.222,27,2,7,35.6,2.7,60.99,94681.9,3304.06,62.1,0.336,15.0,5,1,0,26.5,1
49,50,770,0.241,8,0,8,32.1,3.8,22.39,257749.16,4261.91,68.19,0.154,3.1,21,0,1,48.3,1
13,17,966,0.462,9,10,0,33.4,3.7,98.98,363365.07,2999.09,22.15,0.277,13.3,29,1,0,99.0,1
7,24,876,0.41,1,2,4,78.8,1.8,6.0,488653.77,90.45,51.54,0.43,0.5,13,0,0,53.1,1
35,24,1891,0.343,11,2,8,13.5,3.8,70.29,5057.77,5659.92,27.96,0.226,17.8,17,1,0,85.2,1
20,51,834,0.205,6,9,2,96.5,0.7,36.89,197856.58,3312.69,21.51,0.124,2.0,6,1,0,66.2,1
14,21,1647,0.371,15,7,4,79.7,1.8,59.49,178605.81,8632.51,88.61,0.32,17.4,9,1,1,95.8,1
27,27,1110,0.295,3,3,1,66.8,6.7,40.16,211653.93,7166.12,47.37,0.093,18.6,3,0,1,25.3,1
36,46,707,0.278,24,10,6,13.9,7.9,88.24,207769.77,2980.49,82.8,0.488,8.2,9,1,1,94.4,1
44,2,1463,0.244,10,9,4,90.7,4.5,30.73,308608.78,6335.5,93.48,0.241,0.7,6,0,1,27.4,1
33,30,1835,0.116,17,2,8,84.6,4.5,91.18,192101.48,8783.56,45.91,0.157,4.1,22,1,0,67.5,1
28,20,1615,0.109,4,0,3,38.1,7.9,67.95,394802.99,2586.75,81.13,0.336,10.7,26,1,1,36.0,1
37,56,1963,0.385,19,6,6,67.0,1.3,76.67,115179.11,8236.85,27.69,0.389,10.0,23,1,0,40.3,1
44,61,1447,0.2,23,1,2,74.2,0.2,8.34,345642.27,914.19,51.73,0.045,14.1,20,0,1,82.4,1
47,37,405,0.443,1,10,5,51.1,4.5,37.06,30479.57,135.6,91.54,0.465,15.2,6,1,1,92.1,1
36,54,145,0.294,15,9,0,17.7,5.6,75.55,476528.35,7540.18,65.58,0.039,6.3,26,0,0,26.0,1
28,45,1235,0.282,2,1,3,25.4,2.2,1.63,168474.4,8882.11,61.3,0.313,8.4,2,0,1,33.0,1
50,79,1784,0.017,30,0,4,84.2,1.6,70.32,400461.95,4804.53,41.77,0.152,12.0,2,1,0,55.7,1
26,53,1388,0.226,21,7,0,97.7,5.0,98.5,431608.18,5584.4,75.5,0.084,1.9,28,1,0,89.8,1
12,43,1024,0.314,18,8,6,80.5,1.4,15.83,193201.1,5997.91,97.12,0.335,17.6,0,1,1,61.7,1
36,5,203,0.168,23,2,3,35.1,6.1,89.33,499082.13,2700.16,41.96,0.112,6.8,1,1,1,31.6,1
25,18,140,0.47,29,0,3,14.8,1.1,10.25,411144.12,5375.2,62.25,0.283,0.1,24,1,0,1.1,1
42,13,137,0.073,30,8,3,72.7,0.3,91.08,104461.47,9055.33,49.69,0.289,13.8,18,1,0,83.3,1
12,65,423,0.243,9,9,7,14.7,0.2,40.98,135950.9,2013.21,92.82,0.115,7.4,6,1,0,35.9,1
34,43,1442,0.415,4,3,0,85.2,4.2,10.28,246406.65,3168.44,35.82,0.475,12.9,14,1,1,72.9,1
44,38,1302,0.196,9,8,2,85.8,0.0,95.24,142271.4,3745.07,91.11,0.407,9.7,21,1,0,17.7,1
21,65,986,0.174,24,8,0,31.8,6.5,9.23,386823.89,6078.48,35.42,0.392,16.8,17,0,0,43.8,1
23,68,420,0.144,29,0,4,99.6,1.7,15.34,373097.26,6471.07,48.23,0.049,16.1,12,0,0,66.5,1
42,13,750,0.355,15,0,8,93.8,1.6,31.94,347705.12,7526.47,65.46,0.448,18.6,11,1,1,75.2,1
42,21,56,0.464,13,5,2,93.8,3.2,17.51,291000.36,8738.05,49.89,0.257,0.3,22,0,0,51.7,1
24,0,409,0.233,4,5,5,29.1,4.5,10.59,376214.76,4345.07,64.76,0.47,1.4,22,1,0,96.4,1
6,6,594,0.331,27,3,5,73.1,7.3,13.47,465128.53,8245.97,39.87,0.327,1.5,29,0,0,95.3,1
36,19,1592,0.003,5,7,0,16.9,3.9,56.7,5336.26,3479.99,44.82,0.071,19.4,25,0,1,86.8,1
30,43,1247,0.479,23,2,0,87.7,6.4,24.08,213796.77,5111.54,58.95,0.401,15.7,15,1,1,44.5,1
34,55,875,0.469,16,4,5,26.7,5.8,3.66,368598.15,8940.62,35.81,0.382,13.6,17,0,0,60.2,1
40,35,388,0.355,29,2,4,12.1,4.0,21.3,244608.8,3167.53,80.55,0.296,9.3,29,0,0,29.1,1
37,49,1707,0.303,15,6,1,96.7,3.3,16.55,186154.85,9024.82,57.35,0.41,7.6,7,0,0,36.6,1
15,47,1521,0.148,24,6,1,19.9,4.2,68.72,421779.41,6625.59,27.25,0.392,4.1,2,1,0,43.4,1
32,19,1203,0.225,19,2,1,49.7,6.8,61.12,108178.98,6778.62,62.8,0.37,19.1,10,1,0,95.8,1
15,46,1434,0.165,16,0,0,29.8,0.8,61.49,220247.15,1611.8,82.87,0.131,18.8,16,0,0,75.1,1
46,71,646,0.354,5,3,3,14.4,4.1,79.15,246117.21,763.25,10.35,0.187,13.2,18,1,1,28.7,1
31,74,1040,0.05,26,3,1,32.7,5.8,17.57,171288.71,400.35,57.97,0.086,11.9,3,1,0,42.2,1
15,22,651,0.179,19,5,5,36.7,0.2,36.66,372382.91,7907.27,30.54,0.386,12.5,15,1,1,10.8,1
30,5,1614,0.068,4,5,8,22.7,6.3,70.71,226149.28,9490.51,47.94,0.387,0.4,11,0,1,16.9,1
15,39,676,0.115,19,5,3,93.3,3.4,77.95,286456.59,5173.43,82.57,0.373,7.2,10,0,1,15.7,1
18,80,714,0.445,15,5,8,15.2,1.8,42.17,58364.14,1440.09,17.29,0.391,5.6,21,0,1,60.8,1
35,16,1085,0.151,25,0,6,44.4,0.1,25.3,223413.3,8875.35,44.13,0.236,18.5,20,1,0,63.0,1
25,69,688,0.152,23,9,8,44.4,7.9,92.68,384934.73,2313.09,94.91,0.383,12.8,1,0,0,89.7,1
39,63,429,0.398,12,2,0,26.0,3.6,41.13,5553.13,3064.72,30.3,0.498,14.0,11,0,0,27.1,1
23,56,574,0.047,7,4,3,94.2,6.2,99.34,374827.24,8060.81,74.0,0.473,11.8,2,1,0,66.9,1
35,12,1373,0.074,30,6,0,19.2,1.5,63.61,363006.18,8316.24,73.08,0.488,0.4,7,0,1,14.5,1
50,25,379,0.267,14,10,5,41.8,4.2,31.02,484629.68,1408.31,38.6,0.178,14.9,17,0,0,81.2,1
46,24,1252,0.325,8,3,4,41.6,3.1,5.16,83251.01,2606.79,28.75,0.107,16.0,7,1,1,67.2,1
21,47,1132,0.315,30,4,8,85.3,0.8,97.7,451406.68,2646.46,14.89,0.359,13.9,1,0,0,56.4,1
11,54,385,0.018,29,2,1,39.6,6.8,90.9,470115.52,289.22,88.4,0.243,13.2,30,0,0,15.1,1
22,29,1588,0.364,9,0,0,23.7,0.1,69.82,277828.93,6662.28,83.7,0.111,4.9,10,0,0,98.5,1
28,78,1913,0.295,26,6,1,54.2,7.3,79.34,198740.83,5126.64,73.59,0.49,18.1,12,1,0,66.5,1
40,30,1411,0.25,12,3,5,36.0,2.0,19.47,282437.5,8494.93,55.85,0.281,5.4,19,1,1,43.3,1
16,54,534,0.302,18,1,8,44.1,0.1,9.05,297620.98,2103.06,17.31,0.19,7.8,29,1,1,72.6,1
30,43,1855,0.016,15,10,1,17.1,2.1,48.49,156181.96,1435.39,49.33,0.07,9.3,19,1,1,22.0,1
45,80,457,0.087,5,4,3,81.3,5.1,86.32,169554.46,3835.79,33.92,0.361,9.8,8,0,1,53.2,1
28,69,275,0.07,21,5,4,99.8,4.6,47.58,247946.34,6481.65,72.73,0.297,12.7,2,0,1,59.1,1
29,9,507,0.333,15,5,3,46.1,2.1,74.9,309603.54,9295.39,73.42,0.022,16.2,11,0,1,34.7,1
42,59,1252,0.084,29,9,7,43.9,7.3,78.07,375465.96,7522.99,33.05,0.405,12.3,22,1,0,46.1,1
28,70,1688,0.277,14,6,7,23.6,3.8,4.41,318118.76,3547.01,14.92,0.312,4.8,0,0,0,9.2,1
35,34,1409,0.467,19,3,3,53.2,3.8,97.4,128018.88,2473.36,52.23,0.182,12.8,21,1,1,19.0,1
37,68,273,0.247,5,0,2,53.5,3.2,98.46,92914.2,8387.29,79.18,0.314,13.1,11,0,0,42.8,1
3,16,337,0.393,2,10,1,46.2,5.3,26.03,477281.86,9165.2,78.03,0.481,6.6,5,1,1,38.2,1
12,68,126,0.015,4,2,4,33.1,5.6,36.23,252142.42,6831.44,19.63,0.409,5.7,7,1,1,73.2,1
49,27,1787,0.308,25,2,1,40.9,0.1,92.3,115321.04,7546.94,57.6,0.059,16.5,5,0,1,22.5,1
20,44,54,0.086,14,1,3,94.0,7.0,18.25,238408.02,2542.97,25.36,0.294,4.5,1,1,0,57.6,1
1,47,1866,0.389,25,0,7,66.6,5.8,38.5,407331.71,8836.86,10.87,0.119,13.1,30,1,0,17.4,1
4,58,1291,0.354,11,2,5,92.7,5.5,94.52,9203.04,7518.91,71.05,0.091,10.3,6,0,0,92.5,1
17,36,907,0.29,19,5,7,13.6,1.8,83.1,88685.69,827.29,35.45,0.076,9.7,24,1,1,44.5,1
19,9,849,0.41,12,1,7,68.5,2.2,70.28,349546.3,1880.88,47.29,0.44,14.1,5,1,1,17.5,1
13,71,1866,0.115,13,9,8,23.4,5.7,89.36,91670.55,1308.63,53.33,0.015,3.5,23,0,0,70.7,1
6,2,971,0.368,23,9,8,15.5,2.1,7.52,109336.97,5194.47,39.32,0.276,16.0,7,0,0,48.9,1
26,3,81,0.427,27,1,4,58.3,6.5,62.77,165421.77,3815.6,45.29,0.489,19.1,13,1,1,50.4,1
27,72,1714,0.286,28,1,8,39.1,4.7,74.1,481670.63,7369.94,69.29,0.156,15.5,1,1,1,77.2,1
27,47,1511,0.062,15,2,8,17.6,1.6,46.48,153435.06,6401.58,86.62,0.147,0.4,26,1,0,85.7,1
47,43,601,0.119,15,1,1,95.0,6.7,12.87,483455.06,486.8,78.04,0.378,18.5,28,1,0,71.2,1
29,70,1209,0.145,10,8,7,38.1,2.0,55.59,382295.28,9270.07,16.9,0.141,7.1,23,0,1,95.4,1
36,14,1499,0.436,8,3,0,15.8,4.6,29.52,14064.97,4769.71,74.42,0.035,15.8,16,1,0,70.2,1
37,78,1140,0.472,10,4,8,25.8,4.9,80.38,11063.78,6694.88,38.34,0.128,17.0,27,1,0,40.8,1
40,52,135,0.107,28,3,7,18.6,6.5,8.01,57566.01,1692.0,22.29,0.363,12.9,4,1,0,81.9,1
21,19,1193,0.022,1,3,6,57.5,7.9,2.22,172226.77,4919.02,38.41,0.427,7.1,0,1,1,11.0,1
23,70,291,0.266,4,1,7,54.8,3.6,66.91,125748.84,9352.78,62.6,0.055,13.9,7,0,1,1.4,1
39,21,482,0.336,21,8,5,77.0,6.4,79.38,306378.41,529.42,62.75,0.31,17.2,18,1,1,11.7,1
20,11,1696,0.434,24,5,4,49.1,2.7,19.65,457539.54,390.83,68.98,0.274,16.6,12,1,0,54.3,1
34,57,1252,0.216,13,4,7,48.9,1.6,84.9,304349.55,8598.69,86.85,0.188,5.8,5,0,1,56.6,1
49,69,1343,0.091,7,7,2,33.4,2.2,6.43,406348.2,9030.34,67.92,0.483,12.9,24,0,1,4.5,1
19,66,1780,0.136,23,1,1,68.7,1.1,51.4,253977.77,570.45,64.48,0.202,16.8,1,0,0,30.3,1
38,36,1699,0.112,19,3,8,66.7,1.2,27.42,43492.91,6438.66,95.67,0.339,1.9,24,1,0,17.1,1
37,3,403,0.082,13,1,6,95.7,1.4,2.94,2661.31,5222.82,76.18,0.351,0.5,23,0,1,93.3,1
21,37,901,0.433,25,10,2,59.8,1.1,79.18,46030.78,578.57,85.41,0.2,8.1,4,1,1,79.3,1
7,69,853,0.027,23,4,1,94.6,3.3,48.16,671.98,2306.56,71.84,0.175,12.3,22,0,0,67.7,1
44,19,1694,0.484,13,4,0,24.7,1.9,4.44,475499.95,8550.58,76.17,0.26,5.2,3,1,1,46.6,1
30,67,1606,0.347,3,0,2,46.1,5.4,12.12,116473.54,444.1,10.25,0.183,12.7,25,1,0,71.6,1
40,38,514,0.46,16,1,1,57.3,5.1,93.04,263689.2,7856.76,55.78,0.116,11.6,24,1,0,32.2,1
27,54,1448,0.122,17,2,3,92.7,1.7,95.89,187382.93,9908.16,40.32,0.212,6.4,26,0,0,51.1,1
33,39,1920,0.203,4,0,0,35.0,2.5,13.45,127734.9,3286.13,55.27,0.019,2.4,10,1,1,0.3,1
29,52,1495,0.118,22,7,0,21.6,3.2,48.91,254779.66,7295.04,78.13,0.141,2.8,8,0,0,19.3,1
34,8,609,0.01,5,3,5,9.5,3.5,13.04,417509.84,6039.98,66.29,0.288,12.1,11,1,0,21.2,1
29,47,1365,0.41,8,1,4,31.9,0.3,79.57,403172.68,8848.39,87.11,0.174,15.4,24,0,0,67.2,1
47,27,1853,0.373,17,8,6,3.6,2.1,29.95,347608.8,1986.32,12.9,0.152,4.7,19,1,1,38.5,1
28,22,1587,0.308,1,8,8,73.0,3.9,14.96,264081.31,5615.89,24.1,0.386,18.7,8,0,0,74.7,1
46,66,1681,0.06,9,5,3,50.9,3.0,94.35,154361.07,7703.05,16.87,0.427,7.9,12,1,0,89.7,1
1,54,154,0.035,19,3,8,40.3,2.8,45.9,392118.77,612.77,27.52,0.098,16.5,7,1,0,80.9,1
32,41,1063,0.329,20,9,3,95.1,6.1,74.71,290923.8,6034.75,37.74,0.26,19.1,27,1,1,80.7,1
19,7,187,0.357,25,6,6,97.5,0.2,98.25,373431.5,2707.75,14.14,0.169,9.1,11,1,1,47.5,1
12,47,1001,0.064,24,5,5,95.2,7.4,4.4,123236.38,4761.05,22.19,0.469,0.1,12,0,1,29.7,1
34,62,1251,0.002,19,8,6,37.0,0.4,21.27,383009.95,7904.39,26.11,0.172,10.4,8,0,1,91.8,1
2,17,1914,0.365,20,8,3,16.4,6.4,92.36,243657.14,1166.94,74.96,0.369,9.4,8,1,0,60.9,1
11,70,1172,0.158,27,5,1,37.3,1.2,32.88,378395.03,2834.0,83.97,0.041,8.8,18,1,1,76.2,1
39,31,168,0.09,22,4,8,35.3,3.3,22.56,327424.96,2643.77,91.32,0.064,7.7,26,0,0,47.6,1
12,71,540,0.493,8,10,3,43.1,0.4,90.55,486874.3,2012.35,31.0,0.111,16.2,6,0,0,40.9,1
22,41,400,0.032,1,7,6,92.1,3.5,45.74,307246.33,6734.25,83.52,0.435,9.8,14,0,0,66.2,1
2,8,835,0.47,12,1,8,7.7,1.5,54.25,14832.59,2372.82,57.1,0.313,3.1,8,1,0,77.5,1
7,11,674,0.242,12,6,2,20.4,2.6,54.34,289672.43,5995.87,55.41,0.371,10.8,29,1,0,11.0,1
10,26,748,0.478,25,3,7,22.9,4.0,8.61,123001.63,1756.25,32.68,0.113,15.8,19,0,1,27.0,1
7,29,1311,0.344,3,5,7,45.0,0.3,44.17,433973.14,6185.28,51.62,0.274,17.7,4,1,1,65.4,1
14,64,795,0.229,19,2,8,36.8,2.8,28.97,333113.78,1949.91,96.32,0.255,10.6,12,1,1,27.1,1
3,41,553,0.235,5,1,4,30.2,2.5,44.71,274372.35,3530.91,28.04,0.162,15.1,28,1,1,12.6,1
35,63,1793,0.411,24,10,0,7.6,3.3,58.58,186005.09,6802.01,73.66,0.211,3.7,6,1,1,27.3,1
38,19,1884,0.031,12,10,7,21.5,5.9,75.69,457105.18,2052.0,81.35,0.139,12.7,20,0,0,23.8,1
5,20,1652,0.236,28,9,7,48.7,6.3,87.73,275027.64,5531.75,89.78,0.384,3.6,3,1,1,62.6,1
21,24,950,0.25,8,0,0,57.0,6.7,27.44,276064.54,4198.6,79.99,0.251,12.3,23,1,1,60.1,1
6,67,1438,0.159,22,0,7,4.9,5.4,61.65,221179.84,1951.6,38.81,0.49,18.6,9,0,1,66.4,1
16,47,288,0.237,2,9,2,76.2,6.4,27.97,417988.21,4323.86,65.28,0.471,8.6,0,1,0,18.9,1
11,31,1375,0.452,17,10,8,8.9,1.2,52.61,54080.66,8351.31,85.8,0.386,19.9,24,0,0,39.1,1
5,72,1308,0.299,17,0,8,70.3,1.7,39.67,404000.53,5077.37,37.34,0.273,17.0,9,0,1,95.1,1
5,10,844,0.136,16,7,5,64.1,0.5,44.59,407193.43,4813.63,10.24,0.242,11.6,9,1,1,30.5,1
2,61,143,0.318,2,5,5,25.0,4.6,41.92,7554.76,9490.4,93.55,0.182,17.6,13,0,0,12.5,1
7,17,1891,0.444,30,10,7,51.0,1.5,95.75,190820.6,9871.31,91.83,0.042,13.0,19,0,1,20.8,1
48,64,933,0.366,20,4,5,93.5,5.3,62.94,60302.13,2419.79,61.66,0.291,12.6,3,1,0,7.0,1
36,4,542,0.283,14,0,0,26.1,2.2,47.22,85252.99,6418.41,98.11,0.273,17.8,13,1,0,48.9,1
29,43,981,0.061,8,4,2,60.8,0.6,82.06,218980.98,2844.49,67.3,0.176,5.3,13,1,0,63.8,1
39,34,1054,0.199,1,3,6,25.8,7.2,78.05,125269.64,4862.93,65.95,0.146,14.6,5,0,0,72.6,1
24,0,983,0.351,23,7,7,48.4,0.9,97.27,253354.07,7098.29,90.6,0.017,11.1,28,1,0,89.9,1
49,66,1719,0.134,11,1,5,83.8,6.9,99.43,339866.85,8762.59,25.69,0.25,10.8,26,1,1,79.5,1
41,40,1237,0.437,9,3,1,51.3,7.7,72.94,20209.49,4546.81,18.53,0.274,14.7,2,1,1,60.2,1
43,48,1909,0.044,1,5,1,7.0,2.3,39.62,363187.48,1321.2,52.08,0.454,12.6,13,0,0,49.8,1
15,31,1976,0.268,21,5,2,49.0,3.3,44.67,167709.58,3463.13,54.39,0.062,9.7,29,1,0,31.5,1
33,76,413,0.295,22,2,1,91.9,4.9,75.83,115243.63,7424.72,88.46,0.236,16.4,1,0,0,12.1,1
1,80,1235,0.293,13,9,3,24.6,3.5,27.49,173590.79,2753.69,30.5,0.19,8.3,14,1,1,42.6,1
1,51,363,0.227,8,7,2,21.3,5.0,43.45,53294.89,7928.87,13.1,0.397,13.7,19,1,0,63.6,1
28,0,872,0.253,25,0,5,10.4,4.2,31.82,204859.67,5151.56,25.53,0.311,11.1,14,0,0,40.2,1
13,48,402,0.463,30,8,6,27.7,6.5,26.22,177296.49,5629.98,44.05,0.026,18.5,26,0,1,35.4,1
50,57,219,0.007,16,10,4,22.7,4.6,18.12,400142.44,1273.25,27.03,0.056,11.3,22,1,0,26.0,1
27,4,1256,0.062,22,6,5,84.6,7.3,11.79,313422.99,1116.98,61.64,0.307,6.5,19,0,1,89.7,1
41,75,390,0.361,3,4,6,45.3,6.1,65.16,476285.97,8495.28,19.88,0.106,2.5,5,0,0,25.4,1
44,24,305,0.164,17,4,1,55.6,0.8,90.97,240470.87,2371.59,57.46,0.296,5.9,12,1,0,84.6,1
19,5,1000,0.372,17,4,1,20.9,1.1,41.14,135540.14,6677.24,66.43,0.027,6.0,6,0,0,74.7,1
26,56,1021,0.487,8,2,8,82.8,0.3,66.23,210597.72,5694.45,37.65,0.423,19.5,28,0,1,62.5,1
38,13,1076,0.295,10,8,1,89.3,6.8,58.63,126956.02,6300.42,37.34,0.174,11.9,23,1,1,41.1,1
4,60,550,0.387,14,8,6,12.1,7.6,6.83,280055.52,1783.19,24.69,0.033,1.4,7,1,0,80.1,1
20,24,768,0.378,21,5,0,20.2,6.4,35.27,217093.62,5814.84,10.99,0.364,18.4,23,1,1,66.9,1
26,24,1767,0.479,16,2,1,65.4,2.7,76.46,430676.12,8888.29,42.63,0.331,2.6,5,1,0,76.1,1
17,74,711,0.48,26,8,4,10.1,6.2,97.73,333998.52,1814.37,66.91,0.108,10.7,22,1,0,40.7,1
17,57,829,0.029,13,1,4,30.8,3.3,15.49,343679.71,7113.51,58.85,0.18,10.5,27,1,0,98.1,1
39,15,66,0.155,19,4,6,68.6,0.9,96.23,429521.13,2470.9,11.09,0.277,12.7,8,0,1,44.9,1
12,40,189,0.449,19,8,2,15.6,4.4,53.85,19657.34,3536.48,66.14,0.429,19.8,8,1,1,97.5,1
38,4,305,0.127,2,7,6,29.4,7.6,56.09,329528.87,2225.55,60.84,0.394,19.4,25,1,0,88.2,1
7,13,56,0.207,5,1,7,36.6,3.2,52.33,445789.47,6482.21,45.73,0.464,7.0,23,0,0,87.8,1
36,71,97,0.111,1,3,6,20.8,0.2,63.11,243948.83,9439.64,16.9,0.397,11.0,27,0,0,7.7,1
26,0,897,0.442,25,7,2,64.7,5.1,64.26,409371.98,4109.32,59.75,0.408,3.1,20,0,1,3.2,1
31,25,1939,0.384,3,5,3,44.3,2.1,49.54,422956.0,5185.77,72.45,0.37,9.7,3,1,0,44.0,1
34,35,838,0.376,2,0,8,57.4,4.1,81.77,348273.06,7261.98,10.49,0.054,14.5,11,0,1,48.1,1
10,80,1533,0.134,19,0,6,52.7,6.2,85.32,75069.44,9922.04,73.84,0.097,15.2,9,0,0,79.3,1
48,16,450,0.338,21,4,2,12.6,6.3,98.86,402301.59,7437.46,29.37,0.464,12.2,0,0,0,94.4,1
5,11,609,0.28,17,5,1,21.5,2.2,11.93,34045.47,8437.54,56.16,0.496,10.1,19,1,0,19.0,1
22,41,526,0.48,30,2,6,39.0,7.4,29.36,381963.52,4917.38,41.14,0.165,12.3,21,1,0,68.2,1
27,9,217,0.066,8,5,1,95.4,2.6,61.0,73168.24,8362.56,24.33,0.131,15.0,14,0,1,5.4,1
42,56,524,0.368,20,2,6,49.6,5.7,39.23,146903.67,238.48,54.82,0.003,3.4,7,1,0,76.7,1
32,15,609,0.069,21,8,3,86.6,3.0,63.51,493585.59,3210.89,59.94,0.083,17.6,11,1,1,60.1,1
45,27,882,0.386,29,5,1,44.0,0.8,19.54,318451.8,7716.32,75.0,0.37,6.1,28,1,0,19.8,1
21,0,178,0.036,11,2,1,44.4,5.1,24.53,191691.64,9583.86,22.22,0.324,15.1,26,0,0,49.2,1
9,14,869,0.006,12,7,7,24.5,4.7,34.46,222670.63,3231.51,79.3,0.039,13.2,15,1,0,57.3,1
11,63,117,0.382,6,10,2,54.3,7.6,9.09,80798.55,3965.3,57.55,0.346,2.3,1,0,0,21.5,1
47,21,938,0.35,9,5,3,32.8,3.5,62.27,131195.66,2670.19,33.0,0.342,10.6,0,0,0,47.3,1
47,36,1692,0.04,13,10,4,65.2,1.8,62.92,323692.04,9210.48,37.8,0.052,4.2,8,0,0,96.1,1
2,69,1783,0.45,8,6,2,7.3,2.8,85.14,398392.72,2159.16,56.97,0.398,12.1,21,1,1,7.0,1
42,79,259,0.497,21,5,5,27.7,7.8,92.18,78628.49,8786.92,60.23,0.009,16.3,17,0,0,15.1,1
44,51,1734,0.318,30,4,7,76.2,4.7,95.53,177958.99,6563.97,66.58,0.114,2.0,28,1,1,60.2,1
44,32,1527,0.445,14,9,1,63.3,2.7,74.1,200288.29,1320.42,85.47,0.097,12.9,4,1,0,87.5,1
17,78,820,0.029,21,10,4,12.1,4.5,72.24,35973.42,7082.23,18.55,0.344,9.4,13,0,1,73.3,1
14,16,1410,0.331,17,7,7,28.0,3.1,84.14,291233.95,367.76,92.89,0.323,9.7,10,0,0,6.7,1
38,20,984,0.35,12,0,8,4.6,2.8,80.18,288337.5,7161.68,37.54,0.152,18.3,22,0,0,58.8,1
4,69,63,0.068,1,5,5,76.5,0.4,96.28,210294.1,1032.32,39.97,0.024,17.6,11,1,0,74.0,1
1,63,479,0.032,18,8,4,89.9,0.6,35.31,310145.84,6729.15,48.68,0.483,10.9,30,0,0,28.9,1
24,80,1840,0.427,7,2,6,50.5,7.3,21.0,255029.25,2275.77,78.85,0.341,16.1,16,0,0,30.7,1
50,57,140,0.437,26,7,6,66.3,2.2,37.36,94064.54,6397.26,94.73,0.254,9.4,23,0,0,4.0,1
48,8,1062,0.325,24,7,8,35.1,3.2,18.37,75325.47,6252.19,70.53,0.063,5.4,19,0,1,83.6,1
50,66,427,0.246,7,7,4,68.7,1.5,40.22,385746.42,8900.58,90.17,0.13,4.7,4,0,1,51.6,1
27,56,266,0.307,13,3,0,39.5,0.0,19.57,163127.9,7455.21,32.08,0.271,10.3,26,1,0,70.6,1
3,33,1979,0.205,26,7,8,41.8,4.9,41.82,298144.24,5695.27,30.22,0.002,15.2,3,1,0,34.0,1
29,60,758,0.102,29,6,0,68.3,7.5,24.14,488274.35,3120.13,95.1,0.367,11.6,1,1,1,18.2,1
5,34,388,0.003,18,7,6,11.7,7.8,22.87,64103.39,3298.31,94.74,0.009,10.0,14,0,0,13.4,1
47,48,1747,0.237,4,7,2,6.9,2.1,49.47,480654.21,6233.44,64.02,0.206,6.5,21,1,1,7.9,1
18,5,1481,0.132,11,7,0,6.2,7.2,15.07,238664.86,5628.01,31.0,0.423,3.9,26,0,0,10.5,1
39,68,1189,0.047,21,4,3,77.1,0.1,27.28,69507.94,3813.98,73.83,0.006,0.6,7,0,1,61.0,1
48,44,731,0.079,26,5,8,40.5,1.2,42.84,283132.98,6701.37,32.07,0.113,15.4,25,0,1,6.0,1
5,54,251,0.229,7,3,0,10.1,3.6,74.36,425011.71,7248.85,60.37,0.348,6.6,17,1,0,84.7,1
10,6,1109,0.311,13,3,2,63.4,6.0,35.43,87155.17,3801.03,58.05,0.418,1.3,17,0,0,52.7,1
18,73,42,0.053,13,9,2,27.4,7.9,70.18,452254.74,4335.12,77.3,0.296,11.1,15,0,1,60.8,1
1,8,1532,0.375,23,2,5,19.6,0.6,34.9,237001.98,5503.96,59.21,0.256,0.8,24,0,0,0.7,1
1,47,1904,0.386,19,10,6,46.0,0.0,68.73,264014.06,6818.39,39.7,0.315,19.9,10,1,1,62.2,1
29,6,1884,0.434,16,10,8,32.6,0.5,7.47,238851.77,3403.94,70.47,0.11,6.7,14,1,0,39.9,1
4,71,902,0.416,7,2,2,52.3,1.5,88.18,226933.6,1253.99,71.38,0.319,17.5,11,1,1,25.1,1
10,47,540,0.382,29,4,0,66.9,7.9,13.58,402764.71,9008.1,73.32,0.368,5.6,13,0,1,58.3,1
23,67,79,0.209,3,4,4,91.9,0.7,83.56,34765.47,2129.4,20.95,0.374,6.4,17,0,0,40.1,1
42,36,1976,0.287,7,8,3,36.4,6.4,71.76,308787.23,7405.29,93.15,0.088,17.1,3,0,0,38.6,1
14,42,235,0.264,30,1,8,32.7,1.2,88.73,74528.64,2509.24,87.7,0.192,8.5,0,1,0,97.9,1
42,22,1726,0.205,20,9,6,71.6,4.1,44.58,105044.97,2402.93,69.58,0.395,15.5,17,1,1,74.5,1
22,30,827,0.293,1,4,7,11.1,6.3,95.91,206802.9,5157.65,72.65,0.252,13.9,16,0,1,25.0,1
26,31,231,0.146,29,4,2,77.5,2.2,27.03,121054.56,8130.72,84.62,0.45,9.3,13,0,1,83.9,1
15,30,668,0.295,13,8,7,83.3,4.9,14.93,310190.37,7950.02,32.55,0.366,7.1,25,0,0,59.5,1
3,39,842,0.472,21,2,3,37.9,4.9,13.48,257693.97,2066.85,11.62,0.066,17.4,19,1,0,21.2,1
13,30,1615,0.236,8,2,2,16.7,2.4,57.99,275743.67,4545.6,44.21,0.331,17.5,21,0,0,95.3,1
19,27,636,0.353,22,1,5,14.9,5.4,57.8,229698.29,8999.29,23.4,0.17,0.4,3,1,0,65.3,1
39,6,1450,0.447,1,10,6,6.6,6.0,53.39,316379.1,3685.49,39.68,0.238,0.7,0,0,0,25.5,1
30,38,20,0.42,14,3,3,97.2,7.6,93.49,203055.1,6813.59,44.56,0.454,17.6,23,1,1,16.5,1
34,69,1164,0.034,7,2,2,19.8,6.8,99.52,284918.65,3053.65,23.67,0.371,17.3,15,0,0,10.8,1
47,63,414,0.26,10,10,8,66.6,5.1,21.27,367644.46,4495.77,21.73,0.027,10.7,5,1,1,83.5,1
42,68,637,0.287,8,2,8,20.0,8.0,59.37,210134.13,9964.87,60.33,0.389,5.5,22,0,0,67.8,1
47,78,229,0.282,23,4,5,83.4,5.6,77.86,467298.36,1985.48,41.71,0.323,10.6,26,1,0,26.8,1
9,53,255,0.139,16,10,4,82.2,2.7,46.33,470182.88,864.5,51.92,0.325,5.3,29,1,0,43.5,1
42,32,1762,0.208,4,10,8,78.0,2.5,40.14,138441.0,210.63,80.29,0.133,2.7,20,0,0,50.1,1
7,46,1949,0.147,19,7,6,9.2,7.1,69.3,182066.29,4289.67,11.12,0.454,5.5,17,0,1,83.6,1
50,66,945,0.148,26,7,0,71.0,3.7,36.46,254784.33,9593.63,28.16,0.324,14.0,18,1,1,42.9,1
40,8,755,0.335,23,7,8,20.6,2.1,78.95,228226.92,568.52,74.98,0.264,7.8,13,1,1,16.9,1
14,54,258,0.381,8,2,6,85.0,6.1,2.71,78627.87,1906.38,63.85,0.362,8.8,14,1,0,28.3,1
47,47,26,0.393,8,5,7,36.4,2.2,24.31,60501.29,6566.18,68.26,0.127,11.6,12,1,0,99.1,1
18,48,118,0.169,24,2,7,22.6,3.6,72.38,198227.29,8697.87,34.56,0.383,5.2,3,0,0,86.8,1
25,68,1497,0.191,20,0,5,53.3,3.2,21.23,480481.4,5073.03,35.89,0.167,3.0,14,0,1,49.7,1
33,38,275,0.466,17,7,3,72.0,2.5,48.52,265437.36,7627.33,38.28,0.282,18.7,10,1,1,5.6,1
7,65,315,0.178,24,2,2,85.3,1.5,47.46,416142.09,7349.09,60.14,0.401,11.9,9,0,1,48.8,1
45,35,1395,0.169,23,1,6,25.5,5.6,59.53,481622.14,2945.13,45.73,0.011,3.8,1,0,1,30.5,1
38,75,1291,0.109,7,0,2,27.9,7.9,13.05,255130.99,9755.41,84.63,0.283,9.8,27,0,1,16.9,1
25,42,1896,0.144,5,2,0,40.9,4.0,72.41,388493.58,1517.61,13.47,0.306,8.0,16,1,0,29.1,1
9,37,1911,0.451,10,8,1,34.9,3.1,44.18,423029.54,5062.44,42.06,0.048,19.5,8,0,1,0.6,1
35,9,1618,0.406,29,10,4,39.7,3.5,76.07,186243.07,3148.98,84.21,0.287,15.1,10,1,0,37.5,1
36,5,600,0.329,1,2,4,26.3,6.6,83.59,164144.32,177.14,31.36,0.042,6.9,27,1,0,91.8,1
25,43,255,0.375,24,0,0,54.8,3.3,80.73,447659.32,5875.28,93.74,0.229,10.4,22,0,1,70.0,1
39,25,1799,0.456,5,9,3,85.9,1.0,17.39,459598.01,4258.43,27.66,0.052,9.6,16,1,1,23.7,1
7,48,74,0.361,20,2,7,82.0,1.9,46.53,174508.19,1289.62,44.96,0.403,13.1,10,1,0,66.3,1
9,33,1616,0.379,19,7,8,29.6,3.9,88.87,17855.61,3690.87,99.6,0.037,15.6,13,1,1,12.4,1
32,39,126,0.464,12,6,4,35.9,0.4,60.04,371313.32,1666.5,70.3,0.439,13.4,29,0,1,23.4,1
30,10,1071,0.473,20,5,7,51.3,5.0,7.3,247819.25,71.2,31.18,0.431,1.2,28,1,1,56.5,1
46,61,670,0.252,1,1,2,19.4,2.5,94.86,166822.52,4317.12,28.19,0.15,18.5,12,1,0,3.8,1
15,8,143,0.04,13,10,3,16.5,1.2,51.96,135092.39,1573.81,94.49,0.331,13.8,28,0,0,79.5,1
1,30,1132,0.22,4,3,4,32.7,7.1,56.67,317342.76,883.97,35.8,0.4,19.5,6,0,0,63.3,1
8,18,234,0.436,18,0,5,86.0,3.3,61.14,486914.61,2700.16,59.04,0.341,19.9,8,1,1,67.0,1
14,7,496,0.456,22,5,4,35.4,3.3,33.12,217983.75,3389.46,80.4,0.21,16.0,2,0,0,11.1,1
50,40,124,0.469,4,5,4,59.2,6.6,91.86,304638.23,3462.64,87.27,0.18,12.5,17,1,1,92.5,1
18,47,1853,0.174,26,0,5,14.5,0.4,78.04,66968.17,701.52,59.59,0.201,12.8,10,0,1,14.7,1
38,20,852,0.319,28,4,7,51.2,5.0,73.62,377065.75,9297.09,28.38,0.449,0.4,24,0,1,59.5,1
16,34,1732,0.189,28,8,7,48.4,6.5,96.36,228029.19,9240.65,86.78,0.435,0.3,30,0,1,54.2,1
15,4,1615,0.081,7,8,7,47.7,6.0,6.9,387041.06,6464.45,82.37,0.148,14.5,26,1,1,42.5,1
47,59,1077,0.227,27,7,7,50.7,7.9,79.97,65471.8,4836.8,34.06,0.084,4.7,17,0,1,35.0,1
11,16,577,0.164,9,9,8,31.4,5.7,73.8,475337.77,8159.45,81.67,0.475,18.0,18,0,1,62.4,1
34,69,30,0.412,30,5,7,80.8,2.4,89.54,498184.94,4194.74,67.61,0.059,5.1,3,0,1,71.1,1
12,18,277,0.068,6,7,7,96.8,7.6,53.44,399133.77,5483.27,92.24,0.034,12.2,13,0,1,90.7,1
24,8,693,0.372,28,6,5,56.4,7.7,14.08,407846.9,5236.15,42.73,0.275,7.1,11,1,1,26.3,1
12,56,517,0.253,22,2,4,43.9,4.0,1.77,350060.88,4059.78,83.0,0.342,6.9,9,1,0,92.8,1
40,52,706,0.37,23,6,2,7.4,0.5,50.5,275464.97,4820.85,71.69,0.232,10.5,1,1,0,33.8,1
46,13,1826,0.07,7,10,0,98.6,6.2,48.03,287986.37,4665.71,36.69,0.38,10.7,28,0,0,40.2,1
33,10,1349,0.068,12,4,8,15.7,7.3,74.0,167418.22,5460.24,78.83,0.108,6.4,9,0,0,21.5,1
15,77,554,0.345,9,2,8,52.3,3.1,98.57,491191.37,3882.81,14.95,0.477,3.2,26,1,0,40.7,1
44,19,133,0.24,8,10,5,66.6,5.3,14.61,162366.78,4671.0,71.04,0.402,10.9,7,0,1,27.0,1
26,18,1651,0.004,13,1,2,31.7,0.4,83.99,194044.09,1761.66,45.43,0.424,11.2,7,1,1,50.9,1
6,5,1812,0.452,21,9,1,24.4,1.7,75.56,39286.31,3996.32,74.17,0.406,4.0,21,0,0,18.7,1
45,4,1826,0.191,2,1,8,87.1,0.6,94.43,183452.54,8728.25,58.13,0.42,14.6,6,1,1,87.9,1
12,58,1140,0.179,2,1,5,20.3,2.8,26.75,25872.94,3915.68,94.3,0.494,7.1,14,1,0,43.2,1
37,61,1918,0.336,27,3,2,59.0,0.3,50.82,323616.17,8514.93,32.33,0.268,0.7,28,1,0,97.3,1
8,41,1682,0.105,21,0,7,66.0,7.3,84.12,30364.41,1064.65,67.97,0.272,16.2,0,0,0,99.4,1
23,68,1645,0.405,29,5,2,79.1,2.7,99.93,658.08,3515.83,76.14,0.165,14.4,2,1,0,63.8,1
49,57,1015,0.214,21,4,3,46.6,1.7,18.65,497953.8,1345.21,72.13,0.456,14.4,27,1,1,20.6,1
7,67,1819,0.226,29,1,8,74.8,3.2,92.19,119502.16,3028.98,35.91,0.347,0.4,12,0,1,1.4,1
2,65,378,0.34,10,10,7,91.0,2.1,41.8,471783.75,2358.64,44.22,0.382,17.2,23,0,1,14.0,1
10,22,372,0.257,2,9,7,60.2,1.5,99.53,361078.09,9942.09,88.09,0.372,9.7,25,1,0,74.8,1
31,38,663,0.073,9,7,0,58.0,7.9,11.26,388108.68,8399.56,33.46,0.427,19.2,14,1,1,49.4,1
10,62,621,0.348,8,8,8,38.6,7.8,66.26,19888.76,4230.33,16.1,0.124,0.9,30,0,0,92.5,1
42,5,1164,0.079,8,0,0,64.5,7.9,48.21,443586.96,5978.69,15.52,0.358,0.6,11,0,1,7.8,1
30,54,271,0.081,29,6,0,33.5,2.3,6.74,158834.88,5198.94,87.34,0.383,4.8,16,0,0,31.3,1
20,80,1911,0.295,22,5,7,48.8,5.0,97.64,343110.0,1060.63,19.3,0.482,17.6,30,0,1,98.9,1
29,17,1540,0.362,3,7,5,8.1,7.5,33.89,83029.31,5962.32,73.18,0.079,5.4,3,1,1,60.6,1
17,54,436,0.303,4,10,4,28.9,0.6,60.83,131396.42,9682.22,49.25,0.388,17.6,5,0,0,61.3,1
32,27,1744,0.386,9,4,2,76.7,6.4,10.96,168174.47,9889.82,53.39,0.145,8.4,9,0,0,49.5,1
11,30,488,0.341,27,9,6,3.5,5.5,21.9,237719.81,3296.59,21.28,0.037,3.0,1,0,0,66.6,1
4,17,219,0.092,13,3,3,27.5,0.5,4.74,285991.0,4747.48,31.45,0.438,15.4,2,0,1,11.5,1
37,55,188,0.479,3,2,8,40.0,3.4,66.27,250167.4,2623.46,50.57,0.134,8.9,25,1,1,55.2,1
5,6,1959,0.095,7,6,8,18.8,1.4,39.52,125526.28,57.9,37.9,0.019,17.0,7,0,1,95.9,1
14,37,1282,0.063,25,8,6,72.9,6.4,71.51,440600.02,7771.54,75.32,0.357,13.8,13,1,1,54.1,1
11,4,1056,0.181,29,4,7,35.6,7.5,32.3,286825.32,7543.45,64.88,0.213,9.4,4,1,0,2.6,1
1,34,1918,0.313,18,2,5,21.1,6.5,10.9,3982.85,7459.11,24.24,0.012,14.7,13,0,0,55.0,1
6,78,590,0.171,26,2,5,78.2,2.7,26.27,129950.34,1615.9,79.24,0.216,1.9,24,0,1,59.8,1
30,52,1034,0.018,2,10,0,99.6,1.4,44.98,383594.93,8814.77,84.15,0.065,16.3,1,1,0,6.5,1
4,16,1876,0.259,10,2,4,9.1,7.2,4.14,226640.21,7499.74,37.45,0.346,4.6,13,1,0,46.9,1
33,26,333,0.005,5,1,6,92.5,0.4,76.78,71741.84,8629.23,23.99,0.203,9.8,0,1,1,54.2,1
17,67,353,0.033,7,1,8,92.3,5.3,14.23,301520.4,2334.3,72.37,0.104,5.8,0,1,1,27.7,1
36,63,124,0.271,24,7,5,83.6,4.9,9.77,95407.05,725.17,12.68,0.084,17.7,9,1,0,21.4,1
26,64,658,0.269,19,8,2,88.1,1.5,80.25,351617.88,6608.78,70.08,0.177,13.0,23,1,1,47.4,1
1,5,1512,0.072,23,3,1,55.5,7.1,96.65,136334.68,3642.79,97.58,0.491,1.3,15,0,0,76.1,1
49,26,1764,0.278,17,9,1,36.6,6.5,63.7,225842.42,6905.44,43.58,0.336,5.5,5,0,1,49.7,1
44,62,1254,0.395,29,3,6,37.9,5.1,18.35,183097.64,3622.23,44.12,0.255,19.8,26,1,1,83.2,1
9,57,1986,0.048,13,10,3,20.2,5.3,87.01,344371.09,1705.48,49.05,0.146,7.9,30,1,0,56.9,1
41,6,1242,0.104,16,9,8,40.3,2.0,24.89,162308.79,2961.05,23.05,0.413,4.5,14,1,1,15.5,1
1,39,940,0.158,27,2,3,28.7,3.5,95.42,171074.98,9776.38,52.17,0.248,1.7,11,0,1,77.5,1
30,22,1822,0.137,18,10,2,27.3,5.9,94.4,390769.2,6230.06,90.7,0.407,8.0,13,0,0,80.2,1
31,46,1192,0.031,10,2,6,56.8,7.1,71.81,46841.08,6209.64,85.87,0.239,19.1,16,0,0,39.0,1
18,70,1942,0.316,9,4,2,42.7,8.0,72.12,265845.85,6067.21,51.28,0.158,6.5,28,0,1,2.3,1
28,11,1519,0.122,15,0,0,54.0,5.6,89.81,130447.66,8777.99,15.76,0.204,14.6,2,0,0,35.6,1
31,16,1968,0.448,11,5,2,84.2,7.8,31.42,382889.55,7414.93,71.46,0.245,18.4,8,0,1,90.3,1
34,2,437,0.258,23,10,2,43.7,7.3,34.22,230572.92,5182.51,55.99,0.175,13.6,6,1,1,29.1,1
47,56,1199,0.445,11,10,6,76.0,0.5,46.04,34645.7,5358.04,76.42,0.126,6.9,9,1,1,17.9,1
3,15,1447,0.226,19,2,2,62.1,0.7,66.18,156055.34,8027.95,99.93,0.093,19.5,11,0,0,52.0,1
38,75,1862,0.021,21,7,2,91.3,3.6,15.53,349779.88,3032.14,84.17,0.02,15.0,3,0,1,10.9,1
6,30,553,0.309,16,6,0,3.9,0.1,27.58,44938.1,2495.55,23.42,0.485,8.2,13,1,0,74.3,1
13,6,1213,0.059,5,9,0,52.0,4.5,34.45,466726.69,7116.27,26.77,0.119,7.3,27,1,1,97.8,1
44,27,1379,0.484,3,3,2,25.0,7.6,46.26,14164.49,9672.58,90.25,0.022,7.1,21,1,0,86.3,1
16,7,1788,0.114,26,0,6,60.5,1.6,99.86,356298.08,8252.94,17.83,0.161,13.1,14,1,0,64.7,1
24,61,1296,0.014,29,2,1,49.4,4.0,44.68,56550.23,1961.3,37.02,0.133,2.6,28,1,0,58.4,1
31,29,1662,0.031,6,2,6,44.4,3.5,37.59,472059.7,6696.38,91.46,0.198,5.0,30,1,1,20.2,1
19,51,1095,0.346,16,6,8,41.5,3.1,26.31,351182.4,415.95,13.6,0.072,7.4,23,1,1,6.9,1
36,72,272,0.396,20,3,0,34.7,1.6,11.3,445337.29,2625.77,36.58,0.384,5.4,7,1,1,5.2,1
37,56,349,0.332,5,2,8,21.7,2.7,57.12,294158.82,9980.48,56.46,0.452,16.9,17,0,1,45.0,1
15,55,1002,0.392,7,0,1,98.3,2.8,46.05,293790.6,2464.87,35.91,0.187,3.7,14,1,1,91.4,1
32,73,1191,0.273,4,6,2,22.9,0.2,19.54,288038.42,8104.39,59.95,0.074,18.8,7,1,0,90.0,1
17,51,1305,0.398,19,9,8,13.0,6.9,30.71,128323.54,7211.09,37.63,0.118,2.5,30,0,1,10.2,1
8,77,1996,0.247,27,8,6,70.1,3.4,45.76,49034.9,7947.24,91.06,0.057,0.8,12,1,1,11.9,1
9,20,229,0.237,21,1,8,52.0,7.6,36.51,237960.39,4264.46,76.94,0.289,6.1,24,1,0,22.5,1
31,4,669,0.37,11,1,1,44.3,1.9,90.39,404912.47,4300.84,25.1,0.2,5.8,15,1,0,29.3,1
23,23,585,0.045,22,8,1,44.2,6.2,73.59,139222.28,2402.87,93.48,0.102,0.5,29,1,1,72.3,1
44,42,411,0.104,24,2,5,22.3,2.0,17.89,155301.1,8282.06,70.97,0.261,5.0,19,1,0,78.1,1
19,48,1299,0.16,26,4,3,54.0,3.2,54.02,290572.88,4568.41,97.63,0.119,1.0,9,1,1,57.3,1
33,70,1755,0.062,29,2,5,39.2,3.2,54.78,389020.76,9140.59,45.31,0.358,8.0,20,1,0,61.1,1
21,44,67,0.114,14,2,1,31.9,4.2,76.84,424736.54,3937.71,57.96,0.019,14.5,29,1,0,93.0,1
33,44,783,0.426,16,2,3,96.8,7.5,2.97,254683.05,8314.85,44.92,0.21,14.8,0,0,0,73.6,1
24,35,308,0.469,12,2,4,97.3,7.0,71.88,453130.51,1021.17,68.5,0.462,16.2,12,1,1,42.6,1
42,26,376,0.053,29,6,3,24.6,7.3,19.17,235369.38,3541.74,99.91,0.158,19.7,1,1,0,18.7,1
24,21,877,0.183,8,2,8,16.9,5.8,19.88,42727.91,73.0,56.15,0.384,12.9,20,0,0,22.0,1
48,80,444,0.268,28,4,4,71.0,6.2,87.72,403601.77,5793.64,88.39,0.116,16.7,24,1,1,62.3,1
35,33,1120,0.469,30,5,0,59.3,2.8,94.01,107705.88,2079.82,58.76,0.466,10.2,7,0,1,40.0,1
20,23,1447,0.453,15,5,2,84.1,2.9,47.83,258994.45,3587.76,76.95,0.175,1.1,26,1,0,43.5,1
40,30,1343,0.372,11,3,1,28.6,6.4,66.53,317102.69,4029.51,54.76,0.436,2.6,8,0,1,14.0,1
45,54,486,0.143,3,10,1,41.7,0.8,39.08,439736.87,9741.88,22.81,0.22,12.3,30,1,1,65.3,1
22,6,1389,0.245,25,6,2,21.1,4.3,49.72,163862.58,7150.67,37.94,0.012,8.0,13,0,1,85.3,1
36,75,1275,0.322,11,9,6,50.6,6.4,71.63,83747.41,536.56,46.88,0.255,10.2,10,1,0,43.4,1
27,3,1868,0.36,4,4,3,14.8,0.4,51.2,107637.81,7639.62,40.8,0.106,2.2,5,0,0,60.0,1
23,34,1775,0.167,21,9,8,34.4,6.0,43.69,395808.01,7673.85,58.21,0.415,19.0,7,0,0,24.2,1
25,57,146,0.347,18,2,8,16.0,2.8,48.33,447290.38,5641.98,20.36,0.054,4.7,10,1,1,54.2,1
36,34,1198,0.442,27,7,4,62.8,0.2,29.84,144882.22,5445.83,83.1,0.229,18.2,25,0,1,92.2,1
16,36,448,0.089,10,10,8,68.5,4.1,57.09,277443.8,7101.98,76.29,0.248,1.5,0,1,0,14.4,1
29,30,861,0.337,11,4,8,13.0,2.0,19.3,316392.57,4724.5,31.46,0.166,20.0,2,0,0,22.8,1
16,22,16,0.322,1,9,1,38.5,2.7,48.44,260379.88,1927.38,50.55,0.337,1.0,8,1,0,62.7,1
4,76,276,0.028,28,5,1,90.5,0.8,53.29,412685.81,241.19,31.16,0.355,16.4,30,0,0,71.4,1
34,73,256,0.472,16,3,6,88.0,4.2,41.56,128007.91,4819.08,59.99,0.121,2.9,16,1,0,34.7,1
16,64,1712,0.076,6,5,1,3.2,6.6,84.11,334183.59,3402.1,54.33,0.24,10.5,23,0,0,30.2,1
37,55,1376,0.149,30,0,3,8.3,2.7,84.94,332913.98,9357.51,76.03,0.247,19.7,30,0,1,38.0,1
2,40,966,0.144,29,8,1,91.1,7.0,30.42,65369.85,2495.3,81.0,0.01,17.6,5,0,0,68.2,1
12,55,1436,0.491,10,3,4,57.5,2.6,73.46,100133.21,4027.56,73.1,0.12,2.5,11,1,1,99.6,1
47,17,1837,0.262,29,6,3,70.2,0.8,91.76,22156.57,1480.1,52.66,0.309,17.7,10,0,1,44.7,1
33,65,70,0.136,22,9,8,11.5,1.4,26.21,168742.76,429.64,63.43,0.263,9.0,1,0,0,74.5,1
33,67,1592,0.059,29,10,1,19.4,7.6,98.71,98449.19,4820.84,32.66,0.457,19.1,11,1,1,55.9,1
50,57,1262,0.395,18,0,6,10.0,3.5,6.02,240934.78,8699.79,63.5,0.187,13.0,1,1,1,89.2,1
50,15,999,0.059,10,8,6,86.2,0.7,63.14,438487.16,2344.9,64.23,0.201,18.4,17,0,1,93.4,1
50,46,1334,0.362,16,10,8,44.9,3.9,75.29,211698.7,6480.97,79.55,0.194,8.1,15,0,1,56.7,1
41,10,949,0.112,7,3,5,49.9,2.9,59.6,467343.33,2461.57,19.94,0.33,4.6,10,0,0,62.7,1
47,6,1934,0.244,24,5,3,83.4,2.6,36.49,171315.63,9626.33,20.79,0.487,3.4,25,0,1,81.9,1
9,66,1434,0.182,22,3,8,93.5,0.1,62.34,187278.68,3971.89,91.34,0.34,6.5,2,1,0,52.3,1
19,54,981,0.01,2,10,5,49.9,2.1,19.51,310697.31,3629.0,93.46,0.057,5.8,22,0,1,69.9,1
19,72,385,0.201,10,4,6,67.3,6.2,65.13,199993.67,4185.5,86.34,0.316,16.1,21,0,0,2.6,1
40,44,314,0.421,23,7,0,16.9,2.5,34.14,15840.01,381.42,34.26,0.486,15.9,26,1,0,23.7,1
26,58,862,0.299,27,2,6,90.8,5.9,83.99,352707.11,7497.01,95.38,0.273,11.8,0,1,1,33.7,1
4,78,1704,0.228,15,9,4,3.9,0.2,79.42,402319.3,7453.13,37.54,0.285,10.9,3,0,0,69.7,1
42,9,1842,0.333,13,3,2,79.9,5.1,41.36,87122.51,3259.59,35.57,0.222,7.8,20,1,1,72.7,1
24,69,1614,0.135,3,4,0,6.2,2.3,5.68,299835.06,9175.18,55.12,0.178,3.5,29,0,0,43.5,1
6,32,181,0.331,19,9,4,82.7,7.1,73.62,196269.57,4223.45,96.96,0.162,14.1,4,0,0,66.8,1
46,14,1992,0.097,12,6,1,58.7,8.0,99.69,6236.78,6821.8,38.07,0.004,12.3,26,1,1,37.5,1
50,11,642,0.438,26,9,1,7.4,4.0,85.27,132783.73,3761.19,64.18,0.493,8.2,21,1,0,93.7,1
24,68,1256,0.046,25,10,5,71.2,5.1,95.51,355319.7,4917.07,12.26,0.146,0.8,8,0,1,59.2,1
34,8,269,0.178,13,6,7,74.7,3.1,58.5,400593.06,8166.48,18.86,0.003,18.3,22,0,1,7.9,1
19,18,1029,0.107,17,5,0,89.0,1.8,65.45,140283.21,9180.35,77.31,0.281,19.8,22,1,1,73.4,1
20,43,1618,0.156,20,7,1,81.1,4.1,26.42,394752.45,2577.18,78.05,0.44,7.3,26,1,0,51.5,1
6,78,979,0.231,19,10,3,29.1,6.2,36.05,54599.51,6470.53,16.07,0.349,8.8,1,1,1,95.5,1
46,38,1558,0.076,14,6,5,92.0,3.1,86.65,44761.87,457.51,18.58,0.47,15.9,14,1,0,95.7,1
40,20,1307,0.364,9,6,6,66.5,5.5,49.17,210344.82,5246.85,73.53,0.075,3.6,5,0,1,57.4,1
28,52,758,0.411,7,7,2,48.0,3.1,85.49,106296.9,3393.95,53.53,0.015,4.2,13,1,1,77.0,1
32,27,1672,0.341,21,10,1,19.9,2.7,1.61,491262.7,9409.15,61.34,0.184,16.9,24,1,0,42.2,1
20,63,1416,0.147,1,10,7,33.7,2.3,17.49,333727.98,7546.9,74.98,0.468,8.2,29,0,1,1.4,1
50,40,70,0.309,26,0,8,13.1,6.9,34.86,51963.9,2503.7,74.43,0.124,17.9,5,0,1,48.6,1
49,0,732,0.482,30,9,2,65.9,7.1,57.25,237816.95,9534.87,75.16,0.339,12.6,22,1,0,16.8,1
20,64,1391,0.412,18,7,4,44.4,7.7,62.83,279354.42,4865.71,46.5,0.205,16.8,18,0,1,42.4,1
7,42,1634,0.19,15,0,6,93.8,6.9,88.7,269408.97,5722.41,34.83,0.24,14.8,30,1,0,91.9,1
45,34,382,0.178,11,5,4,4.6,6.4,82.56,26379.16,1098.65,86.87,0.372,8.8,1,0,1,35.9,1
44,42,471,0.06,26,2,1,87.6,3.2,33.27,303299.88,7948.8,98.59,0.378,6.5,3,0,1,94.2,1
44,70,1208,0.015,21,7,3,16.1,3.5,13.71,385210.14,6928.12,63.91,0.143,17.4,11,1,0,12.5,1
9,59,1073,0.199,6,7,8,88.0,0.3,74.73,79975.73,8740.94,93.97,0.303,7.0,21,1,1,42.2,1
23,54,633,0.131,26,9,5,56.3,4.5,98.01,109531.34,7142.58,37.92,0.024,12.8,30,1,1,5.2,1
45,2,31,0.445,30,0,2,14.7,7.8,58.61,463352.01,2431.12,46.87,0.069,14.2,25,0,0,12.4,1
12,70,738,0.498,6,6,6,82.1,1.1,7.12,333097.98,6304.54,92.56,0.475,18.3,29,0,0,0.3,1
35,77,159,0.069,7,6,2,7.9,1.6,52.13,194926.79,2662.49,84.01,0.381,3.5,25,0,1,78.7,1
1,9,1664,0.072,22,2,0,53.1,0.5,88.94,486554.85,920.63,45.04,0.112,10.1,19,1,1,50.6,1
18,68,432,0.421,1,3,1,38.6,0.1,95.99,90495.53,3339.2,90.75,0.053,15.2,3,0,1,46.4,1
39,10,1176,0.357,27,0,5,33.4,7.0,10.58,176450.11,4081.62,89.15,0.054,5.4,0,1,0,79.5,1
43,54,1900,0.495,28,0,8,80.3,2.5,85.83,122342.46,5711.01,69.43,0.177,14.1,7,0,0,94.2,1
7,78,1677,0.083,23,8,3,77.3,5.1,22.14,371105.52,9772.57,50.31,0.488,4.1,16,1,1,44.1,1
45,45,1309,0.44,30,6,4,73.9,3.0,91.31,109347.55,3828.28,80.92,0.226,1.2,27,0,1,47.2,1
46,52,1363,0.401,30,7,4,86.8,7.5,43.5,37154.97,3716.19,71.63,0.268,10.0,7,1,1,5.4,1
26,32,1099,0.103,29,7,4,70.1,3.7,17.17,494166.73,4197.84,98.91,0.333,3.7,17,1,0,41.8,1
28,45,507,0.452,30,9,0,92.5,7.0,76.77,421282.62,7900.41,17.9,0.031,1.0,12,0,1,73.4,1
35,45,609,0.469,20,1,6,91.5,0.4,5.01,99098.58,4537.72,44.79,0.11,19.2,21,0,1,11.4,1
40,25,1355,0.361,13,0,4,13.5,4.8,31.73,8659.52,8061.33,89.86,0.255,6.2,27,0,0,94.7,1
49,78,1870,0.018,18,6,5,33.6,4.9,26.72,247381.66,9462.65,22.94,0.196,4.8,14,1,0,97.6,1
46,45,1330,0.323,6,9,2,32.6,7.8,59.27,357345.1,6729.67,16.73,0.358,15.5,23,1,0,1.3,1
4,29,1715,0.085,30,10,3,81.3,3.6,48.94,376299.98,9181.76,70.92,0.263,12.0,18,1,1,22.0,1
26,3,228,0.109,6,0,3,71.9,2.5,45.84,28215.41,3755.53,73.54,0.459,11.1,11,0,0,47.5,1
42,40,1183,0.416,17,3,1,76.3,0.5,41.28,9682.14,304.28,63.76,0.135,11.8,24,0,0,23.1,1
26,31,874,0.377,29,2,2,93.0,5.7,63.91,361178.03,8201.99,38.82,0.06,5.9,24,1,0,79.0,1
44,75,460,0.238,14,1,0,29.0,2.0,37.68,174430.41,8700.08,59.1,0.085,5.2,7,1,0,42.9,1
37,45,1437,0.464,2,6,3,78.8,4.6,67.8,423293.39,8704.88,81.18,0.196,6.8,12,0,0,29.1,1
27,4,765,0.228,1,9,3,87.8,2.5,97.14,138407.77,4953.8,26.69,0.409,8.6,0,1,1,46.4,1
17,26,961,0.299,18,10,2,10.5,0.1,82.63,433984.3,363.38,61.04,0.125,6.1,12,0,0,60.8,1
1,45,1258,0.149,23,2,8,11.1,4.6,94.55,188611.73,3653.34,10.53,0.249,11.1,14,1,1,2.6,1
11,57,1487,0.183,6,3,5,69.4,7.0,65.48,468514.28,6944.93,48.69,0.014,18.7,10,1,1,10.0,1
8,28,1445,0.276,27,0,4,96.4,7.6,37.8,447366.61,7440.45,82.16,0.385,9.4,24,0,1,64.1,1
24,49,532,0.202,12,1,0,25.9,1.0,41.17,258556.35,6992.18,23.08,0.415,15.3,13,1,0,0.7,1
11,48,1689,0.288,23,3,8,41.8,0.2,46.85,150109.34,8060.86,73.45,0.301,14.4,5,0,0,62.1,1
41,17,1203,0.335,14,0,6,14.0,3.7,87.98,109311.25,9363.69,11.56,0.378,12.4,30,1,1,24.1,1
2,70,1316,0.266,24,0,4,69.3,7.3,60.42,189686.31,920.4,53.11,0.073,16.1,13,1,1,57.4,1
16,18,1534,0.306,12,3,1,53.0,0.8,66.94,150290.74,2434.55,47.65,0.381,14.3,13,0,1,8.2,1
43,60,911,0.079,3,10,1,80.2,2.9,20.8,113166.39,506.74,47.63,0.236,11.9,25,1,0,49.2,1
3,25,1072,0.056,16,6,6,60.2,4.7,45.45,202246.15,4049.88,65.99,0.244,13.7,4,1,1,24.6,1
17,26,1500,0.237,16,8,6,89.0,7.4,75.56,187501.96,678.04,91.29,0.244,15.4,20,1,1,72.7,1
14,59,1083,0.363,20,8,4,92.1,6.8,95.59,441982.27,3073.73,96.81,0.164,1.2,27,0,1,84.4,1
50,47,1218,0.278,7,8,3,70.0,5.3,98.76,422746.66,1483.86,76.43,0.256,2.9,21,1,1,6.9,1
17,15,1501,0.159,14,10,0,35.9,5.2,5.72,492217.68,5114.22,47.83,0.062,5.3,1,0,1,83.3,1
43,19,1648,0.327,14,8,4,97.4,0.4,7.6,71353.59,2128.41,68.62,0.278,16.1,8,0,1,23.4,1
5,60,718,0.252,3,0,7,68.9,2.2,32.65,151177.03,8748.52,34.5,0.313,17.9,21,0,1,93.0,1
38,73,1436,0.13,27,2,2,71.3,5.8,64.29,431385.44,4083.6,74.69,0.466,0.7,0,1,0,1.7,1
2,61,132,0.071,13,6,5,10.4,0.5,87.91,15674.87,3851.95,14.1,0.238,18.5,7,1,1,65.8,1
6,69,643,0.462,14,2,6,69.1,3.4,57.09,325297.25,2050.91,15.61,0.265,9.9,7,1,1,71.1,1
15,30,1271,0.492,2,7,6,32.3,3.4,33.99,469173.4,8302.71,11.9,0.459,6.6,25,1,0,30.0,1
4,29,1212,0.336,14,0,6,99.6,6.5,41.98,446626.75,3144.98,99.73,0.425,15.0,24,1,0,14.8,1
3,41,310,0.467,2,10,6,4.7,6.7,70.47,330515.3,3670.43,37.04,0.381,15.8,0,1,0,36.3,1
32,36,1116,0.014,20,5,0,75.9,3.0,25.14,354248.36,9737.43,96.93,0.35,3.8,1,1,0,57.0,1
19,14,1004,0.374,22,0,8,95.9,6.0,12.86,168052.65,5146.29,74.78,0.022,13.9,10,1,1,83.4,1
39,3,851,0.407,20,10,7,8.1,4.7,27.93,50913.65,3963.64,65.41,0.067,8.2,30,0,0,48.3,1
33,26,192,0.324,26,0,0,86.7,2.7,51.24,225659.93,5205.92,72.51,0.011,1.5,22,1,0,92.3,1
33,77,40,0.018,19,8,3,76.0,3.3,58.61,179001.58,5859.87,76.63,0.033,11.5,27,1,1,24.7,1
14,76,587,0.447,16,9,8,72.2,5.8,33.07,451572.47,754.15,69.17,0.424,11.4,19,1,1,21.1,1
8,6,1635,0.106,23,1,8,74.8,5.4,16.91,358357.12,6766.22,50.7,0.455,4.1,17,1,1,81.8,1
43,37,312,0.431,21,2,3,7.2,0.7,34.02,99394.44,1524.67,89.26,0.156,14.7,14,0,1,8.6,1
36,19,1901,0.299,20,4,2,90.3,0.4,72.4,310474.91,7635.43,78.69,0.447,9.4,0,0,0,37.7,1
30,9,1956,0.092,18,10,1,97.8,0.3,33.8,428258.55,1788.46,67.7,0.228,6.3,20,0,1,35.1,1
24,54,1463,0.415,13,9,2,54.0,7.9,43.18,192060.63,964.63,92.56,0.302,5.4,13,0,1,76.2,1
44,25,611,0.127,9,1,7,89.1,1.0,42.61,127462.86,1134.53,10.35,0.377,18.8,6,0,0,65.1,1
30,0,267,0.136,17,10,1,7.5,3.4,53.31,222900.08,5186.95,50.51,0.478,4.7,2,0,0,62.5,1
39,53,33,0.044,11,7,6,99.6,1.2,11.4,332491.98,9892.37,41.36,0.339,19.9,14,1,1,99.6,1
30,42,769,0.056,17,9,1,4.6,1.7,91.66,326907.4,7979.9,81.29,0.268,14.8,29,0,1,96.1,1
46,52,1582,0.369,12,10,5,26.7,7.2,1.94,44773.86,2274.46,26.88,0.006,7.1,26,0,1,63.5,1
44,74,943,0.111,14,2,1,43.9,7.4,33.07,113053.14,8623.68,74.93,0.491,8.1,23,0,1,85.9,1
1,27,1568,0.245,25,4,1,5.3,3.6,54.97,407658.93,5219.83,94.77,0.499,0.2,18,1,1,21.8,1
41,14,251,0.257,27,8,8,89.1,7.7,52.05,153630.37,6222.21,14.04,0.44,5.9,17,1,1,43.1,1
33,39,1189,0.462,18,8,8,85.1,5.8,17.58,181956.53,9998.89,22.4,0.324,19.5,7,0,0,38.7,1
39,21,357,0.012,24,10,0,88.3,6.4,64.82,183580.36,3908.03,52.56,0.348,12.4,8,0,0,52.4,1
26,17,1366,0.081,17,2,0,82.8,1.8,69.1,435107.82,4805.27,82.1,0.285,9.7,24,0,0,53.3,1
15,14,1712,0.096,6,4,4,61.1,5.8,37.22,290856.43,2187.79,22.73,0.25,9.7,6,1,0,7.6,1
13,47,68,0.32,29,7,0,95.9,6.8,6.14,121559.28,5530.48,76.28,0.434,1.1,0,0,1,65.9,1
23,41,1711,0.267,17,8,2,55.8,6.0,51.44,213446.69,7484.6,45.4,0.089,10.3,25,0,0,69.3,1
31,18,378,0.032,26,2,1,86.9,7.9,20.81,45350.1,4317.54,44.31,0.106,18.8,8,1,1,64.9,1
13,67,1182,0.167,23,6,7,78.6,0.3,26.47,154181.53,5765.03,42.32,0.106,19.3,27,0,0,59.7,1
18,29,1669,0.282,19,7,3,30.0,1.7,55.74,347667.9,8510.29,50.65,0.068,11.0,18,1,0,35.7,1
42,41,1440,0.478,13,4,5,55.7,3.2,9.28,46019.69,6240.62,65.6,0.003,17.4,26,1,0,63.1,1
45,19,141,0.39,3,3,7,73.4,4.2,91.91,142118.0,6185.74,70.43,0.3,14.8,29,1,1,76.9,1
39,79,1443,0.343,17,2,0,29.1,4.7,22.42,138808.15,4191.64,64.83,0.497,16.9,1,0,1,44.2,1
29,18,57,0.468,25,6,5,51.4,3.4,75.04,207441.45,6898.29,78.52,0.28,1.8,10,1,1,14.7,1
39,35,174,0.048,28,0,1,75.6,6.6,29.63,412100.17,5174.59,63.33,0.366,2.4,6,1,1,22.6,1
39,51,39,0.141,13,7,8,30.4,2.7,99.04,478826.78,968.2,34.91,0.426,11.0,11,0,1,4.4,1
40,9,869,0.136,24,7,6,21.7,1.0,70.57,379369.3,4521.99,12.44,0.46,7.8,22,0,0,18.3,1
7,17,1567,0.052,28,3,5,5.9,2.2,16.43,278547.06,7196.18,38.04,0.093,3.3,16,0,1,62.3,1
2,24,703,0.024,22,10,3,16.6,6.2,69.38,143313.39,4167.85,62.8,0.425,8.3,19,1,1,57.5,1
34,19,1159,0.053,22,4,1,24.2,1.3,32.9,384677.77,4777.88,10.46,0.398,3.0,18,0,0,18.4,1
38,13,1714,0.247,26,5,3,79.0,5.0,27.84,384922.25,7845.46,42.92,0.16,14.7,20,1,1,20.4,1
29,18,1306,0.485,23,5,1,68.0,0.1,40.16,201789.02,8675.14,50.88,0.061,8.4,18,1,0,5.9,1
36,28,1162,0.397,9,2,5,59.8,0.7,34.2,32755.29,2203.56,61.44,0.094,7.4,10,1,1,18.2,1
16,68,1947,0.213,22,6,6,56.2,2.3,88.1,425453.04,5083.63,84.17,0.332,9.9,3,1,0,91.1,1
6,59,852,0.084,19,3,3,94.8,1.7,32.91,179247.35,4184.13,11.2,0.213,19.5,22,1,0,24.7,1
35,35,1030,0.266,28,7,2,81.4,5.0,82.09,407235.5,178.62,71.66,0.37,18.2,19,1,0,71.7,1
40,36,373,0.339,28,7,3,87.8,3.3,6.09,265752.02,1187.03,15.31,0.097,4.4,0,0,0,47.7,1
39,56,1662,0.02,27,4,0,64.9,8.0,80.25,493766.75,5302.92,62.62,0.378,3.8,22,1,1,51.3,1
36,48,1720,0.428,5,10,7,57.1,4.2,24.62,57796.18,1093.94,65.17,0.019,19.1,21,1,1,12.7,1
48,32,803,0.083,15,0,4,18.1,2.9,51.03,117334.75,1624.05,68.03,0.212,6.5,0,0,1,13.9,1
3,29,1098,0.386,29,2,4,61.8,5.5,92.57,448185.17,6211.45,93.56,0.4,5.6,5,1,0,15.3,1
20,4,1047,0.123,2,3,7,77.0,4.1,50.92,395448.4,7338.45,54.69,0.477,2.8,4,0,0,33.4,1
39,53,20,0.386,15,9,5,98.0,5.4,14.65,234196.35,3165.95,52.66,0.327,18.5,10,1,0,11.5,1
37,15,662,0.033,26,8,6,44.3,2.0,91.57,137609.45,7136.22,89.86,0.139,2.4,11,0,1,8.1,1
10,34,617,0.43,3,8,6,69.8,1.7,71.14,412103.29,7610.03,51.89,0.468,7.6,17,0,0,28.0,1
38,47,995,0.054,21,8,7,74.2,0.0,38.02,455578.75,3816.32,64.61,0.206,8.4,28,0,0,73.6,1
40,70,139,0.184,29,7,7,16.1,0.2,14.33,169183.11,7496.55,43.63,0.092,0.6,29,1,0,81.4,1
32,33,101,0.046,9,0,7,9.2,5.6,68.44,381932.01,7550.35,26.12,0.433,12.6,1,1,0,28.4,1
12,26,1148,0.0,16,8,4,44.8,4.4,36.35,154083.14,8605.42,81.12,0.285,4.1,17,1,0,82.2,1
10,7,1357,0.182,28,1,2,9.4,3.0,71.92,132738.2,7926.27,47.04,0.396,14.7,20,1,0,39.0,1
30,73,1524,0.105,10,1,8,3.8,0.3,33.31,373403.32,2856.07,80.78,0.297,7.1,25,1,0,9.7,1
45,75,1498,0.015,18,7,1,22.0,1.3,76.32,247988.78,4672.09,78.93,0.497,15.9,16,0,0,49.4,1
36,24,1599,0.008,26,3,4,78.2,2.6,42.21,280995.27,3437.35,63.75,0.098,11.6,25,0,1,11.4,1
23,75,1542,0.442,4,2,5,4.8,7.3,4.35,339521.97,6107.98,12.7,0.43,9.0,9,1,0,3.8,1
35,23,942,0.433,20,10,6,43.3,6.4,43.77,62859.17,7447.84,58.49,0.429,4.8,24,1,0,22.3,1
50,19,936,0.358,29,2,4,15.9,3.5,88.96,108809.27,5085.96,76.89,0.438,16.3,23,0,0,5.1,1
37,28,1210,0.403,8,7,0,35.1,6.1,34.9,348737.24,4922.25,38.02,0.139,2.5,11,0,1,91.7,1
35,24,1975,0.223,20,2,6,5.6,1.6,96.89,235866.12,8589.53,98.12,0.055,11.9,1,1,1,18.1,1
31,46,527,0.392,16,2,3,78.9,7.6,77.19,423705.34,4151.17,69.8,0.224,0.7,17,0,1,70.7,1
18,2,877,0.498,13,6,1,93.6,5.1,54.31,87397.33,4435.43,19.26,0.01,13.8,27,1,0,64.8,1
27,29,394,0.249,14,8,7,55.2,2.1,57.73,253512.92,9601.43,87.85,0.193,10.9,10,0,1,89.9,1
41,50,1998,0.162,27,3,5,45.3,0.6,33.6,344240.07,4626.83,91.01,0.044,10.3,8,0,1,99.6,1
3,55,516,0.042,17,9,3,65.9,7.4,44.08,439054.95,6944.6,56.55,0.317,4.3,6,0,1,53.7,1
44,80,1109,0.385,5,10,2,86.5,6.4,78.12,52160.51,3330.57,73.39,0.318,10.4,6,1,1,17.0,1
45,34,1022,0.018,15,6,3,42.5,5.5,21.3,76544.49,5007.33,39.97,0.183,10.7,9,1,0,13.6,1
43,0,1037,0.231,23,2,8,81.3,3.3,45.99,260193.67,6280.26,61.57,0.313,3.9,22,0,0,81.4,1
48,40,655,0.483,7,6,2,64.2,2.4,89.98,253768.54,327.07,68.75,0.354,1.1,5,0,1,55.2,1
41,64,570,0.407,20,0,0,25.4,2.4,95.8,12821.46,5425.31,54.5,0.113,7.5,2,1,1,28.3,1
21,79,1304,0.484,18,7,2,30.3,2.4,91.52,248825.07,4159.94,83.89,0.29,9.3,23,1,1,14.9,1
23,47,481,0.109,30,2,1,72.1,5.1,9.69,180209.57,8571.99,33.78,0.127,14.9,4,1,0,14.2,1
13,43,1479,0.26,20,1,4,82.3,0.4,35.74,412326.62,8755.33,83.23,0.083,0.8,22,0,1,65.8,1
44,72,1943,0.057,23,5,5,10.4,7.2,34.51,187035.17,4821.67,52.32,0.367,10.5,30,0,1,43.0,1
2,69,1465,0.281,21,0,2,95.1,3.1,80.43,247434.02,9804.75,85.48,0.214,4.5,23,0,0,80.2,1
20,3,1270,0.376,10,8,3,49.3,1.1,99.94,203921.45,6444.15,44.8,0.012,11.8,8,1,0,21.9,1
33,10,1825,0.324,3,6,3,52.9,5.6,63.38,327640.99,1560.47,12.74,0.381,0.1,0,1,0,20.6,1
48,28,1126,0.486,12,0,7,22.9,2.0,83.45,348053.46,9016.28,19.75,0.43,17.6,11,0,0,53.5,1
28,74,650,0.115,1,10,5,33.4,7.2,39.36,211990.41,2469.3,14.64,0.463,4.3,25,0,0,86.8,1
40,59,1919,0.302,14,10,6,80.3,2.7,87.51,352848.99,3048.67,65.2,0.022,18.9,21,1,0,87.8,1
25,32,737,0.121,25,7,6,22.5,5.3,12.02,387438.57,9803.12,35.74,0.14,3.0,24,0,1,98.1,1
44,57,332,0.428,9,8,8,60.5,0.6,10.3,323583.04,2044.94,82.06,0.464,10.4,15,1,1,57.3,1
3,53,1579,0.284,7,9,2,51.2,5.0,22.42,97932.28,1013.56,28.27,0.202,8.9,4,1,1,42.4,1
10,2,1700,0.407,22,6,4,49.1,6.1,21.21,243999.87,276.7,59.48,0.353,0.1,21,0,1,8.6,1
43,5,1457,0.243,7,8,2,3.2,2.0,69.85,16349.57,7194.42,91.02,0.046,14.6,23,1,1,82.1,1
45,77,81,0.033,28,5,5,9.3,2.7,25.85,187805.28,3140.15,25.68,0.009,15.4,17,1,0,19.6,1
50,34,107,0.495,20,9,1,96.2,6.1,12.77,108230.82,5063.99,41.48,0.465,14.2,15,0,1,28.5,1
26,68,1175,0.383,12,3,5,91.0,3.2,89.18,266982.89,141.5,48.72,0.01,15.2,23,1,1,40.0,1
5,78,1483,0.475,15,7,7,35.0,1.1,68.71,178479.66,5179.52,49.86,0.083,7.8,1,1,1,2.7,1
45,36,859,0.347,27,1,1,97.7,2.3,80.76,309031.74,540.76,42.31,0.437,16.7,18,1,1,8.9,1
20,17,1376,0.202,6,8,7,46.2,5.4,82.75,274149.05,6225.4,45.53,0.243,13.6,23,0,1,26.9,1
17,3,1339,0.062,3,8,4,92.9,0.8,59.88,42467.69,6366.12,50.51,0.487,0.4,28,0,0,29.8,1
39,37,78,0.013,15,3,6,45.6,1.2,79.81,201147.1,9176.94,53.82,0.38,17.3,11,1,0,70.5,1
10,26,945,0.395,20,10,4,22.9,5.3,26.41,156794.6,1681.75,77.17,0.025,9.5,30,1,0,17.1,1
32,74,1889,0.168,8,3,7,69.6,0.2,51.9,154776.18,5599.46,44.41,0.046,10.2,22,0,1,92.1,1
9,26,862,0.424,4,2,8,48.9,3.9,61.27,63570.12,1584.31,80.79,0.366,2.6,15,0,0,78.6,1
31,15,1879,0.387,22,2,2,96.3,0.2,13.89,25076.72,5034.86,99.83,0.02,13.0,10,1,1,99.9,1
25,29,1770,0.346,22,0,8,38.4,4.0,22.43,81915.53,3781.35,20.14,0.321,1.4,15,0,0,29.9,1
31,14,1677,0.092,24,0,5,4.0,4.4,81.41,402592.42,8137.69,87.35,0.353,9.4,8,1,1,70.7,1
41,14,456,0.016,12,10,4,42.0,1.6,79.72,452245.9,6908.73,12.97,0.317,8.5,12,0,1,68.2,1
2,62,1990,0.324,22,1,2,9.2,3.5,21.12,413802.12,5876.44,29.44,0.043,5.8,23,0,1,93.3,1
18,57,780,0.269,26,1,2,7.9,7.5,13.93,322094.85,535.39,18.81,0.089,14.4,28,0,0,46.5,1
6,73,625,0.302,8,4,5,53.8,3.4,24.37,141626.37,3092.4,37.28,0.497,18.7,24,1,0,2.3,1
25,18,1296,0.471,19,10,8,73.1,5.8,67.24,85796.85,6785.83,15.91,0.102,6.0,12,1,1,7.1,1
18,21,121,0.46,3,3,1,6.4,4.3,62.26,162180.54,9267.9,94.28,0.0,3.8,4,0,1,4.0,1
25,32,101,0.473,21,4,2,80.8,5.0,19.63,139204.99,4944.63,78.74,0.137,18.4,7,0,1,52.8,1
21,24,1222,0.222,18,3,5,97.2,7.2,39.48,296235.64,1643.49,17.79,0.329,2.9,6,1,0,32.5,1
9,52,1155,0.107,10,9,2,71.6,6.1,20.18,306793.4,7588.93,14.56,0.181,16.7,14,1,0,25.7,1
25,57,280,0.404,10,8,2,34.8,5.6,10.8,243956.94,6819.57,56.42,0.081,14.9,25,0,0,96.3,1
44,49,695,0.044,17,10,1,22.7,1.1,26.85,55684.52,8328.66,81.23,0.155,1.5,24,1,1,73.9,1
33,57,1655,0.408,2,3,4,74.2,7.3,65.85,373454.36,1830.42,96.86,0.386,4.2,2,0,1,21.3,1
1,51,1270,0.49,14,6,6,97.9,2.6,76.18,394037.38,2732.51,25.6,0.208,5.9,9,0,0,46.9,1
18,80,806,0.392,22,0,7,12.5,4.6,75.99,55464.13,419.88,41.44,0.461,4.0,12,0,1,45.3,1
8,71,377,0.486,17,0,4,28.3,0.0,81.65,171729.59,9254.44,99.34,0.053,3.3,14,0,0,9.2,1
36,9,1047,0.479,24,0,5,41.4,5.8,29.53,235542.01,3136.88,38.26,0.024,15.0,9,0,1,47.8,1
26,12,1838,0.161,11,5,8,63.8,0.3,43.95,170077.83,1260.6,73.96,0.255,16.6,3,1,0,96.4,1
8,26,1037,0.244,16,8,8,4.9,5.7,59.71,5135.13,1305.28,54.12,0.155,2.0,12,1,0,78.2,1
28,73,1410,0.053,21,8,1,95.7,4.7,84.74,149880.51,943.87,31.8,0.067,17.4,19,0,0,79.8,1
45,65,882,0.178,12,0,6,12.9,4.6,36.86,360379.18,9786.2,38.45,0.183,16.6,10,1,0,81.9,1
2,49,1982,0.178,13,8,8,98.5,0.3,16.81,33703.98,6944.68,73.01,0.499,2.7,2,0,1,96.7,1
28,22,303,0.263,3,4,3,74.2,5.3,95.44,434888.94,2759.58,82.84,0.392,14.7,3,1,0,65.6,1
29,58,1420,0.297,9,9,7,15.7,5.5,14.32,423255.91,5120.39,64.95,0.119,16.4,21,1,1,82.9,1
23,67,1975,0.011,12,7,3,86.0,6.7,43.86,164329.01,8407.11,25.86,0.129,9.7,9,1,0,11.4,1
16,51,54,0.404,17,9,1,95.1,7.3,99.83,29956.76,944.8,11.84,0.188,19.9,30,1,1,58.7,1
3,41,1512,0.421,24,6,6,38.2,2.9,78.58,116076.77,5496.01,63.78,0.32,18.5,22,1,1,18.7,1
38,53,1195,0.177,19,6,1,91.8,5.6,10.22,70764.65,2122.92,12.18,0.417,6.5,10,0,0,3.3,1
17,78,718,0.141,12,10,5,82.2,7.2,96.45,210325.04,9350.88,57.74,0.372,10.3,8,1,1,41.7,1
20,2,1978,0.048,18,7,1,55.6,3.7,60.57,463713.12,5715.74,74.47,0.352,8.5,14,0,1,89.3,1
15,26,1967,0.162,9,8,8,69.7,6.6,44.18,338174.71,9179.38,27.55,0.417,3.1,3,0,1,67.8,1
35,19,1936,0.023,4,7,5,64.0,5.1,92.26,251515.35,1056.53,75.71,0.423,12.7,30,1,0,9.2,1
35,70,685,0.183,2,7,7,7.9,1.4,84.85,357839.88,6960.4,34.33,0.345,12.8,1,1,1,48.7,1
25,33,262,0.446,15,2,0,64.8,2.5,15.68,148482.38,4314.6,35.65,0.447,0.8,8,1,1,20.0,1
47,29,43,0.367,12,5,7,98.6,2.0,28.16,203778.65,3013.57,21.29,0.353,15.3,4,0,0,35.5,1
21,2,910,0.315,14,8,1,98.9,6.3,4.67,71861.55,7924.34,54.73,0.223,15.4,17,0,0,6.4,1
5,30,1388,0.337,9,4,1,23.7,4.0,25.54,78495.78,537.99,81.12,0.28,0.8,24,0,0,3.9,1
2,43,193,0.464,11,1,7,6.3,6.8,68.79,171614.53,9500.96,56.6,0.176,0.8,27,1,1,68.2,1
17,39,910,0.482,23,3,3,6.3,6.9,99.83,264597.8,9878.27,97.11,0.007,16.6,18,1,0,91.8,1
17,1,91,0.425,8,4,1,39.3,3.9,38.59,344233.89,175.33,69.39,0.046,5.1,4,1,1,1.1,1
23,31,1782,0.428,7,8,4,82.3,4.7,3.83,138773.85,6985.01,90.6,0.139,13.9,9,0,0,92.5,1
37,31,316,0.021,17,1,5,70.4,4.7,23.67,329527.09,7039.68,76.4,0.427,8.5,8,1,0,68.1,1
50,14,1823,0.277,8,7,8,98.9,7.1,94.79,251806.71,7722.28,31.89,0.18,5.3,0,0,0,31.6,1
38,57,1533,0.317,22,1,3,94.4,7.6,31.0,104981.22,1839.76,48.81,0.122,19.0,21,1,1,49.8,1
24,79,1060,0.274,27,0,3,32.8,6.5,45.12,386559.52,8851.2,23.2,0.367,13.3,20,0,0,66.6,1
13,7,516,0.375,20,3,3,42.6,7.6,42.98,143490.35,5227.15,16.63,0.423,2.7,5,0,1,91.2,1
9,75,1758,0.198,2,8,5,31.4,2.2,82.04,57758.78,2552.57,98.42,0.273,9.7,0,1,0,0.5,1
50,62,783,0.355,6,3,5,95.2,1.6,93.65,51160.72,7427.51,85.69,0.438,7.9,10,1,1,77.4,1
30,12,227,0.451,12,2,1,25.2,3.9,95.95,375716.42,1220.2,74.17,0.01,7.2,20,1,0,55.1,1
41,36,1106,0.337,30,4,6,92.4,3.6,72.22,340566.95,7991.53,91.25,0.199,3.9,20,1,0,25.9,1
32,50,1021,0.143,27,0,1,54.2,5.5,23.74,57700.48,9227.16,61.64,0.067,4.7,14,1,1,10.1,1
24,50,1143,0.06,10,4,6,66.2,1.9,46.63,107924.88,3575.38,71.0,0.199,3.8,27,0,0,85.4,1
8,24,1943,0.256,26,9,1,52.9,5.6,30.98,459567.52,5898.36,47.98,0.304,2.0,16,1,1,4.4,1
42,67,35,0.364,2,1,0,8.9,3.0,43.29,117510.2,2393.43,44.87,0.127,8.9,24,1,0,52.1,1
18,35,182,0.134,5,5,0,16.0,4.1,14.67,153747.45,1425.83,11.26,0.118,0.6,1,0,1,58.4,1
13,22,1218,0.486,28,3,7,12.0,7.9,55.58,316825.39,5777.06,86.72,0.372,2.0,20,1,1,48.0,1
24,59,341,0.123,16,6,5,59.5,4.3,5.17,326949.81,4810.96,64.3,0.156,7.4,28,1,0,47.5,1
5,80,111,0.416,30,2,6,55.5,2.9,82.72,174635.84,3560.52,31.59,0.101,11.6,16,1,1,12.5,1
6,73,1996,0.041,12,4,0,82.7,7.5,48.77,172684.76,2545.23,94.64,0.208,0.1,13,0,1,89.9,1
49,7,1524,0.218,11,1,3,67.9,5.1,41.34,270384.49,305.12,73.4,0.367,2.8,2,1,1,91.4,1
20,19,1155,0.035,26,8,7,50.1,5.1,49.79,420641.58,1390.49,62.77,0.305,2.4,16,0,1,34.2,1
45,76,27,0.254,6,9,7,43.0,0.5,4.26,419134.7,9119.97,12.17,0.151,15.6,16,1,1,63.9,1
46,78,421,0.181,23,1,7,33.7,6.4,12.83,10296.6,5906.53,82.96,0.359,4.0,5,1,0,31.5,1
19,43,1865,0.222,9,9,1,18.9,4.1,9.93,195003.78,2277.2,66.89,0.026,13.9,28,0,1,34.1,1
22,64,1097,0.24,7,6,8,36.1,5.9,97.93,261669.94,2306.08,24.76,0.109,19.7,28,1,0,79.9,1
25,18,479,0.099,3,9,7,42.9,2.1,1.44,2106.65,3593.91,72.82,0.297,14.8,11,1,0,63.5,1
36,24,1966,0.166,4,10,0,6.0,7.3,46.83,284568.71,3814.29,76.28,0.122,14.5,19,0,0,94.8,1
14,43,1297,0.25,19,8,2,56.5,0.5,48.84,267441.91,5152.15,98.99,0.049,8.5,27,0,1,57.8,1
39,59,1071,0.399,30,3,6,30.4,2.1,98.23,396633.28,7384.64,55.3,0.482,8.8,2,0,1,27.6,1
40,1,1065,0.006,11,10,6,4.0,4.9,54.85,214980.04,214.36,84.18,0.352,11.6,9,0,0,13.4,1
16,43,1169,0.319,2,5,4,5.9,7.2,21.79,122582.6,6736.46,26.06,0.328,11.4,2,0,0,35.7,1
12,3,955,0.163,13,4,5,83.4,3.2,32.99,281922.23,1061.33,86.27,0.438,11.6,0,1,0,71.2,1
11,49,1114,0.158,19,8,1,41.3,3.8,76.18,440163.69,5709.55,84.18,0.402,0.6,10,0,0,16.9,1
14,6,1616,0.467,2,10,6,19.5,6.1,76.99,278260.72,9695.46,95.22,0.407,16.1,29,0,0,0.7,1
35,50,107,0.251,11,2,4,88.0,0.6,31.77,367499.61,6529.54,18.47,0.452,10.8,29,0,1,51.0,1
1,46,336,0.266,22,0,0,76.9,0.8,97.04,147350.03,2138.38,97.47,0.113,13.5,28,1,1,65.6,1
26,15,671,0.378,20,8,1,92.1,3.5,66.29,31755.49,7144.18,55.5,0.153,13.9,17,0,0,12.6,1
9,4,1481,0.377,21,7,3,28.5,1.5,85.62,310878.3,7790.25,18.52,0.049,5.0,22,0,1,57.2,1
40,24,661,0.232,17,10,7,40.5,5.3,21.8,324790.44,278.72,41.17,0.085,10.1,25,0,0,53.0,1
42,47,1030,0.282,22,7,7,9.6,6.7,54.26,143355.71,2941.8,66.25,0.415,13.2,4,0,0,33.5,1
3,31,941,0.122,11,0,5,79.0,0.3,49.38,412669.68,8745.89,91.81,0.352,13.0,16,1,1,79.0,1
40,78,149,0.291,3,2,4,38.2,5.9,72.12,29117.09,709.28,58.7,0.284,14.9,6,1,0,50.5,1
3,6,1839,0.048,12,10,6,41.3,3.6,50.41,100573.54,7949.51,72.33,0.068,7.1,7,1,1,39.0,1
23,30,1742,0.237,23,9,3,74.8,1.1,69.98,214833.75,1597.21,84.58,0.462,15.4,6,1,1,53.1,1
44,79,1415,0.431,28,6,8,79.1,0.0,19.6,448160.91,7944.44,41.02,0.169,18.0,17,0,0,40.8,1
25,74,15,0.212,18,7,2,24.2,3.1,65.28,229213.64,1846.21,29.96,0.16,15.8,26,0,0,95.5,1
3,34,1329,0.441,1,9,8,38.8,7.4,44.78,490424.72,78.04,35.81,0.33,5.2,15,1,0,93.8,1
7,4,1940,0.163,27,4,0,94.7,0.8,78.8,380807.58,5800.81,56.71,0.136,1.8,12,0,0,81.7,1
34,17,1568,0.316,18,6,7,93.7,7.2,16.23,340519.9,6121.3,62.91,0.044,5.4,5,1,0,36.1,1
2,49,1806,0.359,7,7,4,56.7,1.1,82.81,260689.82,417.87,97.57,0.483,0.7,20,0,0,5.9,1
8,36,1359,0.137,15,3,0,14.1,2.8,76.62,69590.83,1288.63,41.55,0.402,1.2,9,1,0,40.1,1
21,80,1663,0.383,18,7,5,70.2,4.0,47.79,326915.27,2189.85,63.36,0.135,13.5,27,0,1,45.7,1
44,17,10,0.44,22,9,6,47.9,3.3,23.24,434213.53,2126.83,11.7,0.012,17.8,22,1,1,60.8,1
50,76,550,0.358,10,10,5,43.7,4.5,73.31,489179.13,3413.64,29.17,0.316,19.7,0,0,0,66.1,1
5,55,1536,0.005,1,0,2,4.8,3.7,7.49,66492.6,7948.62,46.02,0.108,2.8,19,0,0,46.0,1
37,61,773,0.154,29,3,8,15.4,2.4,68.3,174738.28,6723.89,19.41,0.263,11.4,14,0,1,54.8,1
2,66,1900,0.283,4,4,3,44.8,5.4,8.78,162081.01,1295.62,71.31,0.309,12.2,23,1,0,42.4,1
6,45,1176,0.463,18,8,1,86.0,1.1,61.06,410084.77,4042.87,81.9,0.473,5.9,21,1,1,92.1,1
49,74,1192,0.297,25,5,3,24.8,6.8,13.47,306691.75,5742.0,45.83,0.008,10.9,29,0,1,24.2,1
6,32,786,0.305,4,9,0,34.8,0.8,27.34,463470.99,7254.18,87.02,0.109,16.2,7,0,1,48.6,1
9,0,588,0.231,6,8,6,54.1,0.8,20.71,349621.92,6415.48,85.78,0.301,0.2,30,0,1,97.1,1
7,7,127,0.176,26,8,5,54.9,5.1,79.44,48324.39,6392.4,98.93,0.305,10.7,2,1,1,91.8,1
26,40,1157,0.009,26,5,0,67.3,5.5,50.55,356686.99,3071.01,30.35,0.086,2.4,28,1,1,4.5,1
17,72,1641,0.115,13,7,8,45.8,1.0,89.11,175693.69,5876.89,38.85,0.267,6.9,17,0,0,77.8,1
50,78,1094,0.16,18,9,5,78.8,6.4,51.78,279435.32,5826.67,98.07,0.482,7.4,27,0,1,4.7,1
25,4,1166,0.19,22,5,6,97.3,7.5,83.68,323541.52,5589.31,66.4,0.021,1.0,1,1,1,49.6,1
17,17,97,0.258,24,7,1,79.2,5.2,16.05,175144.35,4638.23,66.61,0.42,1.4,5,0,0,62.2,1
28,21,805,0.057,30,7,3,63.4,7.3,91.74,4451.73,9912.21,56.74,0.269,19.1,14,0,1,40.0,1
17,46,617,0.329,21,1,2,67.0,4.7,80.41,142088.66,2568.0,46.8,0.404,9.1,12,0,0,1.9,1
12,66,1255,0.207,14,0,0,29.4,0.4,86.15,12681.6,7712.44,77.89,0.274,8.7,7,0,1,45.8,1
31,14,246,0.377,2,6,0,96.6,5.2,57.58,349185.78,5573.19,25.4,0.362,16.5,9,0,1,47.0,1
33,35,1045,0.466,21,8,0,69.1,5.0,3.89,497765.43,5282.11,12.44,0.207,5.8,17,1,1,80.5,1
39,72,748,0.221,7,9,4,86.7,3.2,13.31,382470.77,7984.06,52.92,0.047,10.3,6,0,0,4.7,1
37,3,86,0.245,15,9,7,94.0,1.3,86.16,195574.56,3395.15,29.09,0.082,2.5,21,1,0,84.6,1
29,32,1559,0.221,8,8,0,5.4,3.5,44.35,338826.9,4931.67,48.77,0.105,8.6,14,0,1,25.4,1
21,61,1829,0.128,17,2,5,62.9,5.0,94.53,235997.02,8371.93,85.18,0.362,5.9,23,1,0,59.9,1
25,6,1053,0.157,24,6,5,24.9,4.7,7.53,454673.07,9714.76,28.36,0.461,8.7,26,0,0,13.1,1
26,9,517,0.165,13,6,8,43.1,0.8,37.94,341069.84,1291.17,49.71,0.244,11.9,9,0,0,45.5,1
33,36,408,0.451,25,2,7,84.9,5.7,25.43,184327.7,1369.23,23.59,0.058,10.2,13,0,1,90.5,1
46,20,277,0.047,17,5,0,5.1,7.9,1.76,225796.1,4219.59,64.63,0.489,18.0,13,1,0,55.4,1
21,19,1567,0.007,27,8,5,83.4,4.5,24.82,195091.34,4683.63,34.48,0.057,15.6,10,0,1,29.8,1
31,11,574,0.276,7,1,4,98.6,3.3,15.24,327788.76,4859.18,86.75,0.435,14.4,29,0,1,3.0,1
43,67,163,0.063,1,1,1,50.9,4.5,4.45,116382.96,9056.67,91.37,0.159,11.1,29,0,0,41.6,1
21,69,1082,0.44,8,1,2,85.1,4.9,99.07,298124.03,7118.62,78.82,0.415,9.1,4,0,1,65.2,1
43,27,39,0.139,28,0,4,42.1,6.6,46.65,328781.21,7081.31,82.94,0.232,1.9,23,1,1,87.4,1
38,41,1196,0.094,3,7,2,89.5,6.7,85.68,212860.68,7341.68,80.74,0.242,18.2,14,0,1,73.2,1
35,66,210,0.198,11,1,7,49.2,5.0,49.68,236793.57,1028.78,87.0,0.436,13.5,22,1,0,2.0,1
28,35,365,0.405,23,2,5,13.2,2.7,2.34,105116.78,1421.07,75.57,0.143,8.1,21,1,0,80.4,1
11,34,1200,0.319,9,1,8,86.3,6.7,63.96,123805.63,7277.73,34.69,0.285,1.8,28,0,0,7.3,1
38,11,1324,0.122,1,10,1,37.5,5.7,29.4,261138.28,921.02,60.85,0.38,15.9,2,1,0,12.1,1
38,11,71,0.433,16,3,4,19.6,5.1,39.35,417378.94,624.8,26.64,0.24,11.6,13,1,0,95.4,1
37,34,1977,0.236,12,10,6,86.6,4.1,94.57,225037.85,7035.3,82.14,0.357,12.7,27,1,0,87.4,1
35,69,1736,0.457,11,2,1,44.6,7.3,32.65,140228.5,5868.93,83.06,0.111,2.3,29,0,0,71.0,1
34,27,785,0.431,16,8,5,38.1,2.5,76.07,81234.39,2285.25,80.44,0.06,11.4,9,0,0,2.1,1
23,58,1298,0.467,16,1,7,48.0,0.6,40.6,162944.34,2386.05,74.99,0.445,5.1,5,0,1,56.8,1
47,59,1849,0.477,22,2,8,53.8,0.9,30.06,169781.83,1057.68,53.19,0.272,8.6,24,0,1,40.1,1
4,47,822,0.355,28,9,8,26.4,1.9,59.36,41082.48,762.77,13.74,0.465,2.6,23,1,1,3.4,1
31,71,404,0.446,25,7,3,4.5,0.6,61.93,490423.2,5262.1,87.24,0.208,10.1,14,1,1,37.3,1
19,72,766,0.051,7,0,6,59.2,2.4,74.48,174951.38,7493.47,18.34,0.038,8.5,28,1,1,65.6,1
48,0,244,0.264,25,6,4,26.0,6.6,83.12,393426.62,9748.76,12.28,0.293,8.6,7,1,1,71.5,1
16,22,1701,0.493,24,2,5,40.9,1.8,52.4,387630.75,5779.91,16.18,0.082,17.1,28,1,0,8.7,1
25,79,31,0.122,14,7,6,93.5,5.5,56.78,139533.98,8432.59,48.79,0.377,9.4,14,1,1,81.3,1
35,46,363,0.284,18,10,6,51.0,1.6,69.19,164561.98,3084.06,40.19,0.235,11.3,28,0,0,35.0,1
22,50,999,0.025,26,6,0,88.8,7.4,75.53,19882.28,2543.64,12.32,0.227,14.0,13,0,1,74.4,1
48,46,1480,0.356,11,9,6,61.7,2.3,1.22,314251.44,1514.65,67.91,0.291,19.6,1,0,1,15.4,1
7,29,1050,0.027,24,9,7,54.4,0.4,13.06,380364.31,2078.92,77.24,0.469,3.3,2,1,1,99.7,1
45,10,1455,0.237,26,1,5,69.6,3.9,84.38,357232.49,1591.78,84.31,0.497,3.6,23,1,0,77.9,1
18,16,372,0.214,20,2,4,48.7,6.7,26.25,350341.8,1366.84,71.9,0.206,0.2,4,1,0,99.1,1
43,68,1828,0.323,3,7,6,10.1,0.7,36.8,4795.57,7346.15,32.42,0.241,2.0,22,1,0,47.1,1
13,3,984,0.354,22,2,1,83.6,3.9,80.95,473394.68,8293.17,88.51,0.288,3.3,7,0,1,77.4,1
44,42,269,0.166,29,2,2,29.3,2.5,35.54,404168.65,7682.68,15.99,0.442,0.7,25,1,0,24.5,1
19,52,411,0.048,22,6,3,60.7,6.1,90.43,488252.19,7214.27,46.59,0.444,12.1,14,0,0,9.9,1
29,49,1090,0.42,19,1,4,63.9,4.0,64.57,309388.11,3071.7,48.17,0.21,8.0,5,1,1,65.8,1
24,28,1451,0.299,17,7,3,85.4,6.2,80.63,42760.52,5461.48,76.81,0.48,8.0,11,0,0,34.5,1
43,36,1308,0.004,19,5,1,60.5,2.2,68.05,12211.86,4912.92,57.7,0.208,18.3,4,1,0,46.6,1
49,16,1931,0.229,3,9,0,78.8,3.9,54.09,98332.15,3168.08,22.68,0.341,19.4,26,1,1,12.5,1
23,76,1537,0.224,21,0,2,20.4,4.6,76.34,218291.39,747.33,19.97,0.438,8.1,12,1,0,20.4,1
3,34,1556,0.42,17,7,3,50.9,0.3,92.03,78843.06,9239.97,65.19,0.38,15.2,30,1,0,68.9,1
22,63,1627,0.167,14,2,5,96.0,4.2,91.33,212811.51,1307.13,78.95,0.207,18.7,29,0,1,66.1,1
5,1,1697,0.193,12,2,3,15.3,2.6,55.49,286929.26,2365.37,60.95,0.187,17.6,12,0,1,66.2,1
34,10,479,0.016,23,2,4,19.8,5.8,47.73,456225.61,4461.21,76.53,0.324,18.3,4,0,0,62.7,1
1,20,48,0.259,7,6,7,70.0,6.8,8.94,143940.4,7704.59,80.48,0.35,15.1,7,0,0,28.6,1
4,50,1705,0.036,8,9,5,13.9,4.6,99.28,205450.1,6478.64,20.33,0.47,7.5,13,0,0,35.8,1
35,64,696,0.482,21,1,2,85.4,1.1,39.2,261172.15,2695.54,37.17,0.206,13.6,8,1,1,29.3,1
30,15,432,0.125,21,6,4,75.6,0.7,1.94,292699.29,6442.89,30.27,0.408,9.6,23,1,1,27.8,1
43,43,1116,0.011,11,6,3,66.7,4.2,9.04,227296.26,1808.2,19.74,0.381,9.6,3,1,0,37.4,1
2,53,1639,0.214,15,5,0,97.1,1.2,82.89,388663.24,885.49,85.91,0.268,0.2,4,1,0,48.0,1
41,24,1961,0.354,26,10,8,67.9,3.1,43.18,418405.89,794.22,33.39,0.295,10.5,23,1,0,15.3,1
12,20,1972,0.421,22,6,1,28.3,3.3,47.79,345097.88,7902.49,31.55,0.033,17.7,20,1,0,87.7,1
16,45,1756,0.197,28,2,3,88.9,1.6,34.71,464646.34,6718.09,39.32,0.406,14.3,4,1,1,49.1,1
47,67,921,0.321,30,9,0,87.0,6.4,74.81,138284.16,6409.73,37.47,0.415,5.3,28,0,0,64.5,1
2,24,1574,0.095,27,0,2,81.2,2.4,15.87,418125.18,761.52,15.88,0.35,11.4,21,1,1,77.2,1
49,59,1927,0.3,15,2,7,34.1,1.2,89.49,263843.0,4799.41,82.87,0.303,19.2,26,0,0,71.8,1
38,7,701,0.231,27,4,8,68.7,6.2,43.01,433918.91,813.0,30.88,0.489,9.8,29,0,1,28.0,1
15,77,1164,0.361,18,4,8,59.3,3.4,99.8,245657.29,8952.15,89.73,0.213,9.1,23,0,1,12.1,1
17,39,1124,0.487,8,3,2,95.1,0.6,63.48,323512.27,9029.8,87.76,0.039,4.5,2,0,0,47.3,1
1,46,1201,0.159,13,4,7,83.6,3.8,27.88,454007.1,1416.3,59.63,0.306,11.7,27,1,1,2.1,1
7,37,1218,0.354,14,0,4,47.7,4.9,58.44,40483.18,8337.27,39.75,0.463,3.5,17,1,0,92.9,1
25,39,1581,0.037,29,6,5,18.0,4.2,1.29,314881.99,1519.68,56.75,0.424,12.4,8,0,0,39.5,1
45,32,1128,0.006,6,8,0,76.7,2.6,73.92,276996.67,5300.82,76.34,0.165,11.8,12,0,0,64.1,1
48,59,1848,0.158,15,0,7,32.5,5.6,20.45,419032.21,3947.41,65.51,0.456,6.3,6,0,1,5.4,1
30,52,1778,0.02,28,1,8,75.6,7.3,72.88,171218.87,4080.87,59.05,0.288,7.0,2,0,0,98.6,1
16,58,214,0.274,15,8,1,35.5,5.4,77.77,260194.2,4095.59,17.26,0.067,14.6,16,0,1,9.3,1
48,10,934,0.339,14,4,5,65.9,4.4,69.93,149693.8,2191.7,20.54,0.2,16.5,20,0,0,22.9,1
35,77,120,0.46,17,6,8,73.8,5.3,56.99,497574.34,9013.87,69.09,0.003,13.7,15,0,1,44.4,1
18,3,211,0.082,17,7,0,3.9,2.0,76.45,417627.76,7817.47,84.44,0.339,10.8,8,0,1,50.2,1
4,25,219,0.252,30,6,0,25.2,6.6,69.53,91777.11,2938.44,27.21,0.266,0.6,16,1,1,2.8,1
48,77,835,0.056,28,1,8,44.2,0.1,68.39,5929.23,2358.96,37.7,0.304,14.4,18,0,0,71.4,1
35,25,1244,0.061,5,2,7,67.7,6.7,13.98,188574.17,3665.15,12.41,0.227,1.7,1,0,0,23.3,1
9,54,947,0.344,9,6,2,90.9,5.6,92.08,181319.41,8766.48,59.9,0.113,5.7,0,0,1,20.7,1
17,30,1088,0.372,11,7,8,90.6,3.4,74.49,482766.05,5026.87,22.68,0.108,2.8,0,1,0,66.7,1
4,31,1746,0.454,23,1,6,91.7,1.0,8.83,448460.77,1329.51,44.54,0.268,12.9,11,1,1,84.0,1
2,33,278,0.438,15,1,8,75.9,1.5,38.84,17417.35,262.71,78.71,0.111,15.7,18,0,1,47.9,1
37,70,212,0.073,9,10,8,28.0,6.6,96.32,436180.82,8056.16,45.47,0.437,18.7,12,0,0,46.0,1
7,68,644,0.313,3,7,6,93.7,3.8,39.27,471005.56,6938.0,62.74,0.464,3.4,4,1,1,29.2,1
21,27,558,0.229,14,8,8,43.1,4.2,90.33,340475.57,598.3,10.97,0.302,13.7,18,0,0,72.7,1
1,29,628,0.31,29,7,7,9.0,0.7,30.29,353445.61,6735.85,80.03,0.006,4.8,10,0,1,56.8,1
14,20,825,0.305,7,10,7,30.6,5.4,23.68,424649.83,6040.02,94.33,0.413,12.0,13,1,1,89.5,1
11,60,1293,0.359,17,9,3,93.3,7.0,40.64,98913.31,6942.27,62.18,0.317,13.4,17,1,1,2.6,1
34,26,920,0.037,19,10,7,3.8,0.7,68.52,399541.62,250.17,30.61,0.242,6.0,23,1,1,66.9,1
48,59,941,0.244,22,4,1,17.8,6.2,41.72,168224.61,2892.1,83.43,0.137,9.9,2,0,0,45.9,1
10,76,561,0.446,28,10,5,69.9,4.8,10.07,337484.09,6761.19,22.32,0.216,0.7,6,1,0,51.6,1
33,68,557,0.145,25,8,6,39.8,5.3,5.63,320793.81,8361.6,66.34,0.015,19.6,4,1,0,5.9,1
12,16,1340,0.401,16,10,3,69.1,7.1,90.4,95791.82,752.29,48.16,0.33,2.5,23,1,0,88.5,1
2,74,1736,0.182,22,7,0,85.4,5.6,77.84,256740.0,5968.77,73.66,0.229,3.2,25,0,1,13.0,1
8,14,1798,0.098,30,8,2,28.7,6.1,35.2,247540.32,1666.11,75.34,0.149,19.0,2,1,1,59.3,1
38,77,448,0.274,3,8,8,6.9,0.3,73.74,393538.0,6836.84,36.44,0.059,15.8,28,0,1,50.0,1
14,77,1450,0.196,8,5,3,90.8,3.9,80.64,316459.21,5415.78,75.54,0.16,11.8,2,0,0,21.7,1
26,24,1927,0.012,12,1,1,92.9,5.3,46.49,378467.55,5596.84,54.27,0.068,3.0,15,0,1,51.4,1
24,40,681,0.017,15,3,4,98.4,2.2,26.37,462947.5,1389.41,67.9,0.009,2.8,22,1,1,84.6,1
33,27,205,0.062,17,6,8,24.2,2.5,99.1,363211.05,4810.44,34.67,0.417,3.3,4,1,1,86.0,1
47,54,925,0.069,13,1,1,32.7,1.2,25.87,231068.51,7015.64,51.79,0.328,2.7,15,0,0,5.3,1
16,64,681,0.187,26,1,7,50.3,2.4,20.1,126736.47,6842.17,80.7,0.421,9.4,9,0,0,98.3,1
41,1,1706,0.443,1,7,3,35.8,6.7,30.77,421202.65,5221.5,78.86,0.387,13.8,20,0,1,36.4,1
6,38,898,0.445,17,5,1,71.0,2.4,79.38,481817.83,2734.33,89.09,0.303,6.7,4,0,1,22.3,1
32,48,389,0.243,9,0,8,78.7,6.2,87.63,473072.34,5374.01,56.67,0.443,5.8,8,1,0,44.9,1
26,42,1059,0.003,11,9,6,64.2,1.1,41.47,346393.86,2074.86,88.24,0.232,12.9,26,1,0,88.0,1
26,28,503,0.195,15,4,7,85.2,1.7,53.43,358950.6,8772.22,34.67,0.142,19.9,30,0,1,27.5,1
18,63,1314,0.017,26,0,7,95.5,0.8,96.36,357355.31,7449.63,68.11,0.074,6.6,10,1,1,80.5,1
40,17,1723,0.029,30,7,2,78.0,4.8,72.67,178854.71,2187.38,47.66,0.459,16.1,23,0,0,53.3,1
7,72,235,0.192,12,6,0,71.3,6.7,43.3,109965.8,8008.7,40.57,0.108,1.2,17,1,1,4.4,1
40,63,361,0.116,22,3,3,49.7,2.3,74.19,18193.5,6729.84,99.77,0.347,9.8,19,1,0,86.9,1
6,20,1414,0.213,24,2,8,37.9,4.8,35.89,213501.24,9710.28,35.09,0.404,5.7,5,1,1,7.2,1
36,6,768,0.418,17,7,8,58.0,5.2,22.31,426717.44,4717.98,13.6,0.046,1.0,11,0,0,75.3,1
11,74,144,0.408,1,10,4,53.7,1.3,82.52,185826.24,8183.32,59.61,0.124,8.8,14,0,1,58.9,1
46,64,1836,0.362,10,5,6,95.6,3.5,12.81,261083.4,9502.62,61.25,0.074,5.2,6,0,0,80.2,1
40,13,1529,0.377,15,2,8,96.4,3.3,67.48,54008.46,9784.86,31.89,0.492,15.9,14,0,1,47.9,1
34,39,632,0.44,26,5,2,41.1,2.4,81.37,64947.62,4489.03,85.46,0.484,2.7,23,1,1,33.2,1
6,56,1328,0.101,25,3,1,89.4,7.2,3.94,327363.69,7389.99,41.14,0.075,6.1,8,1,1,91.7,1
20,74,1327,0.088,23,1,3,20.8,4.1,65.16,241544.09,9562.58,10.95,0.062,19.6,7,1,1,81.0,1
10,51,658,0.115,21,0,7,36.2,1.7,28.85,262465.35,2837.29,92.19,0.487,6.5,12,0,1,87.1,1
17,13,1338,0.107,23,0,7,67.4,3.1,59.64,225511.73,3558.95,60.15,0.153,15.1,13,0,1,15.8,1
3,20,557,0.366,8,8,3,93.0,6.5,30.87,30636.22,6194.22,93.1,0.258,0.0,20,0,0,97.8,1
20,70,1261,0.164,6,2,5,7.3,7.3,75.13,142422.38,7259.38,22.26,0.323,20.0,0,0,1,35.7,1
50,28,1481,0.202,18,8,2,53.5,7.2,95.21,420934.65,1078.03,81.81,0.241,7.4,21,0,0,0.1,1
5,11,876,0.091,25,9,5,92.8,3.3,92.26,7407.97,1789.57,11.89,0.129,2.1,6,0,1,46.9,1
6,70,1253,0.367,17,3,0,68.8,5.8,84.71,62560.05,314.37,19.34,0.073,8.0,26,0,1,65.7,1
20,65,1803,0.41,25,9,7,50.3,7.6,48.24,108429.33,5545.65,66.84,0.443,6.0,21,1,0,78.8,1
35,18,868,0.4,24,6,7,67.7,0.8,77.84,166782.16,1575.63,80.61,0.26,8.3,4,0,0,24.1,1
48,37,1587,0.253,20,6,1,64.5,2.6,21.16,40202.96,4037.13,24.57,0.5,2.8,21,1,1,5.1,1
39,16,764,0.101,23,10,3,92.4,4.2,3.12,110776.64,771.86,16.26,0.227,18.5,14,1,1,20.5,1
16,19,1413,0.131,9,5,0,66.1,4.8,6.85,88428.04,4901.41,86.02,0.131,6.6,11,0,1,10.9,1
3,52,509,0.275,25,0,4,57.7,5.1,98.69,361460.59,875.71,94.87,0.24,17.2,8,0,1,27.4,1
45,30,1013,0.379,1,1,1,25.9,6.7,91.77,117639.16,4943.85,25.12,0.209,4.2,11,1,1,9.3,1
7,78,1347,0.146,11,1,7,65.6,7.3,46.77,389619.26,7069.31,88.79,0.077,14.3,8,0,1,35.0,1
38,23,571,0.209,29,8,8,21.6,3.0,75.87,46612.91,337.98,79.31,0.013,1.1,11,0,0,27.5,1
26,72,1740,0.057,3,4,6,40.4,7.4,69.04,208175.05,9599.47,58.98,0.491,8.0,18,1,1,83.9,1
36,8,525,0.476,26,0,0,47.7,6.6,12.52,190082.93,8208.45,56.35,0.081,16.7,9,1,0,91.7,1
9,61,1354,0.306,10,9,1,52.5,4.7,81.67,55686.79,8128.32,82.04,0.135,12.7,8,0,1,94.0,1
50,55,618,0.294,29,0,0,54.0,6.6,36.65,271816.79,5088.9,61.97,0.483,10.6,6,1,1,25.9,1
21,27,762,0.309,3,5,0,79.1,3.9,21.53,237574.03,478.71,99.85,0.307,14.8,10,1,1,46.7,1
11,11,146,0.023,27,2,3,73.5,4.8,25.08,203720.06,5847.9,53.05,0.444,6.0,16,0,1,71.9,1
39,39,50,0.5,19,8,2,43.4,2.0,90.66,267888.37,8284.01,64.26,0.069,18.2,21,1,0,53.1,1
22,11,1950,0.081,19,2,4,20.2,7.8,36.55,469071.47,3484.2,37.71,0.06,5.7,3,0,1,62.0,1
23,58,935,0.487,6,4,3,34.4,0.6,21.5,81338.04,4553.07,35.4,0.415,2.9,18,0,1,44.6,1
33,31,1286,0.011,4,7,7,51.5,0.7,36.21,288642.24,6660.33,72.62,0.392,11.3,2,0,1,13.9,1
47,26,116,0.077,12,7,7,89.8,1.1,18.47,467905.99,3492.09,92.77,0.065,2.2,20,1,0,99.3,1
39,61,1744,0.272,2,10,5,66.6,1.6,43.41,458530.83,8257.76,52.94,0.034,10.2,15,0,1,50.4,1
22,41,1932,0.065,17,4,3,46.1,4.4,64.44,313696.0,7992.18,31.02,0.273,5.3,28,1,0,19.2,1
28,68,64,0.449,22,5,3,43.1,7.7,95.49,7625.1,1329.31,13.79,0.065,5.3,19,0,1,25.6,1
7,41,1514,0.367,14,0,0,13.1,3.7,26.15,382264.39,224.01,40.53,0.098,16.4,29,0,0,14.0,1
32,18,274,0.208,27,2,0,84.2,4.8,2.4,389160.16,6154.94,54.3,0.071,0.5,18,0,1,18.8,1
17,43,249,0.117,15,0,4,55.4,4.1,77.93,88525.32,2448.58,17.83,0.309,10.5,0,1,0,9.8,1
43,56,1603,0.333,14,1,5,57.5,1.4,49.85,412496.69,7610.79,71.36,0.301,1.2,20,1,1,57.8,1
4,23,1270,0.079,3,5,2,43.4,0.5,66.36,480794.16,4557.04,72.3,0.141,5.8,9,1,0,70.5,1
35,58,1501,0.251,28,10,1,46.3,7.4,36.13,368667.63,8340.37,54.52,0.052,4.7,7,0,0,51.3,1
34,34,1322,0.088,12,0,4,41.0,6.9,61.66,57292.25,6876.85,99.81,0.117,17.2,8,0,0,55.8,1
41,75,1829,0.262,25,8,1,28.1,6.6,65.35,323543.88,2655.1,15.94,0.362,13.3,23,0,1,78.8,1
5,80,37,0.009,10,7,1,55.9,4.8,38.52,451455.12,9413.69,35.27,0.108,13.2,17,1,0,89.2,1
14,18,1335,0.129,24,1,7,41.3,7.5,24.36,183039.1,5727.21,64.67,0.218,6.2,14,1,0,26.3,1
28,67,1351,0.227,26,10,7,68.6,1.1,45.35,230737.12,1020.02,88.37,0.376,1.4,21,1,1,17.2,1
41,33,320,0.032,24,7,8,75.2,7.9,22.16,293094.56,8653.73,32.73,0.043,3.7,5,1,1,91.5,1
35,27,1336,0.26,24,3,8,6.2,2.9,75.74,477415.96,9944.17,89.55,0.064,0.6,24,0,0,15.9,1
14,41,513,0.492,11,0,2,30.0,7.9,96.84,499115.44,5947.95,74.55,0.149,2.8,3,1,0,46.3,1
21,9,232,0.048,10,6,0,91.2,1.6,6.81,203984.5,6513.48,50.03,0.225,16.7,19,0,1,91.3,1
5,68,1731,0.078,15,8,5,32.2,7.4,93.18,15637.97,2002.38,37.2,0.009,0.9,21,0,1,62.3,1
4,51,1904,0.237,29,1,1,15.5,7.7,99.22,73774.87,5196.76,26.14,0.2,18.8,5,0,1,8.1,1
19,43,1812,0.347,1,2,5,34.0,3.4,94.65,203247.81,9651.98,79.48,0.006,2.0,18,0,0,78.7,1
41,30,1746,0.419,3,9,1,95.1,3.4,63.52,146333.77,7600.55,74.98,0.126,0.0,19,1,0,71.7,1
20,48,1461,0.356,10,7,6,9.0,7.9,61.14,58923.84,2422.49,36.21,0.294,15.7,18,0,1,68.4,1
29,27,601,0.389,3,5,5,14.9,5.4,96.78,57385.57,7391.7,88.87,0.079,4.4,11,1,1,83.1,1
15,78,684,0.448,8,7,6,94.1,1.5,35.1,357590.69,4035.58,61.15,0.387,6.7,28,0,0,72.7,1
23,4,1706,0.015,6,7,4,71.9,3.5,47.18,482607.73,1911.61,10.25,0.184,15.7,9,1,1,42.3,1
9,59,769,0.084,18,4,1,5.2,2.8,38.34,174307.12,2235.95,18.42,0.171,11.9,6,0,1,39.4,1
32,12,403,0.42,7,4,0,76.8,4.9,80.47,426252.42,1874.81,34.74,0.444,6.9,8,1,0,56.6,1
24,16,1226,0.45,9,8,1,71.2,1.8,54.21,463831.3,1341.55,61.73,0.429,15.5,12,1,0,44.4,1
15,62,1012,0.219,17,10,7,52.6,1.1,74.46,119091.59,4444.57,67.27,0.168,19.2,28,0,0,10.0,1
32,60,1902,0.439,28,9,2,32.6,2.5,93.59,105370.39,7379.03,14.46,0.143,16.9,20,0,0,80.2,1
13,39,152,0.006,14,6,2,92.3,4.7,58.07,163714.54,4188.2,75.15,0.066,4.3,4,1,0,87.8,1
21,71,1337,0.015,22,9,3,59.9,2.2,19.6,189221.46,8304.1,20.85,0.499,10.9,15,0,1,13.7,1
50,74,1144,0.257,15,7,1,44.9,5.4,77.1,189823.92,6272.92,67.18,0.31,5.3,4,0,1,38.4,1
35,12,80,0.208,23,9,4,13.8,6.9,90.3,60383.01,5083.87,79.24,0.205,1.7,16,0,0,18.2,1
17,76,610,0.352,11,9,5,45.9,0.3,4.77,187127.02,998.78,27.63,0.067,3.5,29,0,0,68.3,1
4,18,177,0.161,5,5,8,60.2,1.0,83.45,136742.03,7715.05,61.55,0.388,14.8,23,1,1,67.2,1
45,40,1004,0.076,22,9,4,50.5,5.4,30.87,168578.75,639.05,37.1,0.263,14.5,10,1,0,53.7,1
24,25,1021,0.289,1,6,6,66.0,3.2,39.96,431172.64,758.36,24.45,0.048,12.5,12,0,1,95.3,1
7,8,1934,0.047,29,9,2,56.0,5.4,51.3,391201.07,5990.14,58.24,0.221,15.2,6,1,1,6.5,1
49,44,1572,0.4,10,2,4,12.0,1.4,3.31,282363.98,1846.26,26.52,0.018,15.8,6,1,0,43.5,1
44,76,1369,0.184,2,0,4,87.3,3.5,9.84,480267.47,2804.85,39.51,0.166,4.5,2,0,1,76.6,1
29,71,621,0.151,10,1,4,82.7,0.1,22.82,456001.84,1377.26,26.21,0.2,16.3,3,0,1,87.5,1
30,34,1992,0.48,24,1,2,18.1,1.1,56.38,478966.65,8668.22,55.49,0.374,11.6,11,0,1,66.5,1
48,38,1629,0.232,20,8,0,29.7,4.3,88.11,482161.72,6149.66,53.67,0.18,14.5,26,1,1,1.1,1
26,31,235,0.46,7,2,8,94.5,1.9,58.67,255137.99,3404.91,40.12,0.057,13.5,12,1,1,99.2,1
47,49,816,0.004,18,8,0,8.0,6.7,60.85,405371.45,6020.47,92.9,0.371,7.6,30,1,1,65.9,1
13,37,1908,0.15,7,3,4,67.9,3.5,21.08,327928.64,3073.72,42.39,0.211,2.5,13,1,1,21.6,1
9,9,1014,0.042,30,1,4,21.0,1.1,84.9,36185.35,7654.51,90.46,0.051,0.3,12,1,1,62.3,1
36,1,62,0.036,19,10,3,83.1,7.8,61.76,386474.04,1149.83,35.27,0.461,19.4,24,0,1,51.6,1
3,47,1664,0.172,14,10,2,45.8,0.5,32.63,290946.65,1901.4,46.79,0.246,5.9,4,0,1,86.1,1
45,45,803,0.389,24,8,7,46.0,2.4,50.23,26319.88,7787.16,42.26,0.103,18.2,1,1,0,23.6,1
6,37,677,0.24,11,0,2,24.6,7.1,71.29,63877.62,514.49,63.77,0.127,7.5,4,0,1,48.3,1
41,80,69,0.465,26,7,6,91.3,4.9,30.55,346205.31,6257.9,48.55,0.403,12.3,2,0,1,66.8,1
34,41,1249,0.44,28,8,8,58.0,1.5,68.55,391040.52,9344.94,11.21,0.141,18.4,6,0,1,4.6,1
25,55,1220,0.217,23,5,2,54.6,0.8,69.47,55406.93,5328.93,16.91,0.439,14.4,5,1,0,15.0,1
37,22,1277,0.094,1,1,8,68.1,4.7,77.87,219076.74,5241.55,83.4,0.08,16.8,28,0,1,11.6,1
6,50,867,0.004,9,1,4,43.3,1.1,20.07,116335.57,5829.57,94.25,0.016,5.5,16,0,1,27.2,1
49,52,801,0.345,7,4,5,65.8,2.3,24.64,360270.98,4922.42,74.99,0.115,11.2,21,1,1,59.6,1
6,15,379,0.149,30,9,8,35.7,1.0,18.21,364848.29,3652.19,93.68,0.101,6.4,24,0,1,12.1,1
38,27,903,0.27,4,3,4,51.4,2.4,20.86,433970.9,2649.47,16.66,0.489,4.5,21,0,1,58.7,1
14,24,1704,0.421,26,9,7,84.3,1.4,76.55,242811.73,8078.81,46.98,0.271,6.4,7,1,1,76.1,1
50,48,67,0.299,25,6,6,8.2,4.9,65.11,50335.93,8710.15,50.97,0.286,4.5,0,0,1,87.9,1
2,50,1117,0.084,27,9,3,8.8,7.8,47.66,304106.54,5175.55,93.01,0.041,5.5,1,0,1,80.1,1
27,7,978,0.075,23,6,2,83.9,7.1,40.14,123619.11,645.01,10.85,0.318,1.8,21,0,1,58.3,1
20,71,1257,0.392,27,5,6,99.9,5.5,33.03,218077.24,7432.88,61.03,0.48,0.0,15,0,0,56.9,1
11,27,1528,0.202,26,10,0,67.9,4.7,86.99,133662.63,3160.36,95.89,0.236,17.9,5,0,0,23.0,1
44,39,1687,0.238,23,5,4,44.5,5.7,79.41,446042.38,4231.34,25.19,0.147,1.4,23,0,1,42.6,1
46,29,304,0.178,6,5,1,15.7,3.2,49.32,147772.87,3440.91,30.29,0.009,14.1,22,1,1,71.4,1
5,30,1338,0.375,20,9,1,43.8,2.2,85.13,400466.54,9946.36,61.25,0.459,1.7,30,0,1,93.8,1
19,9,1791,0.499,6,7,2,31.1,5.8,72.58,48606.18,8912.47,63.37,0.222,18.7,1,0,1,18.2,1
35,63,1843,0.108,4,3,3,66.6,6.6,33.12,35216.59,1091.28,46.14,0.33,0.1,0,0,1,35.2,1
36,14,13,0.225,13,3,8,61.6,4.9,99.01,365804.24,4562.69,48.23,0.053,15.7,23,0,1,50.3,1
24,37,1857,0.434,14,6,2,40.9,3.9,92.65,192312.76,7771.85,86.85,0.192,0.0,14,0,0,36.2,1
43,57,685,0.081,28,0,1,86.6,1.6,77.53,408514.43,4782.6,48.36,0.136,9.4,23,0,0,24.6,1
39,24,1983,0.139,21,1,1,70.5,4.7,63.12,148849.31,7766.08,43.7,0.497,2.5,14,1,1,33.9,1
24,78,1397,0.016,25,4,8,90.3,1.9,94.45,394731.21,7786.71,88.13,0.282,4.8,26,0,1,28.2,1
47,75,877,0.07,20,4,1,51.5,7.8,93.85,359355.82,2026.93,83.59,0.431,3.2,29,0,0,12.1,1
1,72,1191,0.458,29,2,2,25.8,0.0,2.19,316562.84,4521.65,14.1,0.357,17.8,18,1,1,97.9,1
19,43,1854,0.131,1,4,5,7.5,0.2,91.38,42894.75,3229.15,84.2,0.146,6.4,21,0,0,20.8,1
10,46,1174,0.25,20,0,1,26.6,7.6,83.81,239777.08,4634.26,28.26,0.449,12.8,6,0,1,16.3,1
12,39,985,0.141,18,5,5,91.3,0.7,79.46,188934.08,7935.35,58.26,0.491,12.1,1,1,0,25.3,1
38,35,1029,0.433,23,9,1,61.8,5.8,40.36,71044.16,8737.43,11.57,0.235,0.0,12,1,1,69.5,1
25,49,1342,0.427,7,6,1,6.4,5.7,32.03,499580.72,5151.36,64.36,0.376,8.0,8,1,0,92.9,1
15,34,83,0.283,19,2,0,41.6,6.3,58.12,48247.33,7480.88,51.9,0.262,2.8,29,1,0,82.7,1
50,41,1548,0.295,8,8,5,45.9,7.5,31.55,472606.15,931.63,73.95,0.334,15.4,10,0,0,78.6,1
10,17,264,0.111,4,9,4,45.0,7.1,20.07,327700.59,3767.02,52.75,0.435,19.1,19,1,0,67.2,1
48,63,34,0.18,5,9,1,29.3,2.3,34.96,138763.67,2753.33,93.26,0.165,2.9,30,1,0,31.3,1
40,41,288,0.111,20,7,6,59.0,4.3,47.7,46756.71,9342.44,16.97,0.069,8.8,29,1,1,15.1,1
48,64,202,0.365,8,2,2,31.0,1.1,86.28,178472.47,1560.68,63.6,0.132,12.0,21,0,0,51.5,1
45,1,1128,0.499,16,1,2,64.1,5.1,31.05,479909.48,5929.72,59.01,0.5,8.6,14,0,0,52.5,1
31,64,1541,0.448,11,0,1,65.0,7.2,28.95,470057.02,209.28,27.25,0.283,7.5,2,0,1,69.1,1
37,13,786,0.07,25,8,0,23.8,1.1,16.08,282918.81,588.86,99.61,0.207,0.6,7,1,0,32.5,1
36,15,52,0.119,6,7,0,74.2,4.9,3.92,406332.74,2686.76,18.48,0.35,12.9,8,0,1,9.7,1
45,6,455,0.163,25,8,2,32.9,4.4,2.46,213225.44,5826.54,65.38,0.398,8.6,3,1,1,31.1,1
11,22,1210,0.083,7,6,3,48.0,6.5,86.22,408543.94,8821.35,86.02,0.478,8.5,30,0,1,42.4,1
44,60,25,0.265,12,1,7,7.7,7.9,70.87,207525.99,6814.73,12.54,0.244,17.5,17,1,0,50.4,1
11,54,190,0.252,13,9,6,27.5,7.1,93.89,278873.18,9841.17,53.87,0.192,13.7,24,0,0,1.2,1
18,14,1338,0.198,1,7,2,53.7,3.7,38.97,260641.83,9628.02,36.02,0.362,10.9,6,0,1,9.8,1
29,19,447,0.141,1,5,8,51.2,2.8,89.59,421691.54,3053.93,40.16,0.439,17.4,2,0,0,57.1,1
47,23,1587,0.423,22,7,6,34.1,5.0,61.67,119259.0,7260.21,60.25,0.139,11.2,8,0,1,81.5,1
14,44,902,0.146,11,6,1,39.8,6.9,27.88,273088.18,2449.52,35.17,0.103,11.5,14,0,0,36.3,1
5,2,660,0.061,29,1,3,40.9,6.6,85.79,39660.07,4280.88,86.28,0.258,10.7,12,1,1,23.0,1
15,32,830,0.461,6,7,4,68.3,5.1,35.12,146111.67,5024.19,79.6,0.253,13.1,11,1,1,54.3,1
30,76,1599,0.092,29,9,2,17.5,5.6,68.03,199238.11,4597.93,94.22,0.021,6.6,19,0,1,12.8,1
11,65,341,0.366,4,8,5,35.2,6.9,31.36,33484.44,6959.06,55.14,0.379,12.0,12,0,1,7.4,1
49,60,1703,0.107,3,2,3,10.7,6.8,76.83,14117.34,9316.6,78.98,0.407,9.0,22,0,1,16.3,1
40,40,1844,0.241,14,7,3,7.5,7.1,9.91,496768.71,9543.94,89.56,0.441,0.4,19,0,0,63.2,1
46,36,1493,0.258,9,6,6,96.6,3.5,15.17,385272.14,5486.63,34.62,0.075,15.2,17,0,1,53.6,1
12,69,787,0.401,27,10,3,36.5,5.0,55.01,392532.49,4741.55,91.89,0.378,16.7,21,1,0,74.0,1
43,66,1993,0.466,6,7,4,97.2,3.6,21.01,167325.79,8560.61,81.9,0.461,9.7,21,1,0,39.7,1
28,72,1392,0.287,22,3,2,86.0,6.4,94.72,38608.11,5235.05,22.82,0.437,6.2,14,0,0,68.2,1
50,78,208,0.181,13,4,6,86.8,7.4,87.29,259634.9,91.93,85.42,0.101,15.8,20,0,0,88.0,1
27,39,158,0.497,1,10,3,27.3,3.4,73.79,209141.15,4493.76,29.3,0.396,17.6,14,1,1,53.2,1
48,6,563,0.348,7,8,1,20.4,0.4,25.35,466311.3,5275.37,20.85,0.328,2.4,20,1,0,81.9,1
13,49,922,0.069,7,9,5,46.1,2.5,6.51,8293.23,3922.54,75.03,0.102,18.4,5,0,1,54.6,1
39,16,258,0.038,24,8,6,43.1,6.0,99.01,166886.96,8999.02,83.57,0.497,15.5,22,0,1,61.3,1
45,8,1069,0.33,17,2,5,18.8,7.1,16.85,247057.47,899.04,17.14,0.467,16.5,13,0,1,71.4,1
41,22,1180,0.244,1,0,0,81.8,4.7,72.58,365174.8,9313.99,92.33,0.437,12.3,18,1,0,39.4,1
32,22,1959,0.278,13,8,1,87.5,1.4,75.08,181633.78,4597.67,35.61,0.302,3.2,18,0,1,3.5,1
25,42,863,0.279,12,1,4,95.0,6.8,45.63,199785.71,1324.65,71.06,0.482,12.7,16,1,1,45.0,1
45,12,1668,0.255,7,3,8,8.3,1.6,5.22,272032.68,647.79,71.6,0.388,8.0,0,1,0,81.6,1
21,45,506,0.24,24,3,7,99.7,4.1,6.95,292517.78,5468.27,11.08,0.035,7.1,28,1,1,57.7,1
30,60,995,0.023,23,10,6,74.6,3.1,14.49,360851.73,2947.01,65.91,0.244,1.4,8,0,0,73.4,1
32,7,1594,0.054,6,0,2,8.7,2.1,54.48,136271.08,8451.87,76.9,0.397,4.6,25,0,0,23.3,1
43,53,366,0.104,14,8,5,13.7,5.0,51.15,467060.84,7395.12,53.51,0.01,10.8,14,0,0,67.6,1
44,42,657,0.008,10,7,3,25.2,6.6,78.14,289370.36,6619.37,61.58,0.311,4.6,3,1,1,3.2,1
31,33,1433,0.324,17,0,4,96.4,6.0,73.04,441160.05,402.07,44.95,0.047,17.6,12,1,0,13.2,1
19,18,267,0.497,2,4,0,62.4,0.5,96.03,227181.56,7064.73,99.79,0.177,3.6,17,0,1,47.1,1
14,58,226,0.073,1,3,4,94.4,6.2,19.6,320039.99,1238.39,83.85,0.191,12.6,10,0,1,7.1,1
23,42,178,0.237,21,2,4,87.4,6.5,85.85,494426.29,853.87,76.26,0.3,17.5,15,0,0,69.8,1
18,5,563,0.166,24,6,1,98.2,0.6,92.83,360644.04,6909.01,35.26,0.461,19.6,17,1,1,14.8,1
17,43,1494,0.065,13,6,5,4.4,4.8,40.72,249536.41,9776.58,28.38,0.203,18.4,7,0,1,64.6,1
14,66,1469,0.18,30,10,0,3.9,7.2,86.9,292682.66,1001.79,82.89,0.025,7.0,22,0,0,63.5,1
23,15,1745,0.329,29,10,4,37.3,0.1,86.85,273416.08,8372.34,63.68,0.323,2.6,10,1,1,68.3,1
33,61,1029,0.406,27,5,4,58.3,3.6,78.9,490353.87,3229.29,84.44,0.253,6.4,6,0,1,76.9,1
40,53,1299,0.083,3,10,3,18.8,7.4,9.65,441079.65,7531.62,93.67,0.266,18.4,1,0,1,0.3,1
2,41,1409,0.075,13,4,7,7.6,1.4,86.42,361079.08,4737.98,87.57,0.383,0.7,11,1,1,9.5,1
43,78,416,0.183,14,6,3,19.6,5.2,3.76,473015.23,2940.85,92.93,0.04,9.0,0,1,1,46.0,1
26,18,70,0.02,24,0,2,7.4,4.7,20.24,397437.12,7759.66,44.33,0.126,0.6,6,1,0,58.6,1
26,18,1108,0.085,29,9,5,39.4,6.1,85.84,455310.06,2392.62,15.25,0.443,13.1,17,0,1,83.4,1
23,36,681,0.19,13,8,8,85.5,1.4,43.58,66649.72,6005.95,76.89,0.308,17.5,8,0,1,52.2,1
9,76,579,0.05,18,2,1,57.9,0.4,12.89,268565.51,5577.84,16.83,0.419,1.8,11,0,1,73.0,1
35,7,307,0.349,28,3,0,33.8,0.4,31.55,68066.84,4162.01,62.58,0.242,8.2,22,0,1,23.7,1
40,78,251,0.265,24,6,1,6.5,7.4,94.14,113045.93,4673.02,43.98,0.02,16.9,20,0,1,58.7,1
41,39,1179,0.474,1,10,4,85.1,7.1,64.74,22554.46,530.33,52.39,0.49,19.5,11,1,0,89.3,1
44,66,991,0.177,28,9,1,61.8,2.3,32.72,243415.93,688.78,56.68,0.293,7.8,0,1,0,6.9,1
14,41,324,0.449,14,0,1,87.0,0.7,54.48,21960.1,8569.18,29.57,0.245,11.3,27,0,0,60.1,1
13,5,386,0.194,2,8,6,42.3,5.0,48.03,300821.96,8985.84,26.57,0.032,10.0,6,0,1,63.9,1
14,8,1083,0.448,12,5,5,72.8,0.6,37.81,118954.66,1272.96,91.31,0.302,7.7,9,1,1,82.1,1
27,44,1836,0.175,13,9,6,84.0,5.8,20.91,9494.02,8467.93,93.0,0.39,6.7,19,0,0,70.6,1
48,72,312,0.497,13,3,8,13.3,5.3,60.59,45095.7,1539.14,23.41,0.475,0.6,26,1,0,36.4,1
38,26,660,0.193,27,3,0,63.1,5.0,7.48,440037.06,4394.12,95.49,0.221,14.2,2,0,0,46.6,1
26,11,1878,0.308,15,7,7,16.3,5.5,86.78,73532.88,5775.33,93.29,0.093,6.6,15,0,0,13.5,1
11,40,580,0.113,26,1,4,23.0,1.9,26.07,218351.64,7547.58,35.58,0.012,10.6,23,1,0,20.4,1
39,74,760,0.124,9,8,8,3.4,4.4,39.07,147422.42,4585.39,27.72,0.261,7.4,6,0,0,44.9,1
12,35,335,0.437,3,10,7,4.8,6.5,22.66,43262.57,3428.53,23.68,0.314,7.6,21,1,0,14.9,1
34,0,150,0.147,17,2,6,50.7,7.0,17.04,33003.22,5152.4,74.24,0.015,17.4,26,1,1,20.9,1
38,35,1037,0.343,8,0,1,29.7,4.4,11.97,110591.83,5475.86,63.6,0.474,0.3,16,0,0,15.9,1
17,14,1074,0.403,26,8,2,82.5,1.5,66.83,408759.83,2738.57,97.46,0.389,5.7,22,1,0,42.4,1
29,5,1763,0.03,29,9,8,78.1,4.8,21.61,326786.91,6052.04,31.48,0.408,6.7,8,1,0,31.4,1
22,11,820,0.2,12,1,5,27.0,7.2,41.24,122114.19,6466.69,23.41,0.346,16.0,16,1,0,69.5,1
50,80,647,0.002,24,9,1,23.8,0.6,5.73,170387.2,7618.22,87.52,0.183,14.4,24,1,1,53.6,1
15,25,913,0.385,24,10,3,51.3,7.5,97.32,229193.09,4666.98,43.92,0.205,17.2,19,0,1,20.0,1
42,68,236,0.264,6,3,5,20.5,3.2,77.53,174036.04,8135.53,57.76,0.061,12.2,16,1,0,10.6,1
30,24,698,0.102,12,1,3,57.9,3.0,2.44,153900.29,9142.62,43.42,0.294,17.5,8,1,1,42.4,1
19,61,834,0.121,1,7,7,42.2,6.8,38.0,138301.61,820.93,75.31,0.228,18.0,22,0,1,68.2,1
16,13,345,0.348,7,10,4,74.5,6.7,9.6,340676.14,139.1,85.09,0.13,9.2,4,0,1,62.5,1
8,52,1340,0.001,12,7,6,64.4,6.0,62.57,429023.36,7252.97,60.86,0.262,20.0,27,1,1,4.6,1
24,46,829,0.074,10,7,0,63.9,1.3,79.64,138527.7,2712.85,99.11,0.203,11.7,15,1,0,98.6,1
11,80,1608,0.028,24,2,3,88.0,7.0,56.65,360935.7,8280.75,79.88,0.002,1.5,24,1,1,81.1,1
8,21,1001,0.162,15,10,4,90.3,7.0,91.32,215727.98,5254.83,98.16,0.295,18.6,5,0,1,25.9,1
23,78,1231,0.383,9,9,0,3.9,1.0,55.86,339008.17,9123.44,97.24,0.025,9.0,12,0,0,85.1,1
6,6,1398,0.243,8,2,8,65.2,0.9,68.13,104898.88,557.46,85.13,0.191,3.2,11,1,1,93.8,1
7,8,12,0.431,27,4,4,38.9,7.4,6.91,387016.89,8513.01,75.59,0.073,3.5,21,1,0,34.5,1
31,51,1727,0.323,7,0,3,37.1,5.4,18.71,353500.74,3786.31,38.13,0.203,5.8,5,1,0,5.1,1
2,30,216,0.431,20,7,7,62.9,1.4,34.92,313864.62,8965.12,47.8,0.096,2.1,15,0,1,36.9,1
38,72,1986,0.407,25,2,1,65.8,3.8,4.7,385600.17,3507.66,48.38,0.231,17.6,1,1,0,37.1,1
44,63,876,0.404,17,10,3,41.3,0.9,78.1,374670.89,1123.76,13.36,0.082,4.6,20,1,1,86.2,1
1,68,1731,0.392,22,5,5,15.7,6.7,47.02,91905.81,6178.31,22.8,0.425,19.3,22,0,0,38.8,1
49,63,777,0.298,26,1,8,89.0,7.1,56.49,244048.38,1130.75,15.62,0.479,7.0,21,0,1,44.7,1
6,29,1399,0.239,5,5,5,65.6,6.9,48.99,300091.61,7203.25,88.46,0.015,11.5,23,1,1,14.0,1
26,33,1912,0.499,21,9,4,99.3,6.1,58.99,183373.87,6107.94,63.07,0.493,9.3,18,1,0,25.8,1
13,58,1965,0.442,8,10,7,43.7,0.7,59.05,237964.66,5740.64,69.02,0.145,18.3,27,1,0,49.2,1
9,54,1225,0.056,7,8,1,74.0,0.1,89.26,468878.64,5558.9,93.03,0.173,0.3,8,0,0,62.1,1
25,28,578,0.036,13,6,3,24.4,7.6,54.03,161060.6,1636.33,69.15,0.204,14.0,6,1,1,48.9,1
13,60,992,0.047,9,4,5,8.4,5.0,41.88,220073.67,3703.82,44.5,0.266,18.9,15,1,1,44.2,1
16,60,1278,0.13,6,1,0,33.2,3.9,60.11,120388.77,2273.84,83.98,0.014,5.3,10,0,1,74.6,1
7,60,300,0.285,29,0,3,42.3,6.0,68.18,3449.59,4814.36,23.37,0.142,12.0,10,0,1,42.4,1
49,77,1582,0.07,18,5,7,86.1,7.7,99.21,141887.54,933.11,36.15,0.053,8.8,24,0,1,36.9,1
31,76,475,0.166,19,9,4,82.3,3.6,80.56,89610.12,5157.28,65.45,0.375,2.3,27,1,1,36.4,1
3,78,1083,0.232,2,5,4,45.4,2.2,49.06,431577.69,4636.08,24.23,0.497,18.3,1,1,0,63.7,1
49,12,904,0.242,15,4,7,42.8,5.2,72.28,110315.71,7439.43,79.93,0.353,9.4,26,0,1,79.2,1
48,50,521,0.303,8,5,7,56.9,4.5,21.67,319332.49,2536.55,65.77,0.375,12.2,7,1,1,57.2,1
7,53,1607,0.487,15,6,8,85.6,6.8,97.5,152328.98,5526.88,65.58,0.364,12.0,26,0,0,47.4,1
17,60,936,0.409,6,0,6,48.1,0.1,76.11,39556.78,7956.55,34.26,0.013,6.1,27,1,1,56.7,1
30,77,416,0.498,11,10,4,66.1,5.2,2.84,318552.75,7793.94,93.88,0.226,1.9,27,1,1,37.4,1
31,71,586,0.438,8,2,2,13.3,2.9,31.6,352691.53,9625.36,42.0,0.048,15.2,1,0,1,14.1,1
45,59,18,0.373,11,3,2,63.2,6.7,37.24,490440.69,5034.39,60.3,0.078,19.9,7,0,1,63.3,1
38,4,767,0.039,28,1,8,69.9,1.4,77.1,193745.06,7509.78,94.27,0.183,16.6,13,1,1,92.3,1
13,66,1903,0.497,14,5,1,11.2,6.2,74.49,270580.54,9854.99,50.18,0.477,2.8,12,1,1,99.0,1
4,59,1231,0.286,21,1,8,68.0,4.6,12.17,53307.97,8092.86,73.45,0.462,11.2,3,0,0,93.5,1
13,66,656,0.407,17,7,2,90.3,0.5,85.51,54383.69,996.57,84.76,0.131,14.8,3,1,0,92.4,1
25,32,1685,0.325,20,1,4,37.9,3.9,81.38,429455.08,2115.26,96.03,0.273,17.4,15,1,1,22.3,1
10,44,1966,0.144,5,9,6,43.2,7.1,14.11,125421.23,6137.95,48.5,0.116,8.0,9,0,1,84.5,1
31,9,538,0.288,19,5,8,59.5,0.4,22.59,285322.78,1688.51,82.54,0.457,9.0,29,0,1,14.4,1
37,4,556,0.057,26,0,2,63.5,5.1,81.25,417302.22,9976.77,17.78,0.17,12.3,12,1,0,50.0,1
35,44,1523,0.053,13,8,6,42.9,1.4,49.42,109142.15,5964.83,67.47,0.49,0.4,22,0,0,30.6,1
2,37,955,0.299,17,7,7,63.0,0.3,18.21,479142.67,3621.46,74.91,0.432,4.7,5,0,0,60.6,1
2,80,1975,0.176,4,0,6,74.5,5.2,32.71,211220.38,1891.64,42.78,0.059,10.7,4,0,1,85.7,1
27,7,1746,0.067,21,6,3,17.2,4.5,81.73,17729.08,7560.26,30.55,0.362,4.8,23,0,1,12.9,1
39,8,1538,0.351,19,8,8,86.5,0.2,94.05,180329.68,484.51,41.69,0.31,5.8,9,1,0,79.8,1
27,76,208,0.463,19,0,3,35.0,6.6,86.53,260498.89,2199.75,33.99,0.025,7.0,29,1,1,74.7,1
28,8,1221,0.198,28,8,6,74.0,7.3,8.13,342708.33,5063.38,66.4,0.305,0.7,6,1,0,67.9,1
23,67,1996,0.434,6,4,5,37.5,0.5,45.61,478391.99,2102.43,20.77,0.195,3.9,26,1,1,64.8,1
30,6,983,0.395,3,6,5,87.9,4.0,83.43,18714.37,8114.11,15.26,0.299,7.4,17,0,0,16.7,1
41,31,1755,0.392,5,4,5,67.2,5.2,19.3,44479.34,2920.2,98.85,0.396,6.2,19,0,1,47.7,1
6,52,910,0.122,12,1,2,49.1,1.3,33.75,49128.36,8448.92,61.96,0.11,9.0,25,0,1,76.5,1
14,54,782,0.377,10,9,2,70.9,7.6,22.82,207918.41,6200.98,85.65,0.342,13.8,23,0,1,47.1,1
33,15,1623,0.331,1,10,5,51.5,4.7,37.51,45443.39,7132.4,96.57,0.247,15.0,5,1,1,64.9,1
24,63,1727,0.361,17,5,8,17.4,6.4,59.43,385679.18,9283.84,73.29,0.247,14.8,9,1,1,82.6,1
42,22,936,0.345,7,9,4,56.7,1.3,92.26,147821.99,131.83,13.96,0.21,4.0,23,1,0,43.3,1
6,29,1780,0.325,16,3,0,5.0,2.9,70.33,252472.46,3724.07,19.78,0.361,18.3,8,1,0,67.8,1
28,13,1141,0.229,25,1,5,72.0,3.9,1.22,228733.87,3189.82,42.96,0.117,11.1,14,0,1,48.6,1
10,75,17,0.234,12,1,1,50.2,6.0,13.86,65919.22,6466.18,91.04,0.141,8.3,24,1,1,19.8,1
2,51,154,0.22,16,1,8,57.7,5.7,43.04,66294.53,7377.37,44.3,0.38,9.3,11,0,0,0.2,1
38,9,417,0.481,2,7,7,82.9,3.0,27.52,333458.74,3256.94,68.19,0.498,5.2,9,1,1,54.1,1
17,76,1011,0.143,16,10,8,71.4,3.0,40.42,50035.84,1476.06,61.95,0.287,8.0,5,0,0,84.1,1
17,54,1114,0.224,1,7,2,50.4,5.7,13.79,331847.96,4359.83,38.76,0.368,9.6,10,1,1,68.9,1
34,66,1013,0.289,3,0,0,25.8,7.0,90.58,235750.21,8913.74,45.1,0.388,9.8,4,1,0,26.2,1
44,23,1653,0.408,28,0,7,6.7,6.7,26.33,361871.62,4764.45,25.02,0.376,1.3,27,1,0,60.2,1
35,29,219,0.427,30,4,2,11.1,3.5,85.91,14190.62,6269.06,96.33,0.322,3.3,20,1,0,90.4,1
27,53,1625,0.158,9,10,3,71.0,2.5,65.82,333943.72,9883.4,67.31,0.041,14.6,13,1,1,33.9,1
15,25,316,0.428,9,1,3,69.2,5.2,52.71,124319.33,393.39,70.06,0.021,16.9,12,0,0,6.4,1
14,29,547,0.024,14,1,2,75.7,7.5,76.35,303341.16,8971.49,37.43,0.293,8.1,8,1,0,34.4,1
48,12,1077,0.381,14,10,7,83.1,5.6,38.94,80694.43,2566.3,10.4,0.017,3.5,10,1,1,24.9,1
24,16,497,0.363,16,9,1,90.1,6.1,70.83,189115.7,1187.66,86.27,0.455,12.5,27,0,0,26.7,1
43,3,1767,0.007,1,4,1,15.2,4.9,90.59,186543.36,7753.95,53.45,0.015,2.1,29,1,0,66.9,1
2,13,587,0.31,16,8,1,61.3,0.6,50.0,155879.57,9843.18,72.3,0.284,4.6,13,0,1,63.0,1
32,74,472,0.255,25,7,4,89.6,0.7,58.25,284157.23,2111.22,21.54,0.364,5.2,10,0,1,76.9,1
28,62,1669,0.065,25,5,0,48.3,3.3,50.93,200627.07,7779.89,99.8,0.388,19.0,3,1,0,67.6,1
28,51,701,0.284,3,8,2,77.0,0.4,65.81,250195.17,3498.44,39.83,0.146,2.0,12,0,1,88.9,1
42,36,1303,0.12,14,9,4,38.5,0.1,80.89,250070.67,5013.83,23.05,0.037,0.6,15,0,1,88.6,1
42,28,118,0.227,15,1,4,83.3,4.9,59.02,62020.4,6267.91,58.74,0.492,9.8,26,0,0,1.5,1
16,15,1059,0.032,28,2,0,76.1,6.9,92.46,120343.68,3200.93,51.95,0.216,4.2,4,0,0,44.9,1
17,43,720,0.242,23,7,7,48.3,1.3,25.34,139487.88,7011.78,98.31,0.489,5.7,25,0,0,88.6,1
46,15,1289,0.331,16,3,1,82.6,7.2,1.26,389289.45,2452.9,31.42,0.394,8.5,19,0,1,27.4,1
16,79,187,0.054,14,0,6,50.6,5.0,22.02,426315.35,6362.42,38.23,0.016,19.8,30,0,1,53.9,1
16,1,753,0.322,1,0,1,25.8,2.8,73.98,71376.47,5419.72,41.43,0.21,6.6,30,1,1,51.9,1
36,33,1288,0.083,5,9,4,72.2,6.6,75.16,302796.52,5964.88,51.95,0.363,14.2,10,1,1,3.9,1
42,62,1767,0.489,7,6,2,11.7,0.4,26.11,149766.61,323.67,81.66,0.29,3.2,3,1,0,9.6,1
50,23,1461,0.25,8,0,4,49.8,6.0,29.69,441351.24,9803.22,44.53,0.161,18.1,14,0,0,10.9,1
13,19,1521,0.135,16,1,2,78.2,6.6,98.18,489449.91,2574.86,39.64,0.412,18.7,22,0,1,13.1,1
11,24,962,0.488,25,4,5,69.2,7.0,13.44,109797.04,8854.09,31.46,0.279,1.1,12,0,0,90.5,1
30,34,1957,0.349,5,10,5,44.3,4.9,13.75,138723.4,1512.08,11.88,0.353,13.4,21,1,1,39.4,1
15,79,1121,0.385,14,2,5,82.2,0.3,34.32,99027.36,7892.81,16.94,0.071,15.9,22,1,1,22.8,1
20,70,1623,0.103,15,3,7,97.9,6.3,95.29,63420.6,2392.63,39.68,0.266,8.8,13,0,0,13.4,1
49,44,521,0.427,6,10,4,34.7,4.2,10.16,130987.13,1244.63,35.11,0.491,3.9,4,0,1,56.4,1
27,29,1045,0.446,15,2,8,60.9,6.8,39.02,101994.93,4483.44,33.55,0.165,16.1,7,0,0,63.9,1
26,8,1224,0.28,1,1,3,84.8,1.6,38.8,193017.57,502.73,49.32,0.394,12.7,16,0,1,80.4,1
15,31,584,0.074,1,7,1,27.2,2.9,11.26,23208.46,6432.53,79.61,0.49,14.9,22,0,1,6.6,1
5,57,213,0.099,27,2,2,31.6,5.9,80.93,277870.51,1404.11,82.69,0.138,12.9,19,1,1,22.6,1
44,15,860,0.375,29,6,3,39.1,1.1,23.25,302161.35,1811.14,52.61,0.356,16.8,9,1,1,31.8,1
22,20,1068,0.222,9,5,0,92.6,6.0,84.17,4559.91,3635.11,93.61,0.028,5.3,11,0,1,23.2,1
47,21,245,0.23,10,5,5,36.4,5.3,32.7,107283.82,8792.66,22.52,0.194,14.9,5,1,1,61.1,1
1,24,1905,0.12,5,6,7,52.7,1.4,88.95,299071.9,4159.08,35.23,0.457,4.7,14,0,1,82.3,1
50,44,140,0.429,26,9,7,83.5,2.6,32.88,238231.63,4931.87,65.0,0.282,12.6,22,0,0,82.9,1
38,60,1343,0.069,21,7,4,72.4,6.8,22.99,12943.84,1568.92,57.07,0.113,15.4,22,1,1,72.9,1
17,15,1780,0.48,13,2,7,19.9,4.1,66.79,420521.35,9258.72,58.45,0.361,7.7,30,0,0,97.4,1
14,73,1800,0.085,4,9,5,81.6,4.7,41.25,59834.04,9247.94,43.05,0.209,1.8,27,0,0,52.2,1
6,55,58,0.153,12,4,2,30.5,6.0,64.52,41438.42,9827.94,17.79,0.201,10.5,21,0,0,98.8,1
49,44,1219,0.075,7,8,3,41.1,3.9,64.64,53007.65,1140.89,43.19,0.0,16.7,14,0,1,74.1,1
16,68,1016,0.33,10,9,8,6.3,0.1,31.14,416330.19,8184.56,12.68,0.447,2.0,13,1,0,71.1,1
42,77,507,0.312,9,5,8,97.0,7.4,95.03,353802.11,9719.39,82.61,0.486,3.4,13,0,0,57.4,1
26,30,1394,0.46,8,9,2,4.6,7.3,59.79,429191.86,5038.84,61.71,0.189,8.2,25,1,0,36.3,1
27,8,482,0.002,28,8,0,41.4,7.9,37.43,206548.27,5859.04,42.04,0.366,19.8,30,0,0,25.4,1
5,68,495,0.107,27,10,4,93.0,4.1,28.97,35229.14,3362.13,60.55,0.454,15.6,16,0,0,35.9,1
21,27,33,0.284,25,3,0,73.2,7.4,37.22,188886.13,1966.32,56.72,0.489,3.4,12,0,1,15.4,1
30,45,373,0.011,26,10,2,21.4,7.0,93.91,211067.68,4716.48,37.53,0.095,2.3,20,0,1,39.9,1
29,23,1024,0.165,30,7,4,9.4,0.3,10.14,327080.39,2228.04,89.07,0.471,18.1,2,0,1,90.3,1
2,1,813,0.131,25,1,0,47.5,3.9,94.45,19787.94,1525.41,13.0,0.444,10.7,19,0,1,6.8,1
1,80,743,0.207,19,3,6,15.8,1.0,62.82,128636.61,9222.69,76.53,0.215,11.6,7,0,1,46.6,1
37,62,656,0.287,6,2,8,28.9,0.5,66.7,315672.63,6785.63,82.28,0.432,18.6,10,1,0,40.4,1
50,57,1276,0.172,4,5,0,25.5,3.7,74.42,34068.04,3283.64,85.79,0.019,8.1,25,0,1,90.4,1
24,78,917,0.299,8,9,2,72.2,6.2,8.75,124527.1,9359.27,27.62,0.496,5.4,11,0,0,25.8,1
10,62,986,0.107,9,8,0,54.9,3.2,12.51,350343.55,7251.19,15.49,0.225,0.4,20,0,1,63.7,1
18,64,132,0.338,2,0,2,72.6,7.4,53.31,177171.33,5097.98,29.08,0.226,0.8,28,0,0,27.6,1
13,6,1534,0.044,15,1,6,71.2,6.6,14.39,48970.82,8572.12,89.3,0.083,4.3,6,1,0,34.0,1
20,24,1067,0.407,22,7,6,92.4,5.0,79.12,166652.32,2833.43,75.35,0.154,18.5,4,1,1,97.4,1
40,58,1846,0.424,4,3,1,72.8,2.4,31.0,102391.8,6176.66,92.13,0.222,19.8,4,1,1,48.0,1
37,46,1806,0.29,19,5,6,81.4,0.4,53.67,173639.21,7099.5,53.64,0.253,7.1,21,1,1,34.6,1
41,77,1537,0.292,11,3,6,67.9,2.8,24.34,429664.49,7270.69,72.31,0.029,2.7,10,0,1,32.5,1
40,6,1668,0.416,4,0,7,32.7,5.2,16.34,411279.17,2788.55,36.55,0.401,11.3,24,1,0,69.0,1
44,59,1500,0.153,18,5,0,46.8,1.3,91.69,283635.01,4081.49,95.25,0.154,1.0,10,1,1,72.3,1
22,2,348,0.17,17,0,2,3.4,0.9,98.15,326891.93,3264.11,20.22,0.171,9.2,1,0,0,15.8,1
19,65,381,0.235,12,5,0,21.2,5.7,70.93,146512.44,8877.92,73.84,0.395,11.7,6,0,0,2.8,1
30,54,1195,0.329,4,4,4,12.9,2.0,82.08,412989.88,4279.85,19.01,0.487,1.9,21,0,1,67.9,1
44,16,824,0.301,27,9,8,98.0,2.6,96.79,300772.03,2230.9,58.91,0.258,5.2,18,1,1,91.9,1
40,45,996,0.399,24,1,1,32.2,2.8,81.84,302906.94,6471.14,85.5,0.126,11.2,15,0,0,6.6,1
11,56,1958,0.335,27,2,1,84.9,7.1,29.93,321343.63,7895.3,11.06,0.056,3.7,30,0,0,17.3,1
7,72,1884,0.498,5,10,7,63.1,5.9,21.52,497539.19,7159.19,57.38,0.431,17.9,5,1,1,16.8,1
3,6,820,0.246,13,3,3,49.0,3.0,4.73,251427.55,634.72,90.91,0.478,15.3,0,0,1,64.1,1
20,46,696,0.26,2,10,8,54.3,6.3,2.67,415535.79,9610.88,69.81,0.285,5.5,3,0,0,63.1,1
45,19,1612,0.137,20,5,0,60.3,6.6,42.37,158613.72,2087.87,73.47,0.464,4.6,24,0,1,29.3,1
28,56,918,0.473,4,3,3,66.0,1.1,69.57,412911.8,5942.04,76.89,0.311,12.4,16,1,1,61.9,1
39,7,124,0.038,17,5,6,54.4,0.7,44.9,113242.94,8105.52,12.36,0.371,15.9,13,1,0,42.1,1
47,40,1662,0.397,20,8,4,75.0,3.6,68.77,295903.48,5150.78,71.18,0.236,17.3,26,0,1,79.9,1
35,23,1139,0.46,10,6,6,29.2,7.3,73.37,70682.2,5443.81,10.67,0.129,13.1,4,1,1,2.0,1
15,49,407,0.15,1,7,1,24.2,2.1,75.6,82674.79,4236.37,40.59,0.432,8.4,14,1,0,86.5,1
34,44,25,0.16,24,0,4,86.8,1.8,49.92,499451.7,3265.6,27.92,0.47,17.8,27,0,1,55.1,1
2,7,711,0.137,19,7,6,16.0,6.5,22.88,178094.15,5681.47,17.47,0.382,12.8,18,0,0,3.1,1
12,59,1562,0.345,13,8,1,71.9,7.0,9.5,241503.31,3324.34,98.91,0.04,3.1,29,0,1,56.7,1
8,12,1957,0.383,4,8,4,80.5,1.1,59.69,54807.5,9618.47,63.78,0.363,6.0,17,1,1,48.1,1
38,46,1837,0.211,26,0,7,86.3,2.6,66.32,371211.81,3541.09,63.49,0.396,4.1,3,1,0,33.2,1
31,12,832,0.194,27,3,8,39.8,5.1,42.45,101739.29,4911.84,66.29,0.354,10.3,12,1,1,72.5,1
46,1,1902,0.313,12,4,1,24.2,1.1,37.23,265106.09,4916.65,53.56,0.112,16.5,2,0,1,64.3,1
2,3,1507,0.153,29,4,8,45.1,4.8,92.42,73474.65,2852.94,42.14,0.267,18.9,25,0,0,93.7,1
28,0,33,0.006,7,0,1,50.6,2.6,12.25,403642.79,1246.64,47.72,0.39,19.2,0,0,0,89.7,1
9,67,215,0.226,30,9,2,22.6,3.0,57.94,205673.05,347.32,29.33,0.374,5.6,3,0,1,21.7,1
41,78,1108,0.037,15,7,0,14.3,2.1,54.43,146928.12,1805.26,21.72,0.242,15.2,18,1,0,4.1,1
25,15,1547,0.302,12,0,2,89.5,6.9,41.06,111029.0,9557.25,82.76,0.435,19.9,1,1,1,33.5,1
31,27,797,0.113,4,4,5,56.3,3.6,28.55,52072.83,6936.62,63.84,0.24,17.4,12,1,1,49.0,1
49,57,1020,0.197,15,4,3,94.9,1.6,28.12,451983.29,4798.49,53.86,0.113,14.7,18,0,1,11.3,1
3,8,693,0.39,11,8,5,80.1,0.3,92.5,221742.02,2669.96,79.33,0.32,4.4,6,1,1,5.0,1
48,10,660,0.453,4,2,7,61.9,3.9,85.67,140457.8,1134.48,76.43,0.353,13.3,25,0,1,48.7,1
28,66,893,0.1,24,9,1,97.4,0.3,24.32,200598.83,9060.48,65.53,0.241,16.9,21,1,0,78.1,1
36,67,227,0.381,19,4,8,70.5,6.5,69.21,323893.04,5770.82,56.91,0.05,10.3,5,1,0,1.3,1
21,32,1294,0.08,10,1,4,37.1,6.5,72.58,214284.55,3187.26,83.37,0.102,4.7,27,1,0,70.5,1
12,3,451,0.158,11,0,8,8.8,2.5,78.67,444558.68,5365.25,11.7,0.356,6.3,0,0,0,31.6,1
9,5,884,0.481,5,2,6,85.9,1.3,52.78,192254.01,7617.14,13.24,0.121,19.9,18,0,0,67.1,1
1,58,1889,0.056,12,2,6,51.9,7.1,18.11,260813.44,2423.01,21.56,0.369,1.4,8,1,1,25.9,1
35,66,859,0.375,6,9,1,10.9,3.9,36.09,89345.1,1846.55,30.97,0.194,10.7,8,1,0,55.0,1
1,6,145,0.261,23,5,7,57.6,1.9,98.08,386976.33,3765.81,16.01,0.306,2.3,21,0,1,36.9,1
26,55,687,0.445,23,5,3,94.0,7.3,56.13,74094.38,3038.84,85.93,0.077,2.1,18,1,0,76.7,1
32,79,1879,0.471,13,8,2,84.6,5.8,53.33,249639.59,5004.31,97.66,0.06,12.0,1,0,1,27.0,1
28,68,1298,0.025,10,9,4,13.4,1.9,44.98,205783.38,6842.36,34.06,0.333,6.7,29,1,1,95.5,1
8,69,1568,0.202,2,5,1,35.8,5.0,77.75,392035.38,7989.0,64.32,0.165,15.1,12,0,1,97.1,1
20,54,788,0.235,21,6,4,22.8,0.2,94.54,215082.97,5904.17,17.55,0.37,7.3,3,1,0,75.1,1
30,55,1515,0.347,8,10,4,73.7,7.0,7.48,133660.29,3283.98,62.29,0.41,15.3,17,0,0,2.7,1
13,33,1031,0.353,18,10,8,52.6,7.7,88.8,307144.73,2850.3,31.52,0.096,9.6,4,0,1,63.8,1
42,17,298,0.382,14,2,0,71.4,0.7,21.44,458592.51,7096.3,65.48,0.315,11.1,23,1,0,26.0,1
27,18,853,0.275,29,8,8,17.6,5.7,37.25,133818.16,8779.12,90.18,0.418,0.2,30,0,0,33.0,1
22,26,1940,0.385,23,7,6,50.4,2.0,84.97,312911.92,4763.02,95.97,0.076,0.0,24,1,0,51.4,1
27,20,1094,0.402,18,4,4,79.4,7.5,48.38,444061.87,2969.16,23.43,0.268,9.6,21,1,1,22.3,1
24,29,564,0.237,25,4,5,59.2,3.5,89.9,392816.18,1329.34,84.56,0.459,18.5,5,1,0,87.1,1
45,43,1970,0.145,16,8,2,44.9,7.5,17.17,289393.63,7669.88,12.22,0.412,5.9,20,0,1,66.5,1
32,14,580,0.374,11,1,6,16.7,2.0,7.84,78406.08,8958.22,59.62,0.392,8.1,20,0,0,20.0,1
45,72,1327,0.039,21,10,3,44.2,7.7,41.0,100018.84,2685.69,64.66,0.227,15.8,30,0,1,5.0,1
29,35,894,0.267,4,7,1,43.7,5.5,90.32,675.14,4997.12,53.16,0.308,8.3,6,1,0,10.4,1
8,60,215,0.284,27,6,0,31.4,5.7,95.96,96149.91,2621.63,76.66,0.308,12.8,27,1,1,25.3,1
21,70,1746,0.12,3,5,6,37.6,7.2,15.54,197619.55,5589.31,22.3,0.111,9.8,0,1,0,80.1,1
46,0,615,0.211,15,9,0,95.3,5.0,75.85,186926.35,2587.5,92.38,0.297,7.1,21,1,0,3.0,1
2,69,1542,0.201,26,5,2,27.3,2.0,33.33,18669.68,1282.04,46.24,0.304,6.7,18,1,1,46.6,1
24,79,1574,0.099,13,2,1,28.6,5.4,76.88,172449.57,3180.52,22.62,0.411,12.5,29,0,1,85.8,1
44,3,50,0.486,28,10,4,22.2,6.7,74.12,24514.04,6253.4,85.73,0.373,15.5,2,0,0,41.6,1
32,31,43,0.128,17,2,0,97.9,5.8,16.93,233894.59,2975.6,92.49,0.478,17.5,8,0,0,60.3,1
1,63,714,0.17,7,5,8,68.1,6.1,86.33,231021.97,6959.94,85.54,0.053,12.0,17,0,1,71.7,1
5,53,1723,0.136,15,3,3,42.5,2.2,18.05,61055.94,1355.57,14.63,0.041,14.9,28,1,1,50.1,1
40,77,660,0.386,25,8,4,39.3,5.9,16.02,248278.6,3461.2,45.36,0.479,6.6,18,1,1,84.6,1
30,58,1931,0.348,23,8,3,97.2,7.1,7.03,442928.55,2845.64,46.42,0.133,1.9,29,0,1,60.7,1
47,2,473,0.092,23,1,3,61.8,7.8,63.7,493426.29,9449.22,94.42,0.207,4.7,5,1,0,21.5,1
20,34,1028,0.358,1,6,8,84.5,2.1,82.45,175273.43,3029.74,75.99,0.041,1.1,18,0,0,92.8,1
49,55,714,0.299,6,3,2,92.4,0.9,32.37,387452.82,4626.48,64.02,0.292,1.8,26,0,1,77.3,1
39,25,732,0.048,2,9,4,97.7,2.2,96.36,328850.79,2108.65,77.19,0.415,8.9,0,1,0,87.7,1
43,2,1459,0.291,18,6,7,49.2,2.9,5.99,483812.51,3562.74,97.93,0.157,11.5,20,1,0,63.1,1
21,54,1143,0.038,9,5,2,36.9,4.0,48.36,25913.45,1832.48,90.59,0.202,13.4,26,1,0,95.3,1
18,17,1037,0.408,21,4,8,64.9,2.4,81.94,4290.04,6103.56,56.49,0.275,5.7,15,0,1,74.6,1
37,46,366,0.042,26,7,1,62.0,7.9,90.76,153548.65,8586.41,35.3,0.274,7.0,25,0,0,53.7,1
33,57,1798,0.226,27,1,5,37.2,4.8,3.39,296405.02,4292.16,98.87,0.316,13.8,24,0,0,9.8,1
37,66,1571,0.083,9,10,3,97.2,5.5,57.25,200245.12,5252.28,86.91,0.429,12.7,14,0,1,68.4,1
30,69,1248,0.415,30,1,2,14.2,0.0,62.11,435879.18,4632.44,59.85,0.422,15.3,9,1,1,30.2,1
46,40,1070,0.227,17,0,5,21.9,4.2,29.08,405258.05,5614.75,13.44,0.27,12.6,27,0,1,38.8,1
11,40,1243,0.337,13,10,2,92.8,4.5,83.25,210050.47,8263.65,58.74,0.093,3.9,11,1,0,14.4,1
21,5,349,0.144,17,1,5,80.8,0.6,30.89,69388.92,6158.96,33.24,0.438,8.1,30,1,0,42.5,1
15,10,1789,0.155,18,9,2,37.7,4.6,5.36,88002.77,2560.23,74.14,0.035,9.8,10,0,1,48.0,1
4,27,323,0.023,25,10,3,31.4,7.3,24.62,110230.72,1239.92,56.31,0.028,16.0,4,0,1,66.0,1
48,66,738,0.016,6,4,1,26.1,1.8,94.98,81822.28,9685.58,61.65,0.323,0.4,20,0,0,29.1,1
8,71,116,0.2,16,5,7,70.8,3.7,53.1,211014.88,1216.68,10.59,0.236,15.2,3,0,0,39.8,1
41,55,374,0.231,26,3,7,69.7,4.2,43.59,167768.14,81.5,44.09,0.307,7.8,18,1,0,41.1,1
12,74,344,0.221,10,5,5,86.8,0.9,12.13,10593.92,5727.98,42.7,0.224,3.2,25,0,0,33.0,1
18,76,126,0.217,30,9,5,19.6,4.0,27.27,382326.63,7055.21,14.03,0.404,13.2,2,0,1,41.4,1
29,11,1471,0.464,1,2,2,3.5,1.2,89.78,315714.79,4074.71,24.69,0.191,13.0,10,0,1,20.7,1
50,28,474,0.037,23,7,1,98.3,0.4,10.16,216796.34,3289.47,62.96,0.261,8.5,26,0,1,32.9,1
31,2,1116,0.086,30,3,4,62.1,7.6,44.22,275762.6,7290.29,75.86,0.472,10.3,12,0,0,98.4,1
33,24,500,0.423,30,2,0,87.5,2.7,66.82,214507.22,4824.93,22.99,0.066,7.6,6,1,0,11.7,1
3,57,509,0.413,13,0,6,95.1,4.3,40.71,301812.28,7807.2,64.04,0.383,2.8,12,0,0,24.7,1
28,49,1156,0.156,29,1,1,61.7,5.3,73.6,180999.17,7472.67,63.17,0.481,10.9,5,0,0,12.8,1
20,5,857,0.257,23,4,3,53.8,6.5,58.69,363512.79,179.68,65.82,0.162,13.0,4,0,0,57.1,1
47,5,1874,0.027,10,1,6,72.1,1.2,91.8,215503.51,8998.32,14.1,0.25,3.5,12,1,1,67.5,1
39,73,806,0.04,23,8,6,90.4,4.7,57.76,147760.86,3672.04,98.15,0.286,6.1,21,0,1,6.8,1
15,38,1755,0.217,1,9,8,55.2,4.9,17.82,408113.62,9926.05,50.47,0.032,15.6,30,0,1,48.8,1
36,0,1077,0.405,20,2,4,37.7,4.4,42.63,385535.26,9728.15,81.77,0.388,13.1,14,1,1,85.5,1
16,76,1927,0.209,13,0,3,56.4,1.1,25.68,243501.35,8611.71,84.54,0.457,18.3,3,0,1,56.1,1
5,24,1478,0.142,23,2,6,5.8,0.6,67.57,100142.4,9209.56,42.5,0.242,11.4,26,1,1,97.1,1
46,71,1421,0.335,21,6,6,29.3,4.0,68.63,236426.58,8040.07,46.55,0.45,12.8,13,1,0,71.2,1
41,61,1440,0.492,3,1,7,67.3,2.5,94.89,211918.51,1561.64,43.68,0.279,3.0,1,0,0,0.2,1
6,39,840,0.343,11,2,6,79.1,0.5,27.57,243115.3,9447.18,25.82,0.433,5.4,1,0,0,90.7,1
3,67,1242,0.474,5,1,0,35.4,4.3,75.86,436276.65,2021.6,55.73,0.07,8.8,20,0,0,81.6,1
18,71,1807,0.24,3,6,4,16.2,5.6,6.08,252717.25,3522.02,59.71,0.383,12.5,2,1,1,80.9,1
12,4,98,0.384,14,3,0,84.2,0.9,71.95,160491.61,6678.74,40.12,0.193,10.3,7,1,0,66.5,1
38,77,1840,0.485,30,6,2,67.3,1.5,33.92,115428.93,9734.88,52.94,0.101,12.4,19,0,0,15.4,1
1,54,112,0.004,18,5,3,69.8,7.3,71.74,261033.84,895.85,58.97,0.382,7.0,29,1,1,31.6,1
21,26,358,0.107,22,6,4,13.9,3.2,95.43,279253.35,5015.68,87.75,0.426,11.2,15,0,1,29.8,1
50,72,1668,0.046,3,4,4,89.3,7.7,11.34,413016.75,9785.94,56.76,0.318,17.1,22,1,1,48.6,1
39,28,1086,0.016,24,2,0,98.3,4.0,6.57,124677.58,5101.68,30.16,0.401,1.7,5,0,0,34.1,1
17,47,1067,0.331,24,1,3,80.0,7.4,46.28,73221.26,2319.97,82.86,0.493,0.7,23,1,0,64.7,1
32,20,1648,0.06,29,4,1,87.7,6.9,49.09,463442.53,6053.8,76.62,0.122,2.2,15,0,1,41.7,1
15,22,1062,0.335,13,5,7,8.5,1.4,19.89,303355.49,1616.35,25.41,0.485,3.3,8,1,1,14.2,1
1,55,1383,0.398,21,0,3,41.4,2.3,20.71,464679.28,7921.3,59.13,0.186,6.9,28,0,0,83.0,1
22,66,1299,0.387,6,8,1,27.4,0.5,61.66,303189.34,3711.47,97.29,0.073,5.7,24,0,1,57.0,1
8,31,1490,0.156,10,3,0,68.4,5.6,87.76,144606.77,3109.25,17.0,0.016,15.9,10,0,0,22.5,1
45,13,799,0.483,5,2,7,67.1,5.4,13.03,286194.0,4612.37,80.41,0.123,16.4,9,1,1,22.2,1
7,55,1932,0.36,5,2,4,31.7,5.6,96.77,206736.83,9253.54,14.81,0.307,0.9,24,1,0,74.8,1
43,56,1056,0.133,12,8,2,98.2,4.0,30.89,294934.48,3614.82,99.79,0.313,1.3,5,1,0,7.9,1
46,53,178,0.314,13,8,5,21.5,3.4,59.97,309398.72,9419.37,79.95,0.473,19.6,1,1,0,16.5,1
36,8,189,0.073,11,2,7,44.3,3.0,81.14,317350.57,1312.29,87.86,0.348,8.6,17,1,1,9.2,1
48,47,392,0.005,14,8,1,38.3,1.8,95.75,277172.26,9249.43,29.5,0.414,2.4,16,1,1,30.6,1
37,64,1511,0.394,16,0,2,59.9,0.7,82.49,40569.63,9242.25,76.88,0.198,7.1,7,0,0,43.2,1
15,54,1014,0.41,22,3,8,80.0,3.0,46.57,404192.07,4533.46,43.95,0.2,19.5,9,0,0,34.3,1
45,2,171,0.038,24,7,2,50.5,5.5,37.76,431188.59,1654.68,35.5,0.392,13.4,22,1,0,59.0,1
39,59,1537,0.079,4,6,5,8.3,5.7,21.99,144720.36,3285.75,27.81,0.055,10.6,6,0,0,43.0,1
32,65,268,0.266,2,3,0,49.8,1.4,79.74,385307.14,7941.16,68.72,0.155,12.3,10,0,0,52.1,1
31,28,1689,0.182,29,6,1,18.1,1.0,80.42,373837.54,7295.2,70.77,0.074,15.2,15,0,0,5.2,1
21,45,680,0.441,16,5,6,70.6,5.3,36.28,129667.17,3203.2,93.71,0.178,13.0,8,0,1,1.6,1
37,38,38,0.183,2,10,1,86.5,4.4,77.99,441005.06,8736.02,99.26,0.261,9.4,15,0,0,92.0,1
45,49,483,0.022,14,0,4,68.7,1.7,31.16,236747.02,1048.31,23.08,0.192,12.5,23,1,0,60.8,1
48,54,1807,0.324,10,9,1,80.1,3.4,5.2,14621.76,9252.74,98.38,0.051,12.9,24,0,0,84.2,1
10,54,1543,0.441,14,1,2,18.2,3.3,51.39,409014.95,4588.35,65.56,0.148,13.6,17,0,1,78.5,1
11,67,1037,0.3,10,8,0,20.4,2.4,93.54,197574.94,9450.63,36.11,0.075,14.2,6,0,1,79.6,1
8,62,1071,0.416,23,6,0,68.6,0.3,56.84,187726.94,521.47,82.16,0.473,13.2,0,1,0,94.5,1
2,36,1353,0.12,23,5,4,86.6,3.7,85.5,386529.77,3701.27,77.28,0.044,2.7,17,0,0,33.8,1
22,31,1948,0.02,16,3,6,75.5,0.9,66.67,487817.82,3484.16,20.83,0.306,17.6,29,1,1,56.7,1
20,13,1547,0.298,10,1,1,62.0,3.0,7.08,224290.44,5109.21,15.17,0.047,2.2,14,1,0,74.2,1
1,33,1431,0.197,4,2,5,27.3,3.9,87.81,431421.9,2132.76,86.43,0.258,10.1,9,0,1,38.5,1
11,64,1284,0.304,24,8,5,52.0,4.4,89.42,63136.1,9944.36,30.37,0.402,13.1,12,1,0,60.4,1
25,58,930,0.499,26,9,2,60.2,2.4,6.47,329108.89,3968.82,14.79,0.332,6.1,11,1,0,49.3,1
36,45,106,0.339,10,6,7,89.6,5.4,69.71,110494.54,9648.21,54.93,0.442,15.1,25,1,1,74.3,1
35,24,1807,0.443,9,1,4,21.4,6.2,2.5,131664.94,2649.73,72.17,0.293,14.4,26,1,0,0.3,1
17,19,90,0.189,6,6,5,41.8,7.7,99.95,69891.87,6088.14,21.35,0.435,0.8,10,0,1,71.6,1
13,27,331,0.481,14,4,6,10.7,5.7,61.87,263242.01,1775.19,53.33,0.002,3.7,16,0,1,1.7,1
49,68,1097,0.211,1,6,5,47.3,0.9,35.65,69403.15,6087.75,49.72,0.173,18.1,12,0,1,58.8,1
6,69,43,0.303,8,0,5,34.4,1.1,47.28,475888.67,2605.94,38.28,0.356,8.5,8,1,0,65.8,1
5,48,1192,0.253,18,2,4,58.2,7.1,34.46,25984.79,5084.58,94.28,0.413,5.1,5,0,1,97.1,1
44,40,1539,0.474,3,5,5,89.4,3.1,41.04,250459.16,274.51,86.83,0.126,12.6,25,0,1,14.4,1
38,18,1891,0.469,24,8,3,61.5,2.8,26.88,436236.71,4042.08,94.81,0.309,18.2,6,0,0,44.3,1
17,42,974,0.45,7,9,6,26.8,4.6,58.88,30655.0,8005.26,46.29,0.447,12.1,22,1,1,78.6,1
34,11,1221,0.022,3,5,8,54.8,2.8,62.76,69909.47,7805.01,67.08,0.394,15.9,30,1,0,31.0,1
41,4,726,0.1,23,9,0,9.1,3.6,72.49,158730.09,7176.6,64.24,0.397,6.1,18,0,0,39.4,1
34,68,1613,0.465,10,8,8,14.8,1.6,90.29,93289.19,7056.89,65.42,0.31,19.6,13,0,1,80.9,1
21,71,1328,0.403,10,6,8,38.7,6.4,12.07,132248.77,8983.43,92.74,0.291,9.5,7,1,1,90.6,1
12,33,1795,0.139,29,6,1,75.8,2.1,62.26,253909.74,7146.76,68.91,0.013,4.5,3,0,1,73.4,1
20,57,1776,0.062,15,7,4,60.4,4.9,5.73,128792.96,1870.44,66.43,0.436,5.3,0,0,0,56.0,1
45,60,1191,0.3,6,7,8,24.4,7.3,41.09,207703.78,6306.37,61.68,0.119,10.5,15,0,0,54.5,1
44,42,329,0.051,3,1,5,76.6,1.5,21.47,139529.56,9579.49,27.58,0.058,2.4,9,0,1,44.2,1
12,23,1445,0.242,30,3,8,19.0,2.0,35.41,173785.91,4009.95,14.9,0.145,14.3,2,0,0,91.3,1
13,75,463,0.047,10,3,3,87.4,2.6,67.1,209032.77,9226.25,66.85,0.449,10.6,29,0,0,95.5,1
13,72,1804,0.4,4,1,1,14.6,5.5,97.98,450649.13,5174.26,32.88,0.393,8.6,21,0,1,39.3,1
35,55,1356,0.135,3,2,7,33.4,0.9,26.08,32764.04,9996.72,92.91,0.467,6.5,20,0,1,47.3,1
26,51,1994,0.403,3,3,5,30.2,0.9,94.39,176529.09,421.92,17.69,0.194,16.5,7,0,0,27.8,1
24,50,1778,0.052,11,5,7,29.5,1.3,34.93,148706.46,7716.26,11.14,0.16,9.2,30,1,0,92.5,1
33,62,1922,0.398,8,2,7,27.1,5.4,28.56,67126.21,7343.63,74.94,0.223,5.1,3,0,1,59.8,1
18,5,1210,0.466,17,0,6,76.1,3.4,7.85,107870.45,5381.75,61.92,0.1,7.4,27,1,0,1.4,1
19,20,263,0.037,21,5,5,25.6,1.7,68.87,319168.44,4194.29,70.24,0.383,1.5,30,0,1,73.2,1
26,14,841,0.081,11,4,2,68.4,1.2,78.9,355679.89,4528.54,55.23,0.049,9.9,27,1,0,91.8,1
46,20,1544,0.321,21,5,4,12.7,2.8,4.51,246529.67,3999.88,57.0,0.38,12.9,16,0,1,94.1,1
49,0,431,0.228,16,4,2,81.6,6.8,3.53,302643.77,7116.42,81.95,0.486,0.4,16,1,1,78.2,1
32,51,1445,0.154,24,1,8,95.6,4.3,96.63,468771.67,8857.42,40.51,0.197,3.1,1,0,0,94.3,1
26,5,223,0.031,30,8,0,14.3,2.3,3.06,170693.29,3843.0,84.32,0.438,1.7,21,0,1,48.1,1
47,35,1953,0.242,21,8,3,26.1,0.4,5.29,402150.81,4923.98,90.75,0.444,2.7,6,0,1,25.7,1
49,75,1733,0.431,30,10,8,94.0,7.2,90.97,288318.42,3588.25,71.66,0.06,3.7,5,1,0,31.8,1
12,26,720,0.039,15,1,8,38.1,4.4,26.72,493497.75,6529.87,20.39,0.158,2.6,2,1,1,8.6,1
12,19,1118,0.158,5,3,6,83.9,3.5,37.72,275814.54,6505.54,36.93,0.202,8.3,16,1,0,17.6,1
27,75,1011,0.374,26,8,6,3.0,4.7,93.7,273274.67,6101.05,36.32,0.461,5.2,29,1,1,69.7,1
40,2,1880,0.22,14,0,1,49.1,3.4,51.5,446474.11,2188.24,35.66,0.293,6.6,24,1,0,84.0,1
20,18,1731,0.103,17,2,6,29.6,6.3,51.06,215238.48,6790.83,62.77,0.435,3.5,15,0,0,91.8,1
46,46,10,0.073,16,4,7,29.2,0.3,54.46,5000.86,6031.58,71.54,0.058,14.2,8,0,1,28.7,1
1,35,1965,0.489,26,4,2,23.0,6.5,74.29,207970.45,7349.7,75.57,0.086,2.5,18,1,0,9.3,1
17,64,1115,0.467,3,5,1,93.6,0.3,45.38,481829.79,4638.09,64.65,0.148,13.9,27,1,0,15.1,1
7,74,415,0.316,13,2,4,88.2,4.6,3.52,339312.61,4848.57,57.24,0.115,9.0,22,0,0,93.7,1
11,7,1861,0.4,19,0,4,3.2,5.0,45.33,56726.74,8748.68,32.8,0.054,18.8,29,1,0,64.1,1
21,31,1059,0.42,13,2,4,17.7,7.0,40.16,494868.15,3522.1,80.26,0.43,10.8,7,0,1,3.9,1
23,78,984,0.473,14,8,5,42.6,3.8,20.84,221825.75,1273.07,10.77,0.463,0.8,13,0,0,36.8,1
1,80,471,0.447,27,10,2,88.0,5.5,73.37,497564.36,1832.55,24.02,0.179,0.7,27,0,1,57.3,1
26,45,1522,0.483,12,10,8,14.1,0.5,73.35,414737.28,9049.9,82.91,0.008,11.2,19,1,0,33.2,1
30,11,1027,0.427,20,7,1,75.1,7.9,31.78,230454.02,2969.65,41.58,0.224,13.3,16,0,0,88.7,1
46,19,85,0.196,9,0,0,86.4,7.1,74.78,460009.8,5076.25,83.64,0.403,12.5,29,0,0,83.7,1
50,28,1864,0.176,23,3,2,61.1,7.2,36.51,42999.03,9414.43,84.8,0.07,16.4,17,0,0,43.0,1
46,58,1868,0.385,27,3,0,59.0,6.7,31.9,279508.95,1417.31,34.58,0.176,10.7,20,0,0,23.3,1
11,72,32,0.071,12,1,1,32.1,1.6,43.19,92494.65,3449.61,55.7,0.118,8.4,1,0,0,87.1,1
18,54,580,0.284,26,8,8,87.0,2.1,83.51,482968.87,3322.6,14.01,0.003,8.9,0,0,1,75.9,1
14,10,619,0.467,7,5,3,6.8,8.0,19.67,85354.04,9639.59,55.43,0.068,9.7,16,0,0,80.4,1
49,7,378,0.064,30,3,5,37.5,1.3,60.99,435398.39,2574.15,52.33,0.437,9.4,16,0,0,94.3,1
20,20,63,0.381,9,9,1,13.9,4.6,22.94,153599.68,4660.4,34.39,0.458,8.1,4,1,1,79.9,1
41,66,64,0.194,29,5,2,97.2,2.3,36.71,130004.57,9111.84,89.38,0.351,20.0,24,0,0,81.3,1
23,67,1274,0.258,19,10,5,34.9,7.4,94.22,383919.05,7137.1,37.32,0.058,10.7,30,1,1,72.9,1
41,69,1396,0.105,9,1,4,89.1,0.0,12.73,106391.68,9254.19,82.79,0.051,9.1,21,0,1,2.4,1
33,41,1845,0.012,6,10,5,69.7,1.8,58.55,457507.99,1424.22,69.01,0.348,9.9,9,0,1,6.7,1
46,63,344,0.073,8,1,5,78.0,1.2,61.0,397741.13,6873.89,81.34,0.183,11.8,2,1,1,42.8,1
13,68,27,0.181,3,9,2,57.6,1.0,94.84,390206.85,5868.09,77.23,0.386,2.2,8,0,0,29.5,1
45,67,473,0.419,29,1,0,74.1,0.9,37.58,200323.12,4338.39,29.06,0.366,1.3,22,1,1,73.4,1
50,49,932,0.415,14,8,2,98.1,6.2,44.21,347855.26,8990.85,18.32,0.063,12.1,11,1,1,24.2,1
7,31,707,0.203,4,6,6,26.7,3.9,57.01,162150.65,8007.5,60.04,0.46,11.5,15,0,1,69.3,1
29,8,1311,0.347,10,0,8,33.7,1.2,12.57,165910.02,3141.06,18.57,0.315,14.3,28,0,0,24.5,1
6,56,1730,0.241,23,9,2,92.1,1.6,25.21,249199.04,3979.92,90.82,0.142,8.0,27,1,1,10.5,1
40,55,370,0.136,4,3,5,50.4,7.5,62.33,216563.53,3233.47,94.4,0.217,19.0,28,0,1,7.3,1
20,25,1374,0.081,20,7,1,50.4,3.9,2.95,9630.95,520.32,22.79,0.117,17.8,1,1,0,67.1,1
37,49,255,0.422,10,4,8,54.1,6.4,30.56,311151.36,3824.18,24.96,0.188,9.5,29,0,0,4.0,1
14,41,496,0.336,3,1,8,40.7,7.1,76.24,437546.95,133.54,26.52,0.372,17.0,12,1,1,49.5,1
24,71,1833,0.129,30,2,5,38.1,5.3,99.58,273017.06,6104.8,73.7,0.132,10.6,26,0,0,15.1,1
16,71,917,0.399,18,9,8,90.6,0.3,95.13,342026.91,3299.34,56.62,0.312,9.1,1,1,1,82.7,1
15,9,1926,0.498,15,9,6,96.6,5.4,61.36,455264.89,1495.7,85.64,0.263,17.6,14,1,0,35.0,1
30,27,1495,0.356,21,2,4,11.8,4.3,3.3,108866.67,1641.72,60.87,0.241,15.2,19,0,0,46.3,1
32,38,1538,0.48,2,5,4,50.7,6.7,89.56,364947.24,4479.26,92.26,0.236,11.0,2,0,1,82.1,1
19,58,867,0.111,2,4,0,96.4,4.5,42.47,182531.23,6690.72,39.66,0.358,7.5,13,1,0,83.7,1
48,52,220,0.024,22,9,3,96.0,6.1,88.51,494191.09,6119.0,88.69,0.05,6.4,14,1,1,93.2,1
26,61,266,0.446,6,3,8,44.4,3.9,54.19,445841.01,7119.57,44.54,0.099,8.0,14,0,1,65.9,1
13,76,800,0.303,11,2,4,3.7,2.5,39.89,313283.69,5202.7,75.1,0.192,7.4,7,1,1,94.4,1
8,21,202,0.198,25,1,6,66.1,5.2,21.44,363346.46,980.16,88.56,0.373,1.7,5,0,0,89.8,1
47,51,629,0.024,27,8,1,98.9,3.8,81.73,181672.76,7042.17,91.62,0.428,17.4,30,1,0,24.9,1
17,69,1088,0.164,13,6,8,48.3,1.8,65.74,289078.82,6092.32,77.63,0.196,14.2,29,0,1,75.6,1
17,76,393,0.355,12,8,6,50.0,1.8,27.35,172708.25,2270.31,85.02,0.179,20.0,28,1,0,49.5,1
22,47,1824,0.251,14,3,8,82.8,3.9,37.73,358587.33,1295.14,14.99,0.13,15.4,18,0,0,96.1,1
43,42,1704,0.06,14,10,1,27.8,3.5,82.26,182710.03,4467.29,85.26,0.447,2.0,21,1,1,41.2,1
38,47,1005,0.446,19,6,5,68.0,4.2,51.55,285519.6,8187.7,69.21,0.356,10.6,22,1,1,88.8,1
45,14,1825,0.328,22,1,3,22.9,2.5,28.33,326672.98,652.63,15.89,0.04,18.3,12,0,0,11.4,1
2,10,707,0.196,19,7,8,58.8,4.0,80.13,389109.19,3134.87,21.13,0.157,7.9,22,1,1,8.9,1
29,37,598,0.068,8,3,4,9.6,2.3,75.91,249906.95,3551.26,27.36,0.364,7.4,20,1,0,33.9,1
50,29,709,0.497,12,8,2,33.3,2.0,18.37,499142.67,4097.6,95.42,0.372,17.5,6,0,0,48.8,1
4,1,1935,0.195,13,1,6,33.2,6.0,57.04,344712.63,790.93,19.01,0.231,14.4,12,1,1,10.5,1
24,27,262,0.471,15,2,4,13.0,4.1,49.14,145876.48,9911.93,52.79,0.18,10.2,22,0,0,13.6,1
37,2,521,0.404,6,2,7,27.2,6.9,91.62,470090.5,1218.75,76.16,0.07,5.8,14,0,0,86.3,1
50,0,726,0.285,28,4,6,75.8,6.6,69.12,318613.97,5674.26,58.87,0.068,6.2,9,1,0,6.9,1
9,32,704,0.181,6,4,1,19.1,4.6,56.99,447336.97,4154.24,20.78,0.137,17.7,12,1,0,77.0,1
45,14,480,0.052,27,0,3,72.5,5.3,24.76,400965.84,7887.16,23.89,0.278,7.7,25,0,0,99.2,1
29,36,1836,0.417,23,7,2,43.2,1.3,19.04,11569.8,548.68,81.12,0.415,3.6,20,0,1,87.0,1
12,20,541,0.077,20,1,2,55.0,1.8,6.55,163809.12,9169.18,12.02,0.059,15.8,4,1,0,50.5,1
17,68,1218,0.225,24,2,0,29.2,7.5,9.83,392811.79,8275.5,55.77,0.383,10.8,15,0,1,12.4,1
32,64,614,0.075,16,8,1,62.8,3.8,61.44,35013.73,5224.96,94.52,0.305,0.8,27,0,0,70.8,1
11,39,100,0.162,22,7,6,86.5,4.0,42.39,321342.31,4852.57,48.39,0.218,10.0,2,1,1,29.8,1
7,27,460,0.148,12,4,4,28.6,6.1,99.07,286427.74,4698.2,63.76,0.112,9.9,20,1,1,96.0,1
30,43,1222,0.041,24,4,1,94.5,1.7,52.12,346469.36,5893.61,30.59,0.174,6.8,8,1,1,65.8,1
44,57,1798,0.332,5,4,7,72.3,2.2,51.59,442356.26,9657.84,12.5,0.424,13.4,22,1,0,17.7,1
3,2,536,0.288,13,4,1,16.9,2.1,88.45,232503.73,4956.54,33.48,0.251,16.3,13,1,0,48.2,1
3,24,497,0.186,5,7,2,19.8,7.9,38.58,292339.83,8033.42,84.95,0.283,17.4,18,1,1,65.5,1
39,4,1914,0.447,23,4,1,19.3,5.9,82.46,179547.78,1537.99,59.08,0.433,9.5,30,0,0,12.9,1
49,66,1922,0.122,5,3,4,39.0,4.1,6.75,126688.3,7897.26,77.02,0.127,5.3,1,0,0,90.5,1
22,74,890,0.469,15,4,4,95.7,0.7,80.39,436929.45,1265.48,39.57,0.074,8.2,20,0,1,61.3,1
35,11,1388,0.142,7,2,4,88.9,7.7,32.82,368083.82,2857.82,78.47,0.26,13.3,11,0,1,38.3,1
10,36,653,0.02,10,6,1,23.9,3.6,42.96,369099.74,1929.72,72.6,0.063,12.5,10,1,0,86.6,1
17,39,481,0.405,21,2,7,32.6,4.1,32.19,30246.35,2876.3,19.75,0.387,18.1,8,0,0,92.4,1
43,77,727,0.035,7,3,8,46.9,5.3,89.12,184024.82,8030.35,70.95,0.115,13.6,25,1,1,96.7,1
47,47,719,0.045,8,8,4,33.6,7.9,15.86,374792.93,3133.37,74.76,0.387,4.4,9,1,0,50.3,1
34,68,1866,0.322,14,1,6,76.7,7.6,54.72,200235.33,7583.93,96.57,0.32,15.6,12,0,1,47.0,1
50,74,1528,0.341,5,6,3,60.3,7.4,19.66,256218.77,6653.48,93.47,0.05,16.8,12,0,1,57.3,1
10,77,1507,0.12,2,7,1,95.3,3.3,14.15,323776.33,1343.52,90.34,0.392,3.3,30,0,0,52.1,1
18,74,640,0.115,18,9,7,54.4,4.3,15.94,395429.9,5316.43,36.44,0.326,8.9,2,0,0,55.8,1
24,53,1772,0.498,29,0,4,80.8,0.9,30.38,409578.56,5774.03,52.59,0.219,5.9,13,1,1,43.8,1
16,6,1013,0.277,24,2,4,84.2,2.6,54.11,224934.41,9539.39,16.65,0.235,2.1,24,1,1,56.0,1
39,20,1508,0.273,4,10,4,57.8,1.1,61.33,182076.95,2886.7,93.36,0.081,16.1,21,1,1,22.0,1
1,25,587,0.268,30,4,4,57.9,0.7,12.13,49001.95,2560.75,43.32,0.316,0.6,3,0,0,5.6,1
35,31,1034,0.461,6,7,3,66.5,0.8,11.41,498208.32,6334.97,94.09,0.271,19.8,10,1,1,44.2,1
11,3,473,0.038,21,8,7,47.3,2.0,91.95,315312.76,1174.22,16.96,0.328,3.7,18,0,1,23.1,1
14,16,318,0.34,19,1,8,48.8,2.9,4.13,408912.31,5232.34,62.41,0.065,0.0,17,1,1,63.9,1
29,10,323,0.127,6,5,5,47.6,1.8,54.9,62097.31,847.46,94.97,0.079,19.6,6,1,0,3.8,1
7,34,966,0.204,28,0,5,9.4,3.6,96.0,461904.29,2478.26,91.91,0.252,13.5,0,0,1,18.7,1
28,20,1509,0.417,1,9,7,37.6,6.7,10.88,204703.54,9251.07,46.36,0.185,12.9,8,0,0,94.5,1
28,46,513,0.147,6,10,4,33.3,1.4,27.85,263212.7,5990.79,50.31,0.337,5.9,19,0,0,72.3,1
41,54,1350,0.274,18,9,0,24.5,0.6,56.91,40682.65,3420.53,78.51,0.023,19.1,20,0,1,60.1,1
45,80,1740,0.073,6,1,3,36.8,0.2,28.47,241227.3,3733.89,40.55,0.236,12.7,21,0,0,34.6,1
34,46,642,0.482,24,9,6,17.2,1.7,80.04,9413.57,7523.92,89.98,0.17,1.4,1,1,0,24.9,1
14,40,1876,0.175,4,6,0,21.8,3.3,92.43,275276.49,1893.78,91.32,0.016,18.9,6,1,1,25.5,1
30,3,1852,0.243,28,6,4,13.1,3.0,88.73,164603.82,1385.16,76.09,0.352,14.0,23,1,1,51.4,1
29,65,1621,0.419,16,0,8,28.6,0.1,63.28,287094.25,2814.05,41.6,0.26,8.8,3,0,0,82.1,1
26,57,650,0.391,14,6,3,15.7,1.2,81.57,397516.77,3900.11,21.09,0.438,7.7,14,0,0,45.2,1
8,31,1015,0.078,4,2,8,41.9,3.7,52.87,104010.83,7273.41,45.61,0.497,1.1,28,0,0,4.0,1
6,37,608,0.438,13,5,4,77.8,6.4,76.57,360196.61,6333.8,48.04,0.182,17.8,22,0,1,56.7,1
6,3,1013,0.133,4,9,4,21.6,1.3,23.45,268440.82,7694.03,17.45,0.314,8.2,17,0,0,73.4,1
21,3,1596,0.211,27,2,2,76.7,2.7,34.85,56563.99,5809.36,78.1,0.393,15.0,7,0,0,1.8,1
8,32,817,0.461,27,0,5,70.7,7.1,6.6,421455.13,9379.16,22.25,0.317,15.1,20,1,0,27.2,1
41,21,951,0.399,21,4,0,54.8,7.2,68.18,136126.89,4325.96,20.89,0.051,1.5,29,0,0,71.0,1
48,48,1973,0.008,20,10,5,7.6,6.7,54.02,52902.09,6765.58,67.66,0.113,12.3,12,0,1,61.6,1
1,19,1211,0.242,5,7,7,68.7,7.4,14.39,251723.77,2335.03,15.06,0.009,2.3,30,1,0,69.5,1
49,63,1481,0.467,19,9,5,22.9,2.5,29.17,120111.14,7600.07,75.69,0.073,13.6,26,0,0,50.6,1
1,57,593,0.178,22,4,1,72.1,5.0,44.63,102037.04,6339.75,40.41,0.105,1.2,4,1,0,63.8,1
41,9,268,0.082,6,2,8,40.9,7.6,25.28,301345.39,258.66,35.19,0.076,6.7,6,0,0,66.4,1
33,11,1904,0.216,15,6,4,71.7,6.0,32.88,486845.74,9659.81,56.96,0.002,6.2,19,0,1,71.8,1
31,49,160,0.29,20,9,8,39.4,1.3,96.88,19010.48,9754.29,89.28,0.025,16.5,21,1,1,72.7,1
22,17,483,0.115,20,10,6,86.0,2.4,3.12,316327.77,9087.93,36.09,0.279,16.8,6,1,0,14.0,1
7,4,1385,0.025,30,8,3,4.3,3.9,79.04,483214.76,5723.36,17.85,0.39,8.9,5,0,0,46.5,1
49,41,731,0.191,22,4,5,18.1,6.3,26.2,401127.31,1111.58,75.45,0.169,10.2,8,0,1,88.6,1
37,47,587,0.351,26,2,1,22.9,4.2,34.55,383869.89,1900.03,66.55,0.303,3.5,15,0,0,0.8,1
6,7,915,0.329,21,9,1,72.3,3.6,30.39,78636.4,6689.29,70.95,0.112,2.0,23,1,0,74.7,1
15,28,1749,0.108,2,7,0,94.2,2.2,70.19,311532.35,3777.46,82.76,0.434,14.0,11,0,0,61.5,1
4,54,1496,0.207,9,8,7,76.0,2.1,58.18,413332.12,366.28,54.06,0.283,2.5,21,1,0,54.2,1
35,9,550,0.26,23,4,3,39.1,0.3,64.62,16820.84,9914.1,51.91,0.387,7.4,13,0,1,54.4,1
23,40,111,0.464,21,0,4,31.9,6.5,38.51,431997.15,3298.36,39.68,0.144,16.6,21,0,0,32.4,1
29,55,1748,0.199,15,5,8,4.8,1.7,25.82,123204.25,8050.84,13.88,0.424,1.6,17,0,1,1.4,1
16,49,1420,0.113,18,3,7,70.0,2.5,19.95,474907.65,9193.22,29.58,0.037,12.9,5,0,0,27.6,1
14,58,731,0.358,20,9,8,35.8,1.0,50.13,219212.78,3441.65,59.97,0.022,19.1,11,1,1,16.7,1
39,59,961,0.001,26,10,4,17.7,6.7,40.35,151463.44,2147.91,10.23,0.328,8.7,10,0,1,42.2,1
20,2,80,0.133,15,3,3,77.0,3.8,10.38,267133.08,375.93,25.97,0.118,15.3,25,0,1,31.9,1
25,42,332,0.251,11,3,5,15.9,2.8,58.36,443711.47,1648.36,50.33,0.339,13.6,28,0,1,80.7,1
13,55,878,0.393,16,9,0,47.1,6.6,73.7,168114.58,2311.73,68.32,0.382,9.3,6,1,0,24.5,1
28,43,1991,0.389,17,10,3,30.6,6.1,14.9,186818.47,7012.05,12.42,0.351,6.3,9,1,0,63.9,1
17,1,1906,0.101,22,4,7,97.9,7.8,93.41,243468.05,3789.1,81.07,0.002,1.2,10,0,1,0.1,1
34,68,230,0.116,5,10,8,46.2,7.6,49.5,269656.27,7619.94,45.49,0.304,2.1,29,1,0,96.8,1
37,78,381,0.144,14,10,2,20.3,5.1,24.73,64197.07,6022.59,21.08,0.275,16.8,30,1,1,14.3,1
43,16,765,0.079,15,6,4,25.4,6.4,32.81,105837.72,7600.52,38.02,0.216,2.9,29,1,1,35.6,1
10,12,54,0.031,23,10,3,31.2,6.0,84.72,471865.19,1118.62,14.18,0.314,10.9,4,1,1,47.4,1
26,35,1134,0.178,12,8,2,52.1,7.3,80.98,213387.96,2819.99,89.26,0.2,8.3,15,0,1,34.0,1
38,28,853,0.406,8,0,3,30.8,7.1,42.14,424933.7,4460.27,74.33,0.377,16.1,5,1,0,60.2,1
1,52,1819,0.048,3,1,0,12.5,5.7,63.62,145206.57,1519.25,48.72,0.397,13.6,4,0,1,67.3,1
41,66,577,0.23,30,10,0,85.3,3.5,92.8,478721.17,2204.92,14.48,0.357,0.5,3,0,1,48.1,1
23,60,1573,0.367,15,2,8,29.8,3.8,45.02,130627.23,153.8,66.67,0.293,7.9,9,0,1,46.5,1
15,28,1448,0.156,29,8,5,55.7,1.6,91.86,386939.88,2323.68,57.48,0.018,6.6,4,1,1,89.6,1
26,24,434,0.056,21,0,1,94.6,3.6,25.9,394811.51,6713.88,81.68,0.179,9.4,22,0,1,0.1,1
17,56,1710,0.42,22,9,3,62.1,5.6,80.44,368041.95,5329.52,66.05,0.373,10.4,9,1,1,86.8,1
17,29,143,0.085,16,8,5,59.3,3.6,35.3,380073.44,7056.48,12.59,0.449,0.8,19,0,1,35.3,1
31,61,1846,0.264,20,2,0,93.5,5.3,67.85,155456.3,316.4,67.02,0.298,3.1,25,0,1,60.1,1
45,51,407,0.136,15,8,0,90.3,4.1,94.85,409983.05,5551.61,55.42,0.461,0.1,26,0,0,22.8,1
1,22,1713,0.211,11,10,8,48.2,1.7,43.57,207116.49,6693.01,30.36,0.054,10.1,11,0,0,90.4,1
29,13,269,0.167,5,10,8,13.4,6.5,79.15,255979.38,4189.9,51.5,0.385,4.1,19,1,0,99.7,1
14,74,1688,0.134,11,1,0,51.0,4.0,80.23,60159.46,1437.86,80.76,0.482,3.7,2,1,1,80.2,1
9,73,1173,0.087,20,1,7,42.0,0.4,93.28,83953.91,6409.76,83.95,0.361,9.1,3,1,0,6.8,1
18,77,61,0.415,13,4,8,90.5,5.3,75.3,19077.52,3497.91,57.75,0.045,18.3,16,0,0,21.6,1
44,68,1528,0.214,8,4,1,8.2,6.3,23.18,344908.31,7000.95,62.83,0.093,19.9,15,1,1,93.1,1
18,56,1214,0.136,24,5,7,38.8,5.0,46.09,303412.4,8963.39,19.2,0.446,7.5,7,1,0,83.6,1
39,13,1808,0.376,16,2,7,57.7,4.4,69.42,207683.78,7777.45,65.26,0.201,12.4,11,1,0,1.9,1
35,79,1425,0.417,15,4,6,31.9,2.1,67.07,361495.85,3282.12,82.48,0.206,17.2,3,1,1,48.5,1
14,26,808,0.044,10,3,4,66.9,4.8,14.76,213298.54,7991.89,24.03,0.391,6.7,13,0,1,12.5,1
9,57,1964,0.471,2,7,2,80.9,1.3,9.62,324703.02,9128.72,63.54,0.459,15.9,3,0,1,96.2,1
23,19,572,0.406,2,1,6,36.9,3.8,49.55,427550.48,8038.26,58.87,0.108,12.1,19,0,0,8.2,1
11,67,500,0.049,18,6,4,76.9,2.8,18.83,208787.36,6073.8,16.37,0.128,9.1,15,0,0,55.2,1
14,12,55,0.421,6,3,3,94.6,1.4,35.99,151473.29,6836.91,54.78,0.406,3.5,18,1,0,76.0,1
19,29,803,0.086,19,1,2,71.2,0.5,25.67,440122.38,6512.12,29.59,0.287,0.9,11,0,0,44.0,1
34,34,1380,0.308,1,6,1,26.7,4.3,39.33,315665.15,2035.23,32.72,0.033,19.1,9,0,0,62.4,1
15,69,1622,0.058,20,5,8,92.2,2.9,27.43,447806.32,499.73,79.36,0.097,10.1,25,1,1,66.6,1
7,4,1975,0.328,26,10,3,88.5,5.5,37.11,355441.18,8376.96,27.22,0.3,14.3,27,0,1,93.9,1
5,57,225,0.035,2,4,6,9.9,0.0,98.32,207496.43,4770.89,19.35,0.028,13.4,20,1,1,2.0,1
1,76,1081,0.044,22,3,8,56.3,1.0,86.43,9490.51,3583.16,33.12,0.24,2.2,16,1,1,95.2,1
46,12,625,0.385,15,6,5,59.3,3.0,52.16,283928.25,6480.9,72.66,0.258,6.9,9,0,1,47.0,1
7,29,733,0.172,9,8,3,67.1,6.2,30.32,55760.11,2273.61,80.2,0.172,3.2,21,0,0,58.5,1
38,51,638,0.311,29,4,6,52.6,7.5,27.66,262498.93,6412.22,19.7,0.421,16.0,23,0,0,65.0,1
6,4,435,0.427,12,10,6,92.6,6.2,3.32,90164.09,9032.93,30.84,0.239,12.2,17,1,1,68.3,1
36,17,1506,0.484,23,0,3,32.6,0.4,2.76,401548.75,573.74,33.05,0.388,1.2,17,1,0,3.6,1
19,62,447,0.282,27,2,2,23.5,0.5,36.97,186753.4,6521.48,26.98,0.233,18.2,26,0,1,64.2,1
34,19,683,0.437,24,8,5,25.8,4.9,85.03,402465.97,7487.06,24.92,0.174,6.4,8,0,0,89.9,1
11,73,537,0.354,6,6,6,33.2,3.1,41.9,394311.55,9752.85,79.44,0.025,19.4,30,1,1,27.6,1
3,66,1341,0.427,21,2,3,94.9,7.5,32.82,73051.99,3010.13,54.28,0.207,13.3,14,0,0,9.0,1
5,2,859,0.104,17,7,8,70.7,5.5,81.06,323840.23,1801.85,75.07,0.025,16.9,22,0,0,74.7,1
50,27,245,0.014,13,2,1,78.1,2.2,35.62,231740.61,7237.23,32.55,0.012,8.5,21,1,1,82.4,1
14,24,1073,0.286,18,0,2,90.5,5.7,98.44,233135.22,9391.03,38.09,0.332,4.2,19,0,1,22.7,1
40,16,59,0.145,21,3,8,48.9,4.6,53.7,382604.09,984.41,21.61,0.428,17.3,20,1,1,48.1,1
3,18,214,0.482,5,10,0,90.5,2.3,22.79,410719.5,3142.37,35.54,0.012,8.6,24,1,0,24.8,1
17,61,854,0.216,23,7,4,70.8,6.5,30.96,251890.27,969.46,79.31,0.181,13.7,27,0,1,4.8,1
44,51,1094,0.07,8,2,6,94.9,7.5,81.05,21639.66,3220.79,38.87,0.404,4.7,15,1,0,2.4,1
44,79,637,0.078,9,7,2,41.5,3.9,37.53,447529.08,8801.01,51.13,0.242,10.4,12,1,1,85.8,1
19,0,171,0.367,6,5,8,55.0,6.6,11.33,354216.81,6554.81,22.15,0.287,6.8,27,0,1,60.8,1
37,11,329,0.212,29,6,6,6.7,8.0,29.5,413740.02,6321.28,50.89,0.021,13.0,27,1,1,20.5,1
50,36,1588,0.155,11,9,8,46.5,0.8,90.51,235647.93,5118.13,11.76,0.15,12.9,21,1,1,41.7,1
6,66,40,0.462,12,3,4,96.7,6.4,40.35,230830.2,4399.67,91.84,0.298,8.4,14,0,0,71.6,1
21,39,1074,0.249,21,4,6,88.9,5.2,55.53,247688.97,7466.38,90.87,0.474,2.1,29,1,0,47.7,1
14,29,1031,0.427,21,5,1,29.3,1.5,66.9,392487.56,5960.39,47.27,0.271,15.7,20,1,1,68.6,1
11,35,1579,0.2,12,6,7,39.5,2.6,5.28,102108.6,906.97,69.98,0.479,9.4,1,1,0,14.4,1
24,51,167,0.065,13,4,6,26.3,2.2,50.51,202963.85,3006.7,13.13,0.458,0.4,25,0,1,35.7,1
27,41,1576,0.166,11,7,8,94.3,1.6,83.71,372889.17,8550.49,98.34,0.402,1.1,3,0,0,46.2,1
13,56,251,0.238,3,1,2,28.9,1.9,19.59,213280.92,2249.03,87.51,0.285,16.1,25,1,1,14.6,1
21,48,1439,0.495,14,9,0,44.9,0.1,43.37,803.24,5914.07,83.26,0.333,7.7,11,0,0,61.3,1
37,62,664,0.443,19,3,1,15.7,6.7,22.46,167419.17,749.28,93.91,0.018,16.0,16,1,0,70.8,1
3,48,1220,0.117,17,5,5,91.1,3.5,25.74,165493.28,6128.65,77.99,0.481,8.1,20,0,0,2.5,1
31,32,1422,0.477,24,5,1,25.5,0.7,48.45,53478.38,3172.41,67.8,0.447,18.3,2,1,1,72.2,1
30,78,546,0.265,7,3,8,34.4,0.5,94.71,182480.6,3422.68,16.05,0.428,11.6,17,1,1,22.6,1
27,46,28,0.211,13,5,7,84.4,0.0,57.59,207692.79,8848.27,61.96,0.032,10.7,0,0,0,18.1,1
8,38,1451,0.217,1,1,7,63.2,6.9,71.84,396726.04,7946.26,38.21,0.408,19.9,12,0,0,51.5,1
32,77,1496,0.024,23,8,5,72.2,4.0,74.13,328940.63,5208.46,63.2,0.058,17.2,27,1,0,52.1,1
10,67,876,0.334,5,5,1,22.6,7.8,87.95,173608.2,1259.21,89.1,0.275,15.1,5,0,1,41.9,1
24,38,989,0.455,13,2,7,11.8,4.7,49.39,139865.19,9630.75,71.85,0.223,13.4,15,1,1,16.3,1
21,29,1656,0.309,12,8,4,17.4,6.0,40.94,147663.4,6036.22,97.17,0.23,1.2,17,1,0,40.4,1
31,45,1262,0.367,24,9,0,43.4,0.6,49.68,26920.94,2501.49,89.62,0.022,3.5,10,0,0,43.4,1
32,76,829,0.029,22,1,3,69.5,1.9,73.54,285850.85,3100.08,66.05,0.179,17.7,7,0,0,49.5,1
50,0,1121,0.178,5,0,5,59.5,3.7,48.4,215902.25,1645.2,81.09,0.411,18.4,12,1,1,13.7,1
46,36,434,0.347,13,10,3,54.3,0.2,32.06,494301.09,4421.67,84.19,0.104,8.8,10,0,0,50.1,1
22,31,879,0.459,14,1,3,16.8,0.9,67.18,142696.96,7370.28,11.93,0.255,15.0,15,1,0,9.7,1
8,12,1649,0.138,14,5,2,54.8,1.1,69.63,317166.95,9787.17,48.41,0.426,3.4,21,0,0,45.3,1
15,52,1088,0.167,4,3,0,55.3,2.0,26.32,226798.45,7921.05,32.78,0.467,6.3,29,1,1,57.1,1
28,74,1306,0.413,18,6,5,63.4,7.9,5.56,60704.34,4635.21,10.75,0.106,16.4,24,1,0,87.7,1
5,24,794,0.464,11,8,2,26.2,5.9,80.14,94183.82,7992.13,64.7,0.172,12.4,14,1,1,78.5,1
36,31,314,0.41,9,8,5,15.2,7.4,78.64,372507.72,3840.48,67.71,0.014,19.8,5,1,1,36.8,1
23,25,409,0.285,16,7,4,47.0,0.4,13.51,201098.5,2475.52,25.56,0.224,18.9,9,1,0,40.7,1
8,11,1238,0.363,3,1,4,17.9,6.2,97.69,477814.51,6826.95,17.15,0.056,15.1,5,0,1,96.1,1
28,69,917,0.355,30,8,2,61.2,3.5,3.58,324855.88,7859.27,57.85,0.382,15.1,1,0,0,38.7,1
3,42,683,0.168,14,6,0,82.6,0.4,12.74,474301.79,5422.47,85.81,0.456,5.7,22,0,1,99.1,1
36,51,602,0.086,10,3,7,95.1,6.3,87.13,154080.69,2150.38,59.02,0.462,19.8,19,0,1,87.4,1
48,67,1099,0.468,18,10,5,71.3,2.8,2.01,457446.5,1764.38,24.98,0.188,9.1,4,1,0,37.5,1
19,27,407,0.102,2,9,4,96.7,3.1,96.29,390954.59,5436.61,23.34,0.222,10.0,24,1,0,4.9,1
11,5,579,0.119,17,5,2,40.9,0.3,57.4,167571.34,3613.19,66.58,0.455,18.0,3,0,1,86.8,1
4,48,492,0.103,22,10,3,27.6,3.3,57.21,210007.95,7079.94,58.96,0.351,11.2,11,0,0,77.8,1
26,23,1861,0.326,16,6,7,3.6,1.8,80.53,162436.05,8569.8,47.52,0.419,16.1,15,1,0,8.4,1
47,10,465,0.037,15,9,3,84.1,3.5,52.19,97324.19,4062.17,24.94,0.266,11.6,29,1,0,51.7,1
23,9,119,0.02,21,4,4,20.4,0.2,56.34,477338.11,4071.62,27.25,0.258,5.2,26,1,1,5.2,1
39,71,1446,0.134,5,10,8,81.3,7.0,23.04,53064.39,3889.49,64.53,0.352,18.1,24,0,1,17.3,1
6,7,42,0.438,17,10,7,28.5,2.8,86.0,376169.47,2723.73,86.48,0.231,14.9,15,1,1,72.0,1
25,80,614,0.42,26,5,6,39.4,3.9,76.46,42041.74,2725.26,20.72,0.029,17.3,20,0,1,47.0,1
19,52,1639,0.064,25,1,0,51.0,3.2,95.89,192266.0,7210.78,66.69,0.157,11.9,0,1,0,4.6,1
27,8,1845,0.296,6,2,3,18.2,4.8,6.01,397799.46,4187.37,94.64,0.467,19.8,17,1,0,6.3,1
39,61,426,0.345,6,8,2,97.6,4.2,62.6,66440.86,3643.13,40.23,0.432,1.0,13,0,0,94.5,1
43,63,82,0.053,30,3,8,83.6,0.3,70.44,161628.23,4795.0,78.52,0.341,17.1,25,1,1,3.4,1
12,41,1106,0.276,14,5,7,77.1,1.6,48.53,358994.6,6809.14,65.55,0.302,4.6,14,0,1,46.3,1
18,70,389,0.281,27,3,7,95.2,3.4,25.13,321291.59,6855.14,37.66,0.071,13.6,16,0,1,11.2,1
1,26,378,0.033,13,2,6,87.4,2.0,55.59,92796.7,7479.25,64.14,0.119,0.6,26,1,1,32.1,1
5,13,401,0.363,9,4,3,7.0,6.3,10.56,171708.33,7138.73,67.32,0.422,7.3,1,1,1,20.6,1
9,58,1884,0.491,27,3,8,60.8,1.5,87.64,395024.18,8347.62,72.76,0.071,11.7,25,0,1,13.3,1
39,45,1139,0.111,20,1,5,92.6,0.5,80.33,265341.09,4586.84,81.32,0.061,1.7,14,0,0,39.0,1
9,19,1442,0.377,24,0,0,85.4,6.1,42.29,333018.4,7179.82,98.66,0.108,5.0,10,1,0,62.9,1
30,57,357,0.188,4,5,0,97.5,7.1,58.12,243793.43,3843.21,98.84,0.442,2.4,8,1,0,75.6,1
50,31,1500,0.361,6,2,2,57.0,7.6,67.92,349019.36,6430.36,10.32,0.115,5.9,0,0,0,61.4,1
49,19,1133,0.472,15,2,2,15.6,2.2,83.92,250678.71,9497.03,84.6,0.483,9.2,13,1,1,77.0,1
33,53,1987,0.1,17,2,0,31.3,4.9,70.54,46335.7,2945.04,71.13,0.477,8.9,24,0,0,91.8,1
37,39,813,0.407,7,8,0,78.7,2.3,22.68,413615.5,8111.8,69.64,0.437,0.6,17,1,0,43.7,1
23,52,1478,0.495,6,5,5,22.7,2.2,96.45,70687.13,3684.96,20.77,0.424,3.1,5,1,1,7.9,1
10,7,1483,0.08,15,5,6,56.9,7.2,62.01,469020.12,8195.84,82.73,0.168,12.1,25,1,0,84.4,1
26,47,576,0.077,25,4,4,94.5,7.6,11.47,230660.49,7410.54,93.11,0.048,2.2,29,1,0,94.4,1
3,34,445,0.146,19,3,7,42.9,1.1,98.92,496518.65,9063.89,76.6,0.162,15.5,18,0,1,30.0,1
30,49,1412,0.373,3,4,4,35.1,2.4,97.83,459907.25,5382.91,11.49,0.202,16.5,1,0,1,93.2,1
40,72,1834,0.339,28,9,6,85.1,2.9,26.4,330394.21,3616.75,73.51,0.046,2.8,29,1,0,10.9,1
42,10,1852,0.097,5,8,2,24.9,2.9,34.96,253325.16,3000.11,32.61,0.224,2.3,25,1,1,82.3,1
1,75,1647,0.232,28,9,4,84.2,4.6,61.55,274439.07,1252.57,30.1,0.303,7.6,17,1,0,14.6,1
33,12,1371,0.207,5,5,6,68.2,5.5,91.43,432463.13,6069.68,65.95,0.107,10.5,9,1,1,86.9,1
29,63,1442,0.184,19,10,3,75.4,0.8,17.35,263925.47,736.67,52.2,0.394,13.7,17,0,0,76.4,1
20,2,1515,0.367,14,7,6,72.1,7.3,17.06,363958.27,904.2,68.0,0.155,1.4,13,1,0,61.8,1
17,32,1865,0.211,18,0,0,46.7,2.2,30.06,252450.52,6320.7,90.67,0.377,17.0,28,0,0,89.4,1
47,55,1139,0.315,23,7,8,64.4,0.7,73.89,36231.33,3601.44,97.73,0.176,3.5,5,1,1,53.6,1
20,52,976,0.31,24,10,3,49.4,3.7,90.14,41332.53,1820.02,21.97,0.117,15.4,4,1,1,7.1,1
45,69,1657,0.232,10,8,6,29.6,3.3,97.89,113964.67,649.65,64.29,0.425,19.9,5,1,0,27.2,1
42,9,1126,0.496,26,7,1,7.3,1.9,18.11,103616.66,5551.61,41.0,0.011,6.3,11,0,1,62.7,1
13,76,1703,0.325,11,7,8,67.0,3.9,63.53,486414.39,2846.13,42.11,0.27,19.1,7,0,0,50.3,1
26,6,1080,0.013,19,4,8,96.7,5.6,91.28,35546.1,7836.18,39.05,0.335,1.6,17,1,0,70.9,1
3,5,435,0.253,18,7,1,34.8,4.3,79.23,76762.06,6351.44,23.11,0.017,4.6,24,0,0,63.9,1
32,20,836,0.283,26,0,2,42.4,5.8,6.23,186454.36,3385.35,71.28,0.266,12.4,8,0,1,71.5,1
10,24,1985,0.073,20,1,4,73.7,2.1,48.62,72128.46,2774.53,68.36,0.351,8.8,28,1,0,39.9,1
19,55,885,0.49,10,10,3,17.9,3.3,21.51,35455.75,1220.51,94.78,0.229,3.7,11,0,0,71.1,1
36,17,739,0.272,11,0,7,55.0,1.8,33.62,485438.41,8186.41,77.74,0.005,18.9,2,1,1,54.5,1
32,65,189,0.142,17,0,5,33.9,5.8,75.11,12065.07,2735.71,80.45,0.051,1.0,8,1,1,28.2,1
31,0,693,0.151,18,9,2,36.8,1.1,79.66,118443.6,4316.24,45.32,0.455,5.1,10,0,1,29.8,1
14,63,1717,0.367,15,9,0,95.0,5.1,3.13,242890.75,3271.53,77.33,0.129,16.4,24,1,1,36.4,1
21,9,1368,0.223,1,8,6,54.8,2.3,23.92,161643.95,7314.11,75.62,0.1,6.2,9,0,0,39.9,1
42,7,361,0.105,20,5,0,66.4,3.7,52.55,178511.81,2642.13,12.67,0.25,18.3,1,0,0,24.6,1
13,50,833,0.379,17,7,4,82.0,6.4,79.32,276712.05,8586.03,52.48,0.457,7.8,7,0,0,0.2,1
43,13,805,0.467,10,3,8,33.5,5.8,60.97,287157.01,5670.21,98.48,0.454,1.8,5,1,0,84.9,1
41,8,619,0.444,10,5,0,92.6,0.4,97.51,201088.24,226.86,26.52,0.36,15.9,9,1,0,69.5,1
38,24,1969,0.049,7,9,3,39.6,1.5,73.79,329148.29,4528.16,87.48,0.291,7.9,30,1,1,12.9,1
16,0,287,0.379,7,6,5,86.9,3.9,56.41,329582.62,7970.82,28.93,0.296,8.7,9,1,1,79.5,1
26,1,1916,0.325,1,4,2,33.8,0.5,87.37,447820.9,8545.32,84.85,0.05,18.7,2,1,1,37.3,1
36,67,197,0.448,9,8,6,43.7,6.1,36.93,166340.98,2957.08,90.79,0.214,4.4,19,0,1,83.6,1
26,15,625,0.482,16,9,7,58.4,3.6,70.45,62915.35,7753.72,79.27,0.384,15.7,22,0,0,34.3,1
7,71,519,0.153,12,9,7,7.4,5.2,30.82,324340.44,1204.78,74.42,0.092,3.9,18,0,0,37.2,1
28,39,1352,0.176,8,10,6,3.2,0.0,91.29,310612.85,9919.51,36.28,0.057,11.2,25,0,1,75.4,1
42,15,1578,0.47,21,1,8,79.3,1.0,19.9,174246.22,6006.43,93.03,0.096,0.3,28,0,0,0.7,1
48,27,1247,0.256,24,6,3,8.6,1.2,92.19,117752.81,4923.44,88.24,0.101,2.0,16,1,0,26.2,1
22,54,270,0.092,7,5,7,64.3,3.7,90.45,139394.4,7548.44,40.37,0.484,0.3,3,0,1,33.9,1
21,79,1882,0.079,29,1,1,13.7,2.4,8.73,286395.07,5743.16,35.19,0.454,1.4,22,0,0,33.8,1
21,71,1973,0.228,13,3,3,95.7,2.2,84.42,387242.48,7275.84,25.97,0.025,5.8,0,0,1,56.2,1
38,13,638,0.131,24,2,5,91.6,0.6,35.51,322212.24,9320.79,45.71,0.287,12.0,29,1,1,71.1,1
19,69,449,0.418,17,10,2,73.0,6.4,41.26,499603.04,9732.69,17.08,0.424,9.7,10,0,1,56.0,1
3,59,1321,0.104,28,4,0,53.8,7.5,93.79,366322.51,4502.77,24.68,0.467,3.5,12,0,1,12.6,1
7,41,643,0.442,21,4,7,67.3,2.2,2.19,362067.69,2050.52,43.31,0.025,11.8,4,1,1,28.9,1
13,79,347,0.391,16,5,2,19.6,5.4,35.15,259001.44,3647.72,90.41,0.233,7.9,14,1,1,66.7,1
28,38,1454,0.206,25,2,7,41.8,5.9,5.58,457418.37,7457.78,49.58,0.457,0.8,9,1,1,82.6,1
2,8,1293,0.248,17,6,8,78.1,5.5,93.47,76222.16,6533.85,74.59,0.16,19.0,20,0,1,3.7,1
35,41,80,0.343,16,0,5,90.5,6.4,45.99,371178.79,2763.83,24.68,0.152,13.3,14,1,1,6.5,1
50,59,1308,0.218,29,0,2,86.2,5.5,23.55,338096.72,279.08,14.47,0.437,4.7,21,0,0,10.2,1
32,73,13,0.452,3,1,4,13.9,4.1,18.07,434287.43,5344.02,23.85,0.049,17.8,27,1,1,61.8,1
21,51,1548,0.301,17,9,4,37.0,4.9,29.65,499872.58,4294.89,77.46,0.013,2.1,7,0,1,0.9,1
43,46,431,0.199,2,0,7,96.7,2.5,24.93,483488.05,2717.27,71.85,0.354,14.6,17,1,1,83.4,1
9,38,1029,0.163,6,1,3,37.8,4.8,74.28,476850.96,3711.1,85.39,0.013,5.8,7,0,0,9.1,1
7,65,850,0.068,9,0,1,56.9,4.8,5.35,349714.26,432.42,66.71,0.155,13.0,2,0,1,74.2,1
40,71,1185,0.122,27,4,2,15.6,3.0,68.75,296971.54,4349.37,31.82,0.071,17.4,29,0,0,25.3,1
23,38,59,0.43,30,6,2,56.6,0.2,40.97,53729.64,7505.85,36.3,0.429,5.0,7,1,1,34.7,1
18,50,643,0.389,9,3,1,8.9,7.3,5.02,116789.35,7037.1,13.76,0.204,17.2,10,0,1,93.4,1
43,70,1540,0.038,11,3,3,4.0,8.0,80.62,404259.02,9854.58,35.36,0.255,16.3,13,0,1,18.3,1
25,42,256,0.38,21,6,3,26.2,5.3,54.99,202183.67,1844.77,81.68,0.261,5.6,14,0,0,99.3,1
45,32,275,0.358,18,1,6,25.0,7.1,53.75,356435.71,7640.65,55.62,0.238,17.4,6,1,1,81.8,1
13,1,164,0.025,30,10,4,88.2,5.8,37.87,487931.08,3673.35,59.07,0.045,12.3,13,1,0,85.8,1
41,80,1980,0.196,29,9,2,23.9,0.4,37.66,38629.43,726.43,94.4,0.426,10.3,22,0,0,26.8,1
2,20,1592,0.067,15,7,5,27.2,6.4,53.51,466855.01,2443.16,14.21,0.133,2.4,0,0,0,57.8,1
22,66,1214,0.225,15,5,1,91.6,4.9,13.82,344640.94,6503.07,43.09,0.296,3.5,18,1,0,73.2,1
30,20,1803,0.308,28,9,7,92.8,7.6,99.87,42650.77,6980.13,29.28,0.259,9.5,20,1,0,47.2,1
46,35,560,0.195,14,1,7,71.4,6.4,42.33,451454.36,8055.73,97.65,0.217,15.6,8,1,1,2.1,1
40,43,1521,0.166,1,9,2,99.1,3.1,35.03,316507.27,9466.65,80.46,0.051,0.6,28,1,1,76.8,1
21,69,645,0.055,7,6,8,74.9,4.8,30.49,271135.15,3831.16,76.17,0.391,14.3,18,1,0,35.9,1
22,13,802,0.252,15,1,8,18.0,2.5,9.31,336666.06,6716.11,55.66,0.222,13.7,0,1,0,76.1,1
15,49,1626,0.493,8,3,4,16.1,7.1,67.12,11078.22,1509.87,39.29,0.13,1.7,14,0,1,24.7,1
47,63,1443,0.188,26,4,3,10.9,2.0,28.36,300586.34,2384.03,81.34,0.1,18.9,15,1,0,49.2,1
20,46,790,0.235,23,8,6,44.4,0.3,62.01,246741.56,8634.47,72.87,0.342,15.7,15,1,1,17.2,1
45,3,600,0.164,2,3,4,71.7,1.9,34.38,165123.14,3460.8,35.29,0.441,1.6,26,1,0,59.2,1
15,31,1333,0.397,7,10,4,33.8,6.7,76.44,211487.61,6503.15,35.54,0.335,16.6,13,0,0,11.3,1
11,58,1379,0.413,5,8,0,23.4,5.6,4.25,257958.55,4413.94,53.08,0.437,19.6,29,0,1,49.7,1
20,1,806,0.26,21,4,0,8.9,6.1,30.68,346871.44,3565.16,41.4,0.212,14.5,17,0,0,80.3,1
46,39,1605,0.244,17,0,4,9.8,0.7,25.26,363335.16,5969.8,87.51,0.008,14.6,7,0,1,62.8,1
44,49,794,0.197,13,4,2,79.4,7.7,49.18,125562.56,8392.02,37.41,0.265,10.6,8,0,1,69.8,1
18,48,1758,0.151,19,8,6,57.5,3.3,68.97,163602.3,3129.61,70.72,0.461,1.9,5,1,0,88.5,1
38,3,827,0.282,17,2,8,94.3,7.9,48.49,487687.57,8996.69,85.43,0.068,11.6,6,1,0,57.6,1
49,40,1693,0.219,28,6,4,35.1,6.3,13.05,47499.79,2990.54,13.07,0.407,3.3,1,0,1,1.1,1
18,16,175,0.179,14,3,4,66.4,1.5,31.73,78140.85,1466.17,66.96,0.298,12.1,18,0,0,61.0,1
3,49,119,0.286,13,3,5,42.1,5.2,92.41,326183.95,3871.48,34.3,0.021,6.1,30,0,1,1.5,1
1,9,1923,0.3,1,8,5,7.7,5.9,88.38,59413.27,5127.26,56.74,0.195,15.0,24,0,0,34.6,1
25,1,699,0.054,23,8,1,28.7,5.0,70.76,328183.34,1796.2,12.49,0.43,2.5,17,1,1,24.4,1
9,64,770,0.002,16,7,6,81.8,7.6,98.52,310428.02,8286.03,36.34,0.213,12.3,26,0,1,52.3,1
19,59,1091,0.162,22,3,3,11.3,6.2,43.41,330408.03,4051.2,98.96,0.176,16.1,15,0,1,75.7,1
10,3,822,0.082,14,3,6,58.5,0.3,98.81,144675.48,5621.89,30.4,0.339,2.8,16,0,0,41.6,1
17,33,1478,0.184,27,4,3,84.9,0.5,60.51,415958.13,9809.95,83.66,0.056,18.6,24,0,1,74.5,1
29,72,1577,0.22,20,6,2,13.5,3.7,70.99,460188.64,370.91,93.98,0.413,10.4,8,0,0,94.1,1
24,6,495,0.235,3,1,6,87.2,4.7,79.72,138918.48,1078.41,51.01,0.403,11.8,9,1,1,42.1,1
10,74,1878,0.098,11,2,4,38.0,5.3,17.42,37791.25,2100.18,82.06,0.088,5.0,20,0,1,51.2,1
34,11,336,0.446,27,7,8,22.7,7.1,58.87,332349.55,1865.09,85.74,0.233,7.5,29,1,0,30.0,1
43,78,1342,0.195,14,1,2,12.8,7.9,27.58,452287.34,4930.71,66.41,0.495,1.9,27,0,1,92.0,1
45,26,557,0.407,9,8,4,32.7,0.7,40.25,416714.42,8059.54,83.14,0.016,0.2,30,0,1,48.8,1
32,68,1461,0.247,9,2,8,30.5,3.7,4.07,261913.46,2555.72,30.84,0.086,0.7,19,1,1,12.6,1
25,28,146,0.383,29,6,2,32.4,4.6,53.95,113268.01,4986.71,72.89,0.027,3.0,20,0,1,68.3,1
32,58,692,0.419,22,0,3,57.5,1.7,8.62,125457.52,6451.4,96.68,0.36,3.9,19,0,0,6.0,1
9,24,1350,0.283,15,8,6,14.2,0.7,41.54,80562.8,5833.71,14.15,0.02,4.6,26,0,1,96.6,1
1,80,235,0.415,8,8,2,67.4,2.1,67.43,61592.76,5782.76,30.52,0.056,19.7,21,0,0,8.9,1
9,51,1371,0.441,6,6,6,15.5,2.1,48.68,5427.78,2672.33,10.51,0.451,4.8,18,1,1,33.6,1
10,28,1391,0.312,7,6,3,50.6,5.9,90.8,284753.28,4502.28,49.98,0.142,19.5,7,0,1,36.0,1
29,9,95,0.407,14,8,2,47.4,3.7,4.06,1506.61,6271.34,55.92,0.166,6.6,18,0,1,20.6,1
35,69,1102,0.385,11,1,4,62.8,4.0,32.12,278464.15,3505.56,72.04,0.399,11.6,20,0,1,34.8,1
24,47,531,0.117,6,8,4,96.8,3.2,46.49,1320.57,5105.53,39.48,0.288,0.1,5,1,0,19.3,1
12,10,1787,0.377,23,1,2,20.3,3.0,23.46,472469.4,3831.74,94.43,0.359,11.2,21,0,0,97.4,1
14,76,1875,0.163,6,0,4,81.5,2.3,50.28,463895.92,9440.84,33.48,0.342,5.7,19,0,0,18.9,1
15,6,761,0.421,28,7,3,68.2,0.4,35.47,211567.18,1599.95,67.1,0.083,6.0,14,1,1,72.3,1
20,0,1488,0.086,21,7,1,9.7,2.7,34.45,477359.59,4104.15,28.17,0.382,16.7,9,1,0,69.4,1
11,54,1427,0.363,26,7,4,55.6,2.5,70.37,192036.27,2788.48,37.53,0.206,2.8,25,1,0,62.0,1
42,22,1824,0.405,28,1,3,27.1,4.6,85.12,138730.05,3451.04,79.65,0.19,7.4,5,1,1,8.9,1
33,56,1677,0.044,25,1,4,67.5,1.6,96.87,473357.18,630.81,58.11,0.423,9.5,11,1,0,88.0,1
42,10,470,0.123,2,6,3,61.1,3.3,53.77,443947.66,7587.7,19.55,0.223,7.9,28,1,1,83.1,1
12,40,1600,0.388,5,1,8,24.6,7.9,65.59,3853.52,9155.24,19.19,0.33,9.1,30,0,0,41.3,1
17,8,903,0.054,28,4,5,97.0,5.0,96.21,346568.31,7288.81,54.68,0.455,5.2,7,0,0,66.9,1
6,1,548,0.325,18,6,4,67.9,5.5,42.71,208171.2,6701.5,83.91,0.244,7.9,15,1,1,0.0,1
40,80,1954,0.248,14,3,1,73.0,4.4,15.92,40975.78,2229.88,69.51,0.017,8.5,2,0,1,79.8,1
19,35,268,0.455,26,5,1,15.0,7.1,86.5,60368.47,133.15,54.57,0.015,5.4,8,1,1,27.3,1
21,10,1261,0.226,16,6,7,21.6,7.1,33.23,77223.29,1162.08,46.29,0.052,17.8,9,0,0,36.4,1
5,17,511,0.134,10,4,5,47.0,7.7,88.67,285727.72,9676.29,16.45,0.43,14.6,22,1,0,38.0,1
20,67,606,0.403,30,4,0,89.8,1.7,80.98,490095.75,8500.51,34.49,0.039,0.7,8,1,0,13.1,1
3,40,657,0.098,16,5,1,35.6,1.3,27.12,73527.41,5855.96,47.86,0.464,17.7,15,1,1,39.1,1
15,78,309,0.186,29,9,0,9.5,6.6,82.8,369695.45,9779.65,57.39,0.283,14.6,16,1,0,84.1,1
17,47,137,0.269,5,0,2,10.6,2.2,40.83,117391.35,2600.64,16.85,0.441,3.8,15,1,1,16.9,1
5,24,1981,0.009,7,3,6,34.5,1.6,24.38,476725.02,3054.51,61.73,0.336,4.4,1,1,0,11.8,1
42,5,173,0.309,1,0,8,61.3,1.5,19.99,392799.06,5698.43,80.78,0.101,14.8,3,0,0,38.5,1
18,23,1406,0.14,14,3,5,26.0,5.0,88.55,414862.59,7673.85,86.96,0.042,4.0,0,0,1,37.7,1
11,72,1459,0.472,29,3,5,77.7,0.7,16.38,356934.67,9491.77,95.68,0.252,3.5,1,1,1,70.0,1
5,17,1004,0.397,22,5,2,44.8,2.6,85.97,494975.5,6831.67,38.97,0.081,18.4,21,1,1,59.1,1
10,71,1699,0.08,27,8,1,63.8,7.8,62.03,498173.25,7359.48,68.34,0.063,18.5,1,0,1,55.6,1
37,49,86,0.088,15,2,4,45.5,4.6,59.08,485832.96,6323.6,54.18,0.35,2.1,20,0,0,46.2,1
33,51,1898,0.204,12,8,5,54.2,5.1,71.23,220904.26,4063.19,48.6,0.195,8.2,17,1,1,88.5,1
25,39,166,0.272,9,7,2,47.1,4.4,23.34,243575.28,1352.27,15.4,0.45,13.6,2,1,0,30.1,1
4,56,481,0.039,3,0,6,63.8,6.3,74.82,53380.03,7125.59,61.43,0.124,13.0,18,0,1,92.8,1
45,72,1312,0.439,29,0,5,79.0,3.1,30.28,248372.96,7289.13,17.69,0.152,1.8,16,0,1,29.3,1
11,9,1006,0.439,12,7,6,37.5,1.8,9.62,73012.65,2546.14,64.12,0.46,1.8,12,0,0,100.0,1
38,50,561,0.401,15,9,5,62.2,5.8,87.99,280622.86,3707.15,23.63,0.144,15.7,25,0,1,68.8,1
3,65,1003,0.398,23,3,8,63.9,4.6,86.4,51434.51,379.31,74.33,0.369,13.0,25,1,1,47.7,1
21,17,1790,0.302,9,10,8,24.0,4.4,30.64,403911.17,2546.86,88.62,0.263,11.0,15,0,1,83.7,1
19,23,254,0.033,5,0,6,68.5,2.6,89.86,293088.94,2980.78,62.39,0.056,5.0,13,0,1,46.3,1
30,67,445,0.036,9,8,0,58.7,6.0,18.22,261461.05,6509.7,78.73,0.491,15.3,26,0,1,59.5,1
3,77,1742,0.405,9,5,0,26.7,1.3,93.68,456609.73,8356.84,71.2,0.363,8.1,17,1,0,48.8,1
33,73,954,0.365,18,1,1,21.9,5.8,56.38,105649.67,9083.01,90.99,0.365,0.5,16,1,1,55.4,1
6,60,593,0.264,20,2,7,79.0,6.6,52.75,405670.55,8743.4,79.6,0.354,0.4,30,0,0,2.9,1
32,68,1466,0.463,22,2,6,68.7,5.9,78.34,106686.4,1634.29,29.83,0.189,7.5,7,1,0,46.6,1
20,54,212,0.038,7,6,2,22.2,7.0,80.16,71959.11,432.69,64.71,0.046,5.0,8,0,0,90.0,1
34,50,466,0.246,24,2,0,21.9,1.5,67.48,483279.66,6930.56,21.47,0.028,19.1,8,0,1,6.2,1
49,62,1456,0.38,3,3,2,55.9,1.5,1.39,316079.78,7364.15,72.64,0.327,10.6,21,1,0,17.4,1
24,78,737,0.227,29,7,2,99.5,2.1,56.44,147540.9,6805.96,11.71,0.104,18.1,20,0,0,29.0,1
15,55,1930,0.345,27,6,4,12.2,1.0,88.94,436618.06,2476.59,20.85,0.424,0.5,4,1,1,39.5,1
30,53,314,0.268,11,9,2,34.9,5.6,19.2,419006.42,9160.32,46.79,0.122,1.9,14,1,1,0.1,1
43,22,1564,0.427,13,10,5,96.4,2.9,58.45,134217.31,4704.22,75.21,0.255,7.3,16,0,1,33.4,1
41,72,1635,0.325,29,0,4,49.5,4.7,65.18,122329.13,946.97,89.2,0.272,4.0,3,0,0,36.4,1
40,22,726,0.255,30,1,4,35.1,1.8,92.87,23263.76,301.2,86.86,0.423,10.9,14,0,0,71.2,1
26,75,353,0.206,28,2,7,10.7,2.5,53.59,163346.02,1236.29,40.11,0.102,3.0,6,0,1,34.3,1
43,30,1552,0.096,18,0,4,6.7,2.3,86.04,223182.48,7508.41,90.22,0.136,18.4,5,1,1,34.2,1
27,79,507,0.206,1,9,8,28.5,1.3,36.37,44973.93,9112.18,81.37,0.193,6.1,10,0,0,60.0,1
17,43,339,0.097,24,3,0,69.9,3.6,76.32,2935.1,6813.32,38.38,0.381,11.5,14,0,1,57.9,1
7,42,1338,0.215,10,4,3,71.1,1.6,45.22,25314.29,6926.31,59.76,0.028,19.1,25,0,1,24.5,1
23,12,1273,0.17,5,7,0,98.5,0.5,24.06,301233.83,6668.52,92.77,0.271,6.0,26,0,0,31.5,1
21,58,492,0.167,8,8,0,58.6,1.7,23.39,431066.04,1129.27,78.52,0.147,17.6,27,1,1,79.8,1
21,47,1958,0.376,4,3,2,20.7,3.2,82.68,150585.5,860.52,92.97,0.375,5.6,22,1,1,5.9,1
7,80,1986,0.488,13,9,1,38.2,5.8,50.3,163056.18,1254.27,64.22,0.035,4.8,12,0,1,83.5,1
26,54,668,0.226,10,8,0,43.8,5.5,41.03,118817.68,1960.8,68.91,0.411,13.1,26,1,0,32.2,1
24,38,131,0.343,7,6,0,70.8,6.7,65.95,426883.8,5892.2,59.43,0.361,15.3,12,1,0,22.3,1
44,75,962,0.039,5,1,7,93.4,7.4,10.71,145463.86,4603.38,35.32,0.008,1.4,9,1,1,53.5,1
3,3,1941,0.486,17,5,2,62.5,6.9,11.89,32694.14,3885.96,83.62,0.495,2.8,16,0,1,74.4,1
39,31,680,0.434,15,2,7,67.6,6.1,25.24,359656.1,5048.81,25.95,0.305,15.9,30,0,0,33.6,1
20,64,968,0.264,30,6,6,49.9,7.8,30.56,235194.02,6890.61,81.18,0.101,9.6,24,0,0,12.1,1
24,65,1466,0.306,17,2,4,27.3,3.2,39.59,87007.7,4955.57,88.05,0.236,5.8,12,0,0,8.3,1
25,31,771,0.437,12,9,4,12.0,1.3,46.52,98701.54,1536.28,33.13,0.362,6.6,28,0,1,3.8,1
12,43,1776,0.158,9,5,5,52.2,1.2,27.07,190387.73,1873.7,41.63,0.393,6.0,26,0,0,83.8,1
24,62,1011,0.197,14,5,0,56.0,1.4,70.41,16154.7,202.09,94.77,0.032,19.3,11,1,0,9.5,1
44,14,1712,0.13,26,3,2,82.9,3.1,89.37,43952.38,4133.97,45.85,0.493,12.9,5,0,0,56.8,1
4,47,1608,0.267,26,10,3,91.9,2.5,68.4,122422.08,9668.77,23.5,0.132,3.5,30,0,1,25.8,1
4,34,1444,0.189,13,4,6,99.2,7.8,77.49,333601.46,2000.33,36.25,0.495,13.4,29,0,0,73.0,1
28,29,1833,0.297,11,9,1,70.2,2.7,62.72,433513.61,7459.31,45.99,0.477,3.0,4,1,0,9.1,1
8,14,373,0.397,24,8,4,22.2,7.9,43.9,231987.92,6544.18,18.02,0.431,6.5,11,0,1,93.4,1
23,73,1025,0.236,23,3,5,95.8,4.9,34.99,371714.91,4857.59,54.18,0.446,2.8,25,1,1,63.2,1
16,7,325,0.32,25,6,4,96.8,0.3,17.47,223691.51,6120.33,72.44,0.051,17.5,10,1,0,54.6,1
3,20,1115,0.022,21,7,6,78.7,7.3,48.56,414044.78,5328.5,58.13,0.066,19.1,29,1,1,49.2,1
28,48,463,0.348,25,5,0,74.2,4.0,66.91,383210.58,4124.64,77.99,0.3,0.7,26,0,0,74.0,1
31,59,1914,0.22,5,8,0,21.4,1.4,16.56,380256.7,669.01,12.67,0.431,10.5,15,1,0,25.0,1
49,32,1372,0.49,8,6,0,55.2,6.6,56.6,468067.2,7372.34,22.05,0.083,3.1,6,1,1,23.9,1
49,11,1771,0.013,24,5,8,27.9,2.4,30.1,193094.86,2134.53,74.63,0.136,9.4,7,0,0,23.6,1
15,46,1938,0.477,30,10,7,7.6,0.6,53.56,150905.61,212.72,46.18,0.396,3.7,15,0,0,45.5,1
6,50,1273,0.319,9,5,0,99.1,5.8,58.24,234883.77,6748.13,78.13,0.272,7.8,18,1,0,11.8,1
36,75,1050,0.018,17,0,4,87.7,5.0,41.37,450965.8,667.62,87.92,0.335,4.1,6,1,1,46.9,1
12,12,762,0.18,18,5,8,87.4,7.7,84.23,332581.79,9669.7,26.85,0.082,0.1,4,1,0,0.1,1
5,75,1258,0.051,26,9,2,27.3,2.5,36.44,337641.89,2159.51,79.72,0.399,12.1,19,0,1,82.0,1
36,75,312,0.043,7,3,3,17.6,6.6,19.47,72709.82,970.53,85.08,0.137,3.1,14,1,0,0.0,1
11,54,492,0.418,16,4,3,35.3,1.0,12.28,170062.12,8687.25,51.04,0.053,19.1,29,0,0,26.0,1
27,52,1829,0.422,5,0,1,95.6,7.4,56.01,393560.18,6128.13,36.49,0.112,16.7,0,1,1,19.4,1
6,8,910,0.484,13,5,5,54.8,1.1,63.56,26821.95,5260.04,23.68,0.429,10.3,18,1,1,82.5,1
30,37,427,0.238,8,7,0,93.7,2.1,6.75,383197.6,9042.94,37.69,0.34,3.9,15,0,1,5.8,1
7,69,368,0.158,11,0,2,82.1,7.7,64.4,118237.72,4158.77,50.31,0.234,10.8,12,1,1,71.4,1
48,77,1181,0.185,23,1,0,15.7,1.8,36.75,272033.61,3058.07,16.37,0.363,4.5,22,0,0,52.3,1
49,75,203,0.114,2,4,8,5.5,6.0,26.47,494227.11,9829.63,75.12,0.111,8.5,0,1,0,46.6,1
50,5,1178,0.284,10,4,2,76.2,7.3,1.23,214695.84,2538.21,66.69,0.311,5.3,13,1,0,40.0,1
47,39,1187,0.352,21,2,6,45.3,7.6,15.1,246588.51,9793.86,12.39,0.433,16.4,17,1,1,77.8,1
47,19,455,0.423,15,2,0,28.3,6.1,88.31,312244.94,4346.28,18.63,0.189,10.1,26,1,0,33.1,1
27,58,1018,0.036,30,5,7,15.7,2.4,78.53,244522.9,1983.04,76.79,0.156,16.1,22,1,0,74.5,1
22,17,1302,0.342,29,6,0,92.4,6.5,56.9,323656.11,3667.77,81.16,0.426,10.3,2,0,1,83.6,1
16,60,176,0.311,17,0,5,61.2,5.1,97.27,278813.07,4589.24,15.84,0.227,9.5,3,0,1,44.5,1
21,10,1132,0.283,21,2,7,9.8,4.1,50.84,315474.46,963.88,37.86,0.441,7.0,30,0,0,3.3,1
18,68,1930,0.267,8,2,2,7.1,3.0,80.42,424811.28,1862.91,82.12,0.17,7.2,11,0,0,61.0,1
31,34,1304,0.024,9,1,1,87.4,3.3,61.21,324449.82,1860.58,47.02,0.073,11.1,23,1,0,95.0,1
49,20,1210,0.175,17,10,8,56.7,5.3,75.63,271531.96,2965.81,72.5,0.249,12.4,27,0,0,80.9,1
49,33,1730,0.268,9,3,2,60.8,2.4,66.8,207773.69,8870.32,53.18,0.095,14.1,0,1,0,24.7,1
27,48,1649,0.431,18,9,6,57.1,0.1,23.41,222906.39,2830.55,38.02,0.077,14.6,16,0,1,47.7,1
19,8,1269,0.21,14,7,1,16.0,7.3,13.29,453579.13,2063.22,87.99,0.353,17.9,10,0,1,6.2,1
46,64,129,0.36,6,7,8,33.2,2.7,52.96,434799.47,6154.1,79.75,0.449,14.1,28,0,0,42.0,1
18,45,1390,0.187,3,10,7,82.0,0.7,68.85,329911.74,5190.98,67.39,0.125,9.1,4,1,0,62.2,1
35,79,169,0.022,2,1,6,23.0,1.8,76.53,193148.72,2108.67,92.23,0.059,13.1,19,0,1,34.6,1
16,46,761,0.182,26,6,6,76.8,3.3,72.42,468097.75,2080.57,36.66,0.023,12.7,28,1,1,35.1,1
27,57,231,0.428,9,7,0,14.1,2.7,56.78,71416.0,2584.08,87.92,0.164,17.2,18,1,0,26.5,1
40,17,446,0.421,26,8,7,40.2,2.3,96.73,286976.84,5155.28,69.57,0.328,16.9,24,0,1,89.0,1
8,43,1919,0.107,18,1,8,53.3,2.5,39.5,100260.9,8694.05,34.02,0.497,9.3,17,0,1,50.3,1
25,69,1553,0.065,8,7,4,40.7,2.7,45.97,108094.57,3534.16,58.94,0.102,17.2,10,0,0,5.1,1
7,48,1458,0.376,21,7,8,76.8,7.0,37.09,55473.47,2436.6,31.73,0.222,1.9,29,0,1,42.5,1
3,50,1407,0.052,12,2,1,73.8,5.7,46.27,415700.59,4040.48,82.63,0.451,13.8,1,0,1,77.0,1
23,2,1531,0.001,6,10,3,48.3,2.3,20.75,281590.43,6822.7,59.61,0.209,3.1,9,1,0,94.6,1
17,19,720,0.027,10,6,2,55.7,6.3,45.61,13530.42,4602.43,31.4,0.435,14.8,13,0,0,45.7,1
4,32,1400,0.164,6,5,8,58.1,2.6,70.13,184389.72,329.29,54.85,0.167,17.9,0,0,0,51.3,1
12,75,1029,0.235,7,8,5,46.6,6.9,88.94,302026.25,7951.04,68.51,0.207,2.7,16,1,0,32.8,1
2,55,1303,0.274,4,5,3,88.9,7.7,87.0,28843.68,4374.4,93.45,0.095,11.7,26,0,0,59.9,1
30,37,584,0.271,16,5,8,26.0,3.1,74.42,445737.12,4607.26,36.31,0.296,7.8,25,0,0,60.0,1
9,20,1161,0.161,13,8,3,30.2,6.8,76.86,172204.86,2647.6,22.53,0.313,1.3,18,1,1,58.4,1
49,54,1889,0.478,15,9,6,94.7,1.9,42.86,489946.01,4145.9,47.3,0.296,9.4,28,0,1,79.9,1
18,29,399,0.096,22,8,4,19.7,4.6,23.29,114214.08,3044.32,70.34,0.457,13.8,10,0,0,23.2,1
49,9,489,0.179,5,10,1,83.1,1.4,26.29,334378.73,9050.98,66.97,0.2,13.4,20,1,0,91.2,1
5,17,1485,0.476,24,10,6,73.3,5.3,54.18,206660.13,5783.5,35.2,0.355,1.6,23,1,1,11.8,1
49,40,168,0.479,28,8,8,91.2,0.9,62.48,33806.78,6064.36,59.31,0.003,3.5,3,0,0,43.6,1
24,70,257,0.25,4,5,7,62.9,7.0,18.42,261931.13,1920.58,64.75,0.064,15.7,14,1,1,10.9,1
31,14,464,0.42,10,0,2,99.6,7.4,39.57,326923.77,3972.51,68.16,0.485,13.1,26,1,0,70.7,1
28,56,645,0.477,15,5,5,57.2,4.6,80.84,499180.53,8378.9,28.54,0.479,1.6,27,0,0,51.1,1
38,0,1933,0.034,2,7,3,32.9,0.1,4.76,117493.17,418.4,77.04,0.2,10.2,12,1,1,36.1,1
23,66,154,0.25,3,2,5,64.7,1.8,44.15,203099.97,8665.65,17.52,0.075,1.5,16,0,1,18.1,1
34,23,1962,0.452,2,4,8,27.8,3.8,76.34,26688.8,6271.05,87.15,0.016,14.2,13,1,1,12.1,1
23,26,1140,0.281,25,2,5,61.4,2.8,49.43,225971.7,5934.48,15.44,0.185,5.1,29,1,1,58.7,1
5,0,158,0.278,2,5,8,90.8,0.6,92.75,271496.95,6670.73,64.87,0.2,20.0,22,0,0,70.6,1
14,55,1480,0.15,18,10,5,98.9,5.3,61.23,420684.67,3941.82,67.4,0.293,9.4,12,0,1,68.8,1
7,32,1336,0.153,15,3,8,81.6,0.2,33.41,123947.33,2316.99,87.57,0.139,11.8,22,0,1,42.8,1
18,2,538,0.124,19,3,2,77.6,0.3,96.17,39655.08,1228.73,94.99,0.28,12.0,19,0,1,89.5,1
10,6,1421,0.38,26,2,8,30.4,6.7,93.24,288149.84,6396.47,76.04,0.423,0.9,5,0,1,15.9,1
22,17,731,0.252,24,5,7,27.0,7.0,18.76,87279.15,4684.1,20.31,0.44,0.4,18,1,1,13.0,1
21,21,218,0.171,14,0,5,13.2,3.0,53.63,349689.3,6554.31,89.77,0.138,15.1,5,0,0,86.3,1
50,28,1255,0.355,30,8,3,41.3,1.5,7.5,271232.51,8387.45,62.6,0.003,9.0,30,0,0,34.5,1
43,77,995,0.415,7,5,8,69.4,1.2,85.85,7391.05,5460.39,89.19,0.087,14.7,9,0,0,27.8,1
5,53,802,0.458,26,1,3,53.8,3.4,5.09,74774.44,5413.39,73.5,0.294,1.4,2,0,0,31.2,1
25,21,436,0.338,13,3,0,52.3,1.5,42.92,211591.24,8850.14,47.14,0.147,18.7,19,1,1,78.9,1
18,34,1998,0.028,23,8,1,5.4,1.0,50.23,141201.11,3538.84,36.34,0.395,16.5,12,1,1,87.9,1
11,38,1671,0.472,8,0,8,60.3,4.5,27.77,213373.93,7356.13,88.11,0.243,12.4,21,0,0,1.8,1
19,41,1842,0.357,12,1,6,81.7,8.0,61.17,425063.06,2391.43,38.5,0.2,6.8,30,0,0,21.7,1
19,22,903,0.252,12,8,1,6.5,4.1,29.06,149606.56,5844.96,63.35,0.137,7.2,30,0,0,53.5,1
21,7,342,0.353,1,4,1,9.8,6.3,63.56,214913.32,8942.77,32.36,0.033,1.3,27,0,1,70.0,1
32,3,14,0.436,29,7,1,81.1,1.6,99.99,223975.08,5827.09,81.96,0.399,11.8,30,0,0,62.1,1
37,53,1132,0.23,24,7,6,93.9,0.8,36.29,419955.96,7828.63,54.62,0.4,5.1,9,1,1,22.3,1
47,71,1277,0.463,20,5,6,65.4,2.7,3.93,163478.48,9625.53,97.31,0.374,17.3,12,1,1,39.4,1
25,12,431,0.149,29,4,7,5.1,2.5,38.07,196767.11,4385.71,76.75,0.394,9.8,6,0,1,66.0,1
48,26,1435,0.13,27,2,5,64.5,2.7,8.88,162954.83,5217.06,38.48,0.254,17.4,29,0,0,5.5,1
1,64,1816,0.056,23,3,2,23.3,0.0,79.23,157001.55,9153.58,13.06,0.486,4.2,22,1,1,25.4,1
23,26,25,0.222,14,0,6,8.5,0.4,55.09,472702.98,6058.41,68.21,0.019,18.4,4,0,0,3.2,1
14,46,1200,0.463,26,10,0,90.5,4.2,80.37,162593.48,4280.34,82.78,0.13,15.3,21,0,0,51.1,1
17,12,153,0.465,1,9,6,92.5,4.4,4.0,177950.22,1609.7,84.65,0.033,7.5,15,1,1,2.6,1
19,18,553,0.084,21,9,7,6.1,1.5,86.6,81624.32,1886.5,88.27,0.37,15.0,2,1,0,99.9,1
23,43,1586,0.087,29,1,4,90.5,6.9,11.15,412373.42,7171.53,75.98,0.009,7.7,21,0,0,15.4,1
41,74,1333,0.041,12,5,7,18.8,7.0,97.5,308956.85,3389.48,18.1,0.343,12.5,6,1,1,64.2,1
12,65,1394,0.398,7,7,2,22.5,7.1,5.22,457620.3,4809.17,38.44,0.343,3.4,16,0,0,26.4,1
9,0,650,0.37,24,0,3,79.1,4.9,44.53,484695.36,1072.1,15.06,0.115,13.5,16,1,1,22.8,1
43,1,1630,0.479,11,2,7,81.6,6.0,67.58,322318.79,7939.53,57.1,0.083,18.6,0,0,0,22.2,1
3,20,1597,0.407,22,9,1,71.3,6.7,21.21,15971.24,5206.21,99.96,0.155,17.0,23,0,0,10.8,1
36,67,319,0.122,21,9,2,97.3,8.0,84.94,386290.26,818.16,28.98,0.107,17.2,12,0,1,46.6,1
28,80,713,0.234,23,8,5,60.9,1.3,67.69,165283.26,5655.03,78.78,0.146,7.3,27,1,1,0.7,1
9,36,41,0.302,22,6,2,74.8,3.8,51.02,272982.06,2613.51,41.95,0.33,10.2,7,0,1,61.8,1
12,40,683,0.178,12,0,2,19.3,3.1,42.26,245246.52,4111.4,50.49,0.146,16.9,24,0,1,29.1,1
24,3,880,0.038,8,6,2,24.1,1.9,65.0,68812.23,6951.0,29.63,0.38,7.2,0,1,1,72.8,1
17,43,277,0.273,3,2,8,52.4,3.4,18.77,358313.32,6261.28,63.02,0.162,14.4,14,0,0,6.2,1
43,25,484,0.46,13,7,0,55.0,0.3,91.89,400594.67,5053.37,92.72,0.433,1.6,7,1,1,10.1,1
13,1,1312,0.43,14,3,0,49.2,3.2,58.62,160833.13,6432.09,97.8,0.23,10.2,17,1,0,47.4,1
4,78,971,0.405,22,0,1,9.2,2.6,39.77,182845.48,2525.24,46.33,0.226,1.6,20,1,1,57.5,1
44,11,1470,0.057,25,7,6,99.2,5.4,26.85,330886.35,980.36,49.81,0.214,3.8,17,1,0,87.3,1
15,33,1672,0.336,28,0,8,97.2,1.8,35.23,87225.75,686.88,83.18,0.431,0.5,24,0,1,49.2,1
6,26,1223,0.328,9,0,1,17.5,4.6,96.6,68655.27,1716.79,64.32,0.311,18.9,21,1,1,41.5,1
38,64,1598,0.013,17,1,2,89.6,7.4,11.23,65397.24,2825.8,97.42,0.137,3.2,8,1,0,46.6,1
24,39,1393,0.154,28,4,8,23.5,2.5,40.96,305174.13,8700.07,36.23,0.472,18.5,26,1,0,46.5,1
23,35,965,0.114,23,8,5,44.8,3.1,15.51,395660.38,2735.58,90.82,0.488,16.1,25,1,0,33.2,1
4,33,297,0.059,23,4,7,29.2,6.3,25.66,103420.19,749.58,75.77,0.009,14.9,16,0,1,60.8,1
19,20,1932,0.429,7,6,8,20.2,0.7,30.54,72369.55,177.79,61.12,0.062,14.9,13,1,1,60.7,1
46,78,1222,0.089,5,4,1,97.7,6.8,71.16,266874.56,2874.78,35.54,0.3,11.2,23,1,1,84.8,1
2,57,1831,0.359,23,2,2,39.7,3.2,37.03,211404.5,968.3,94.64,0.436,2.6,22,1,0,10.7,1
6,72,1446,0.131,20,7,4,27.9,3.7,19.07,34395.93,8260.56,14.18,0.015,11.9,19,1,1,8.5,1
26,15,405,0.186,6,9,2,33.1,1.4,27.28,12113.49,1362.4,70.43,0.267,7.0,25,1,0,48.1,1
9,31,869,0.376,23,3,6,25.3,2.5,40.58,384214.89,9565.82,87.82,0.168,17.1,19,0,1,81.4,1
21,50,376,0.434,21,5,2,45.5,7.9,58.29,87586.93,2633.16,15.99,0.283,1.5,2,0,1,91.1,1
31,28,459,0.005,23,5,8,23.7,5.5,15.92,321731.93,4581.34,82.29,0.355,16.0,10,1,0,17.1,1
24,52,649,0.125,15,5,1,85.5,5.6,12.85,137392.64,389.54,87.03,0.183,19.7,5,1,0,24.6,1
15,9,1755,0.481,3,9,1,76.9,5.4,47.46,23966.05,6045.2,62.27,0.128,19.2,5,1,0,58.7,1
21,48,325,0.388,20,10,5,60.0,0.3,81.55,430378.9,7672.23,14.88,0.038,14.2,1,1,1,18.3,1
7,80,171,0.133,6,1,8,28.8,7.0,27.29,210881.59,8675.14,61.0,0.294,6.1,24,1,0,44.8,1
36,0,63,0.026,11,7,3,85.0,5.1,79.89,253897.96,4077.85,36.79,0.246,16.9,26,0,1,5.0,1
6,6,1825,0.166,30,5,4,70.2,3.1,65.19,245686.91,1887.93,97.06,0.037,4.0,19,1,0,71.8,1
17,41,770,0.13,10,2,7,99.4,7.9,35.43,308260.51,3931.28,60.9,0.486,16.5,5,0,0,75.2,1
50,70,792,0.448,11,2,5,13.2,5.8,63.12,459340.7,1001.57,30.21,0.276,14.2,12,0,1,9.1,1
12,52,1758,0.451,9,0,3,13.3,5.3,1.96,448592.6,125.86,96.28,0.068,0.5,6,0,1,80.5,1
47,80,1634,0.237,8,0,5,98.8,5.6,3.14,343432.46,1988.15,24.7,0.212,15.3,28,0,1,81.2,1
17,27,1082,0.026,18,6,7,17.6,0.2,78.6,108585.59,2309.68,24.7,0.085,0.5,15,0,1,70.4,1
24,55,1063,0.299,12,4,8,86.8,3.7,93.99,253732.49,1754.71,64.2,0.023,12.0,18,0,0,30.0,1
13,68,1717,0.462,27,4,3,66.1,5.6,43.35,435879.67,967.67,39.84,0.215,8.9,15,1,0,23.8,1
27,62,1929,0.283,4,9,1,68.4,6.1,64.31,278651.05,3630.69,12.08,0.181,8.3,14,1,0,72.2,1
36,60,367,0.026,16,10,0,51.3,7.8,92.79,207536.1,9894.46,29.02,0.181,6.6,26,0,0,7.9,1
30,28,496,0.411,24,5,5,57.0,1.0,43.23,339005.24,3757.44,74.0,0.238,18.0,17,0,0,28.2,1
36,60,1933,0.122,26,10,2,80.2,4.3,99.03,65941.69,553.45,86.38,0.015,13.3,23,1,0,63.0,1
20,80,865,0.199,3,8,0,30.4,6.5,58.01,310963.89,2457.21,47.7,0.136,4.9,24,0,0,33.8,1
3,52,697,0.179,2,6,1,8.7,4.2,37.43,399179.72,9243.63,69.27,0.416,2.6,3,0,0,81.6,1
21,42,1808,0.039,26,2,3,69.6,2.6,70.0,242146.0,1752.2,15.68,0.379,0.2,26,1,1,50.7,1
48,37,281,0.084,23,6,4,60.9,6.7,14.22,115744.14,6345.9,60.19,0.488,1.8,14,1,0,43.5,1
19,74,642,0.01,4,5,8,81.1,0.0,72.99,462953.83,9075.75,40.92,0.324,3.5,26,0,0,91.1,1
33,6,1162,0.152,5,5,3,27.3,1.1,17.56,213274.59,7863.5,17.95,0.472,1.5,3,0,1,86.0,1
48,1,665,0.131,29,10,7,73.7,0.2,98.14,238893.34,8555.44,18.28,0.257,11.5,21,0,1,27.2,1
48,3,344,0.026,10,8,0,63.0,6.2,81.33,282633.51,8273.55,99.86,0.15,7.5,18,0,0,40.2,1
34,71,1482,0.189,15,6,6,15.5,7.7,11.94,238327.88,5513.85,24.78,0.396,12.5,29,1,1,52.2,1
29,48,508,0.051,10,10,4,44.1,5.7,60.85,95219.57,7931.14,18.56,0.321,7.0,4,0,1,5.4,1
10,17,471,0.069,11,7,8,67.6,3.5,10.84,401494.81,191.24,46.08,0.014,15.9,30,1,1,69.5,1
10,23,1751,0.044,18,8,7,75.4,1.0,69.09,378200.21,1545.22,17.41,0.347,9.6,9,1,1,38.2,1
18,58,895,0.139,16,2,7,83.2,3.4,56.63,297796.46,943.61,30.66,0.095,11.2,17,1,1,10.1,1
11,21,1281,0.376,10,1,5,5.2,3.5,51.56,247287.0,3458.09,70.47,0.389,3.9,16,1,1,18.5,1
17,72,1044,0.389,19,1,8,8.4,1.7,88.41,4563.74,3117.44,79.16,0.474,6.9,26,0,0,63.6,1
5,58,821,0.298,22,9,0,82.3,3.3,81.41,122135.82,7017.73,10.77,0.438,3.8,12,0,1,25.7,1
33,27,1612,0.338,9,2,3,47.1,7.4,51.02,373257.22,8676.01,39.82,0.086,0.1,20,1,1,61.6,1
43,48,1321,0.327,30,4,1,89.2,4.4,59.59,272415.12,7843.2,38.49,0.056,3.9,2,0,1,38.2,1
37,43,785,0.447,7,0,2,39.2,0.3,29.42,487567.97,921.66,85.4,0.42,5.9,7,1,1,32.9,1
13,31,1762,0.288,5,2,8,25.3,0.1,38.07,135655.44,2780.87,12.71,0.031,10.7,27,0,1,7.8,1
19,67,385,0.214,15,1,0,31.4,4.3,7.83,220126.04,6889.19,57.54,0.421,2.4,12,0,0,70.9,1
46,16,1211,0.269,2,1,6,51.4,7.8,52.95,193244.81,7482.36,97.94,0.38,9.9,17,1,0,0.5,1
25,56,166,0.499,3,7,5,4.8,4.8,13.71,311845.59,5194.48,37.73,0.363,5.7,21,0,0,24.1,1
33,45,1405,0.346,19,0,4,37.6,7.0,47.9,190869.24,912.65,16.95,0.284,14.2,24,0,1,23.6,1
5,19,466,0.102,16,8,1,75.0,7.4,6.02,193377.8,1372.17,61.11,0.262,3.1,18,1,1,6.8,1
7,28,793,0.378,2,9,2,15.0,5.8,62.75,110794.19,8361.68,46.18,0.464,19.3,9,0,1,34.1,1
44,71,1087,0.161,7,6,5,34.2,3.8,54.1,199027.53,7577.28,84.86,0.019,9.0,26,0,0,9.8,1
45,27,1594,0.366,17,3,8,91.5,1.9,48.09,177308.89,3003.63,61.85,0.045,4.1,17,1,1,15.0,1
3,57,813,0.288,4,7,0,71.9,2.8,56.2,253772.27,3535.94,53.02,0.398,14.4,5,1,0,36.5,1
43,37,1426,0.355,11,1,4,89.0,3.3,82.52,360222.02,8854.05,48.67,0.162,8.4,23,0,1,20.6,1
39,6,1036,0.362,28,4,1,63.8,6.5,61.33,120063.25,1188.38,98.26,0.407,1.9,20,0,0,91.9,1
22,63,226,0.115,19,8,2,29.2,5.8,90.72,274973.14,7267.86,15.92,0.289,0.8,1,1,1,25.8,1
47,22,1429,0.126,30,9,4,19.8,0.3,72.02,40477.27,205.47,99.92,0.14,12.8,23,0,0,64.4,1
18,59,666,0.446,5,8,8,46.5,2.0,97.8,331699.68,1811.28,62.41,0.398,16.5,8,0,1,99.3,1
41,44,1680,0.384,15,7,2,91.7,6.5,17.98,351494.66,5639.22,19.29,0.237,3.0,19,1,0,94.1,1
45,48,1053,0.313,3,2,7,37.7,1.1,74.91,313909.98,8263.51,48.06,0.174,13.5,4,1,1,37.5,1
28,1,561,0.493,11,7,5,49.3,4.1,34.17,289451.89,4210.62,35.15,0.13,13.5,8,1,0,77.7,1
41,76,143,0.356,14,9,7,91.5,6.1,24.12,124332.09,908.79,50.22,0.287,10.5,10,1,0,24.7,1
3,1,67,0.02,13,5,7,16.5,5.4,66.83,456665.59,9704.06,30.25,0.102,16.2,22,1,1,64.9,1
13,5,614,0.326,5,4,4,28.7,1.4,8.68,271880.35,7163.83,72.55,0.28,10.2,20,1,1,84.4,1
24,41,1137,0.48,25,7,3,38.8,5.2,26.79,412889.76,8819.35,59.04,0.429,3.4,14,1,0,39.3,1
28,69,144,0.425,14,5,8,26.6,2.6,30.86,243564.81,8887.82,52.02,0.108,12.1,29,1,1,69.4,1
5,8,597,0.01,30,0,5,37.0,4.3,32.87,185604.26,8389.29,23.45,0.373,5.7,24,0,1,40.7,1
46,35,1193,0.06,27,3,1,31.6,1.9,7.32,340443.24,403.45,51.04,0.059,6.4,23,1,0,86.4,1
37,68,821,0.255,5,1,5,75.1,1.8,6.22,237738.59,7404.34,41.26,0.089,17.2,7,1,0,11.6,1
16,77,1024,0.403,28,8,3,10.1,1.0,27.8,213903.95,9755.33,28.73,0.314,4.6,10,1,1,32.6,1
10,5,1242,0.193,11,0,2,51.0,1.2,88.12,477532.36,1166.37,10.96,0.438,9.4,30,1,1,57.8,1
6,51,1927,0.452,7,4,1,7.3,6.6,51.55,228850.52,9182.29,56.45,0.413,5.6,18,1,0,94.0,1
40,45,1244,0.07,21,5,7,67.0,1.5,17.41,253299.35,7186.48,16.2,0.493,4.6,17,1,0,68.0,1
15,45,1351,0.46,16,2,1,5.4,1.0,34.3,374750.74,2412.28,67.48,0.236,17.7,21,0,1,82.2,1
32,0,1320,0.168,23,4,1,66.0,2.1,67.0,349019.18,1333.12,95.03,0.161,15.0,0,1,1,67.8,1
23,68,1957,0.3,2,9,1,66.8,4.1,97.79,394240.44,1597.62,72.29,0.365,1.9,1,1,0,95.0,1
22,76,1150,0.301,28,8,1,7.2,0.8,13.23,323322.56,3625.45,14.34,0.215,16.8,30,1,0,40.9,1
32,35,1559,0.297,28,4,8,14.8,4.9,82.03,98390.34,3323.9,15.32,0.045,19.9,19,0,1,31.9,1
5,70,1463,0.355,28,1,6,10.7,4.3,17.6,288683.73,1984.68,73.91,0.372,0.4,6,0,0,96.8,1
32,43,1021,0.452,24,1,1,80.3,2.7,16.66,458512.11,1690.8,32.95,0.281,4.1,24,1,0,36.0,1
28,42,1148,0.033,10,8,8,50.3,5.3,20.65,452837.82,5707.46,93.97,0.146,10.9,2,1,0,22.0,1
45,67,1295,0.191,25,4,0,98.5,4.4,68.08,242965.26,1273.17,65.63,0.051,18.1,6,1,0,56.6,1
36,15,545,0.188,17,9,0,36.5,5.8,43.91,141424.96,4078.26,79.01,0.277,3.0,9,0,0,89.0,1
32,72,225,0.439,17,6,8,70.9,5.3,3.14,455769.11,1794.02,32.15,0.494,14.7,9,1,0,61.1,1
43,28,1013,0.211,26,6,6,12.9,1.0,96.97,361823.95,8093.64,87.12,0.3,14.6,25,0,1,22.6,1
25,72,906,0.433,6,2,4,26.8,8.0,84.34,217157.18,9471.77,42.15,0.274,12.3,0,0,1,83.8,1
33,22,1865,0.312,3,0,6,85.5,5.2,56.13,169957.32,679.11,72.98,0.392,15.4,0,1,0,31.0,1
25,65,1808,0.471,17,0,4,65.1,4.5,64.29,411116.64,3952.48,60.22,0.032,6.2,17,0,0,60.0,1
40,58,913,0.243,1,8,1,45.7,1.0,48.47,16197.37,3858.88,57.34,0.055,7.7,13,1,0,25.2,1
15,57,233,0.363,11,8,5,63.1,1.1,72.59,136425.75,7468.51,79.79,0.089,10.3,8,1,1,47.1,1
32,77,796,0.05,2,6,2,98.4,4.3,34.44,336115.6,4807.42,75.16,0.449,17.8,21,0,1,11.3,1
47,75,965,0.286,16,10,2,17.2,5.3,75.66,470030.05,6030.79,58.71,0.101,17.9,15,1,0,44.1,1
19,80,164,0.056,25,0,4,80.5,4.6,93.36,263921.88,8549.81,55.06,0.373,18.2,5,1,0,1.0,1
5,57,1318,0.384,12,0,7,7.5,0.6,86.04,14844.52,5483.36,52.31,0.463,1.0,2,1,0,13.2,1
9,15,1710,0.009,5,3,8,72.2,4.3,93.8,155375.8,6604.0,44.02,0.033,7.9,16,1,0,37.3,1
11,64,827,0.043,27,9,6,3.4,4.5,43.21,352089.27,3036.32,78.33,0.368,18.9,0,0,1,98.5,1
38,38,1023,0.499,30,3,8,69.7,0.9,21.49,332424.59,9571.33,32.02,0.058,4.4,22,1,1,60.9,1
28,68,986,0.269,26,3,6,18.4,1.0,84.67,231948.93,4993.9,61.94,0.451,16.2,0,0,1,37.9,1
1,56,1460,0.048,12,0,4,21.0,6.8,96.03,206424.32,7608.08,26.12,0.15,6.2,12,1,1,46.4,1
17,7,1456,0.445,29,4,8,77.6,5.5,83.24,186914.51,2180.48,64.02,0.412,14.0,24,0,1,43.7,1
35,37,76,0.46,4,9,4,11.9,4.7,99.99,388457.86,8333.8,25.25,0.028,14.2,30,0,1,58.7,1
34,2,1486,0.27,24,1,6,54.4,3.3,71.01,320274.36,2290.5,22.57,0.293,11.8,26,0,1,9.0,1
30,75,98,0.468,29,5,3,3.5,2.0,39.0,183458.92,65.54,71.65,0.253,9.4,19,1,0,20.4,1
15,77,1960,0.294,16,3,3,81.2,2.0,53.34,154034.48,3585.39,97.52,0.268,7.9,30,1,1,80.5,1
49,7,800,0.156,24,2,6,39.2,3.6,76.85,454401.07,9024.84,45.99,0.169,13.5,25,0,1,89.2,1
18,36,170,0.45,22,5,2,23.8,6.8,36.1,468051.35,670.77,36.1,0.406,12.5,25,1,1,56.9,1
21,38,218,0.478,17,1,6,48.8,7.0,86.9,353534.75,7995.29,88.69,0.053,3.6,17,1,0,56.9,1
26,67,1180,0.253,13,3,2,37.4,2.7,50.22,390172.5,9244.04,29.03,0.079,17.0,17,0,0,66.9,1
12,11,1152,0.227,28,1,5,81.7,6.3,84.07,209528.3,83.4,10.37,0.148,8.9,4,1,0,4.3,1
46,69,668,0.164,8,10,5,73.7,6.7,29.21,486838.27,7426.33,58.01,0.253,18.0,21,1,1,26.9,1
34,48,1943,0.077,10,1,4,86.5,4.6,89.9,445626.87,1690.85,40.83,0.33,13.2,13,1,0,46.5,1
41,52,369,0.414,17,7,1,69.2,6.6,6.88,151338.72,9226.48,47.51,0.021,14.9,14,1,0,9.3,1
17,2,17,0.204,14,4,0,13.4,5.2,73.26,206657.88,5326.48,75.9,0.364,2.6,10,1,1,53.9,1
29,27,1462,0.464,10,7,7,14.5,4.4,23.99,116190.87,9712.59,65.1,0.092,6.0,0,0,0,69.9,1
32,55,731,0.283,26,3,8,89.1,6.3,91.76,325154.32,4681.0,47.13,0.007,1.0,12,0,1,88.6,1
38,66,88,0.113,23,3,5,60.4,6.1,71.49,451166.78,6017.99,56.47,0.056,3.5,0,1,0,74.1,1
6,1,662,0.437,2,6,0,19.6,1.5,21.9,1523.39,9553.47,71.98,0.053,2.7,17,0,0,29.5,1
41,68,100,0.225,16,3,3,35.6,7.4,13.49,162949.94,5463.12,20.71,0.273,5.6,21,1,1,60.7,1
8,39,1369,0.191,30,10,4,45.9,6.3,24.6,342214.88,5808.73,68.41,0.326,4.4,12,0,0,18.8,1
48,4,1700,0.075,5,10,8,49.3,7.9,59.01,21471.78,9920.83,74.99,0.398,4.7,5,0,0,38.2,1
21,40,885,0.164,22,7,4,75.3,6.0,11.96,140351.78,814.68,26.54,0.262,18.2,12,1,0,35.9,1
15,16,619,0.105,9,7,6,68.1,3.1,58.3,313092.16,2135.84,92.9,0.238,12.0,5,1,0,70.6,1
41,44,1989,0.317,22,8,1,50.1,6.9,34.16,166984.06,4195.4,66.36,0.083,14.1,4,1,0,38.5,1
16,46,685,0.2,27,1,2,40.7,0.1,25.38,123477.9,783.76,30.01,0.066,2.5,20,0,1,13.6,1
46,66,1481,0.437,20,7,5,74.2,6.3,40.79,82847.46,9891.22,25.55,0.034,17.7,26,0,1,60.4,1
18,72,113,0.077,14,7,0,8.4,4.3,87.8,81197.68,6242.96,13.88,0.303,1.7,9,0,0,13.5,1
34,76,671,0.479,22,10,5,71.6,2.1,94.9,250021.89,370.54,76.55,0.497,8.0,10,0,0,52.6,1
38,62,915,0.406,5,9,6,42.3,2.2,63.82,311986.03,4970.13,62.63,0.278,13.1,24,0,1,78.9,1
40,16,1257,0.223,25,6,0,52.9,7.4,13.02,474184.93,2708.67,72.78,0.13,1.8,11,0,1,57.0,1
6,4,811,0.065,4,4,5,84.1,5.2,6.93,283028.28,1806.65,45.09,0.339,16.8,17,1,1,7.6,1
39,31,1865,0.471,9,0,6,63.1,5.3,16.66,423944.7,9935.8,58.62,0.194,2.1,14,0,1,30.1,1
47,50,1131,0.37,20,4,1,20.5,2.1,99.73,190997.21,2384.1,54.52,0.455,9.4,22,1,1,25.6,1
13,17,1882,0.041,18,1,7,74.8,7.1,67.62,196346.43,2854.04,34.28,0.009,8.1,4,1,1,24.5,1
29,70,1790,0.291,26,9,8,88.1,2.0,31.93,289869.41,9343.7,67.99,0.323,19.3,18,1,0,82.5,1
20,4,863,0.396,18,7,7,73.6,7.6,38.88,301587.69,5224.4,30.26,0.232,5.6,24,0,1,33.4,1
31,7,1864,0.023,11,3,3,64.9,7.5,25.36,342875.79,1212.39,56.65,0.208,3.9,10,1,0,22.7,1
44,10,1808,0.241,10,1,4,42.1,0.5,14.58,134393.15,1247.46,32.75,0.363,17.1,6,1,0,12.5,1
3,10,1608,0.486,4,3,7,99.5,1.5,34.12,195362.68,2733.33,47.05,0.402,13.6,25,0,1,50.9,1
12,73,1579,0.158,16,4,4,69.9,5.7,96.97,227760.03,5790.9,20.48,0.098,15.9,16,0,0,11.5,1
14,67,576,0.328,6,5,6,43.0,1.3,59.0,342310.09,3869.1,32.23,0.113,2.0,27,0,0,79.4,1
40,60,1455,0.248,26,5,3,47.2,4.4,47.92,104484.43,7935.93,92.41,0.036,12.0,30,0,1,55.8,1
1,3,292,0.296,14,10,3,42.3,1.9,27.31,232923.26,4217.45,12.58,0.399,19.0,10,1,0,34.4,1
21,42,372,0.035,5,6,1,31.7,6.4,34.9,38421.76,4340.53,98.75,0.047,17.7,1,0,0,23.2,1
7,28,1409,0.319,15,7,1,25.7,7.5,66.47,430893.51,8411.5,55.79,0.058,9.7,22,0,1,46.9,1
29,61,1378,0.086,23,0,0,43.3,6.0,33.63,107410.52,5355.84,80.95,0.298,17.0,3,0,0,77.7,1
16,26,292,0.498,12,7,8,50.7,3.0,43.24,498558.01,8860.23,92.84,0.341,8.2,8,0,0,22.5,1
9,9,448,0.345,12,7,1,64.5,7.3,86.24,212423.76,8720.22,94.22,0.006,14.4,21,1,1,85.2,1
34,8,1474,0.222,2,1,5,25.1,7.0,95.18,276484.47,86.21,19.78,0.487,20.0,1,0,0,20.8,1
42,38,1805,0.38,8,2,1,96.9,2.0,95.31,222394.17,1406.44,88.23,0.492,1.6,1,1,0,6.4,1
7,64,1793,0.07,7,6,1,93.3,7.9,57.65,348478.7,2345.97,72.25,0.024,14.4,0,0,1,19.5,1
10,48,995,0.003,22,5,1,50.3,3.0,39.07,471080.13,8418.13,90.02,0.449,4.1,26,1,1,15.7,1
8,67,697,0.231,18,4,4,86.6,7.9,63.55,145314.96,693.58,47.38,0.038,1.3,9,0,0,8.0,1
46,74,1530,0.251,15,8,3,38.8,0.7,39.81,382576.31,1623.4,77.9,0.014,18.4,13,0,1,6.9,1
14,27,1168,0.024,25,3,3,97.9,3.1,94.57,139163.74,3403.42,68.01,0.21,3.5,15,0,1,36.4,1
48,67,1872,0.367,27,5,7,42.2,5.0,69.99,250929.25,8623.42,80.78,0.471,1.1,13,0,1,26.0,1
34,72,1702,0.198,20,2,0,60.9,2.4,93.78,109875.16,9990.81,42.42,0.097,2.9,18,1,0,96.5,1
17,69,325,0.174,8,6,6,89.8,3.4,75.22,364384.49,3646.81,93.55,0.192,8.4,1,0,1,64.5,1
43,54,1099,0.01,28,3,4,78.6,7.7,34.77,245657.2,4324.98,45.27,0.486,2.0,7,0,1,59.0,1
1,42,257,0.162,16,6,1,13.6,1.0,48.04,465583.56,7189.05,55.03,0.333,14.5,27,0,1,83.8,1
5,55,550,0.243,19,7,5,80.7,0.3,15.69,231872.74,1718.24,82.32,0.105,10.6,1,1,0,15.5,1
5,66,1336,0.081,5,4,8,16.5,4.4,22.52,54873.18,6330.39,51.75,0.267,4.1,16,1,0,84.8,1
29,50,299,0.031,2,3,8,51.3,3.2,62.91,67733.18,7205.72,93.15,0.024,11.7,9,0,0,1.7,1
16,43,1701,0.251,29,4,5,27.5,7.0,76.85,50414.22,7372.56,55.38,0.008,13.4,20,1,1,25.1,1
43,74,1892,0.397,18,7,4,64.6,3.6,33.67,74319.85,3155.73,50.98,0.419,1.3,30,1,1,9.6,1
44,8,824,0.422,7,1,7,16.1,4.9,37.35,389922.14,7452.07,75.51,0.37,11.7,22,1,0,50.9,1
40,66,40,0.369,14,7,0,50.4,6.4,83.06,72072.49,1078.46,78.98,0.162,16.8,12,1,1,31.9,1
27,79,144,0.32,19,3,6,54.3,4.0,30.23,244413.1,7154.03,98.32,0.013,2.1,10,1,0,86.2,1
2,72,1242,0.189,13,4,7,7.7,0.8,2.1,302131.53,1915.28,31.98,0.425,10.1,20,1,0,61.2,1
24,13,1156,0.06,7,7,4,59.0,5.4,62.16,332306.31,9056.46,23.34,0.059,4.0,6,1,0,57.8,1
11,57,630,0.148,21,10,3,54.6,5.9,87.99,270991.72,9174.23,83.92,0.153,1.7,7,0,0,84.8,1
3,6,1721,0.342,14,4,7,63.9,6.6,69.0,17546.18,7729.15,27.61,0.188,10.9,14,0,1,15.9,1
4,40,1511,0.416,22,5,6,25.3,6.4,5.3,327440.74,902.4,70.2,0.194,3.8,11,0,0,49.3,1
14,68,961,0.271,30,8,3,26.2,0.6,97.98,434283.19,659.62,14.2,0.368,11.4,18,1,1,27.8,1
27,68,21,0.253,17,2,5,29.2,1.6,20.5,362144.6,2393.02,31.33,0.474,17.5,7,0,1,4.8,1
26,39,116,0.087,5,7,3,81.4,4.1,89.91,388870.67,9563.9,59.44,0.259,1.7,3,0,0,98.1,1
25,19,1968,0.263,25,8,1,81.6,2.0,65.85,27023.13,778.66,86.46,0.388,0.7,26,0,0,3.8,1
17,57,1341,0.241,25,3,8,91.9,0.2,59.68,95161.66,3270.7,96.91,0.461,6.3,17,0,0,33.6,1
31,15,355,0.458,14,9,6,34.5,5.6,84.36,193040.24,3136.89,36.8,0.47,8.6,22,0,0,96.4,1
36,70,552,0.273,17,9,7,26.9,3.6,80.16,72866.95,6637.66,34.78,0.188,16.4,28,0,0,83.9,1
31,48,1053,0.001,3,6,1,37.1,7.2,13.38,488614.78,9652.02,58.16,0.02,7.0,9,1,0,40.9,1
43,79,564,0.15,11,6,3,24.2,1.7,68.84,121072.48,9866.76,95.78,0.351,5.5,15,0,1,96.6,1
37,12,635,0.172,29,10,3,44.3,6.0,83.98,434539.68,5847.91,45.8,0.358,6.3,15,0,1,10.2,1
23,0,338,0.015,23,0,6,17.6,0.2,41.94,239125.05,6809.95,59.6,0.476,4.8,3,1,0,98.7,1
46,62,1966,0.245,17,3,6,75.8,6.3,2.4,339878.45,4478.0,40.81,0.118,6.6,30,1,0,46.7,1
6,35,83,0.249,23,9,3,19.5,2.5,15.6,374728.31,4820.76,30.86,0.271,8.8,18,1,1,24.4,1
9,73,673,0.338,6,6,6,18.6,6.8,7.57,275880.92,9765.37,92.33,0.305,14.5,27,1,0,1.5,1
2,13,1518,0.2,22,6,7,66.9,1.9,45.75,276906.92,1069.58,55.92,0.133,18.1,9,1,0,26.9,1
8,53,1535,0.013,21,5,6,45.2,2.3,82.53,495535.95,6313.09,45.4,0.292,13.9,12,1,0,36.2,1
13,46,218,0.111,11,10,8,21.1,6.4,14.42,65692.99,657.69,72.43,0.405,10.6,3,1,0,23.9,1
28,71,743,0.138,26,9,6,87.0,3.7,68.49,302305.17,7674.15,27.25,0.183,18.5,10,0,1,20.8,1
45,14,1970,0.238,24,7,4,82.2,0.6,17.91,1111.63,5661.91,91.84,0.034,15.4,24,0,1,9.3,1
48,67,1507,0.299,10,1,3,22.4,3.3,74.55,405805.62,5638.42,73.56,0.367,4.6,20,1,0,94.7,1
28,25,1368,0.451,17,2,7,54.8,7.0,13.21,208978.29,4841.64,73.9,0.11,19.0,24,1,0,82.5,1
49,56,191,0.302,25,0,3,74.5,7.9,35.54,47499.48,2917.82,90.08,0.411,15.8,19,0,0,32.7,1
28,70,1701,0.234,11,9,3,63.9,3.9,20.31,19983.38,7943.55,89.26,0.229,19.8,24,0,0,15.9,1
29,73,177,0.441,23,5,4,93.0,3.8,31.05,375299.31,5522.55,52.03,0.426,0.2,29,0,1,29.0,1
3,63,1103,0.268,8,0,2,95.0,3.7,90.12,177615.11,3021.8,10.21,0.068,1.0,8,1,0,34.4,1
2,10,1314,0.251,15,0,1,53.1,2.8,95.19,415357.12,3248.45,36.85,0.159,5.2,7,0,0,18.7,1
22,67,554,0.43,28,4,1,39.2,5.9,79.15,176306.12,1296.71,13.88,0.346,11.8,8,1,1,80.7,1
17,30,1532,0.449,15,1,6,62.7,3.4,77.96,154425.38,2672.35,11.54,0.383,3.9,26,0,1,91.9,1
10,45,785,0.371,8,3,4,17.4,4.5,5.39,169723.24,6645.5,33.04,0.136,11.2,1,0,1,11.6,1
30,79,1341,0.312,19,1,3,25.9,2.2,91.89,59258.92,1363.19,81.72,0.131,15.0,9,1,1,10.5,1
44,58,822,0.078,28,5,4,45.0,2.5,26.06,484924.57,9299.17,11.92,0.339,1.8,13,0,1,21.8,1
50,78,509,0.117,28,1,6,55.2,7.5,41.74,493859.46,3745.53,68.77,0.465,5.2,19,1,1,70.4,1
18,59,41,0.177,3,1,4,66.4,2.0,10.42,88907.88,6450.98,50.05,0.068,15.8,7,1,1,80.8,1
21,0,1726,0.149,13,4,2,63.3,4.1,94.0,197414.19,452.61,21.97,0.335,14.4,3,1,1,95.4,1
21,11,877,0.423,13,0,6,96.3,1.2,61.3,347945.03,2714.93,95.93,0.396,0.3,6,0,1,97.3,1
22,21,311,0.129,12,3,6,45.2,2.8,75.5,376571.44,1727.49,46.74,0.06,12.4,5,0,0,83.8,1
6,77,658,0.301,3,0,2,38.5,2.8,74.89,69529.25,2755.99,54.21,0.178,12.6,4,1,1,81.0,1
7,69,409,0.152,28,2,3,68.1,1.4,32.93,455765.08,8611.69,70.59,0.099,13.3,14,1,1,59.1,1
35,43,1612,0.144,2,7,1,56.0,5.7,12.55,87416.15,6434.49,71.18,0.488,10.8,8,0,1,19.1,1
12,0,1443,0.5,3,8,5,77.8,7.7,64.56,79519.43,2951.7,40.55,0.279,8.4,21,1,1,51.1,1
44,24,857,0.153,3,10,5,7.3,7.5,32.06,339551.88,9239.81,33.97,0.21,2.9,11,1,1,85.5,1
31,11,1889,0.098,13,8,7,86.5,2.6,24.65,181584.99,824.56,65.12,0.496,4.3,13,1,0,58.7,1
25,43,438,0.079,16,9,6,55.4,5.4,42.43,122732.42,8482.87,91.7,0.284,9.9,25,1,1,93.0,1
5,54,496,0.137,3,3,1,95.5,2.3,94.39,11477.31,203.73,94.48,0.05,6.5,20,0,1,86.2,1
17,46,1694,0.264,28,0,5,52.8,6.1,98.85,373535.6,3160.23,55.65,0.005,9.9,23,0,0,91.3,1
3,74,1070,0.217,9,1,6,25.8,3.4,80.51,3925.91,7263.15,10.41,0.043,7.2,7,1,1,63.2,1
42,44,1810,0.491,20,9,2,91.4,0.3,44.73,321842.59,2786.92,12.18,0.041,19.9,14,0,1,50.1,1
30,27,617,0.226,6,0,4,87.8,2.0,4.34,338437.0,4131.46,28.99,0.369,15.2,17,0,0,64.7,1
9,74,1006,0.233,7,3,0,89.1,6.4,7.04,391344.29,5449.58,36.39,0.133,5.7,21,1,0,83.9,1
13,50,187,0.035,13,4,6,52.6,4.9,22.6,97633.22,3159.54,47.12,0.068,2.1,7,0,0,49.0,1
19,25,461,0.331,7,4,4,99.5,7.7,44.48,39808.63,5312.51,32.78,0.124,17.8,30,1,1,53.1,1
5,19,647,0.393,18,5,6,73.2,5.5,68.68,349744.54,249.49,10.8,0.07,0.9,14,1,0,61.6,1
17,66,1234,0.218,17,0,2,64.7,5.7,52.12,82192.47,9351.43,17.38,0.21,7.5,5,1,0,4.5,1
4,34,1899,0.154,15,4,5,58.5,3.7,96.73,431034.01,9739.46,43.41,0.279,17.7,22,1,1,84.3,1
16,36,1836,0.028,24,5,5,30.0,2.7,42.71,154640.22,4876.18,89.06,0.348,13.6,11,0,0,59.2,1
34,14,1651,0.284,23,10,7,84.2,6.3,64.46,72976.25,4197.95,41.49,0.179,5.1,3,0,0,43.1,1
35,18,1117,0.209,15,6,0,77.5,2.7,33.57,405697.93,7692.83,95.37,0.473,13.2,25,0,1,36.5,1
43,62,1550,0.15,14,5,2,62.4,2.5,10.86,376717.98,2195.91,40.03,0.335,16.8,8,1,1,19.7,1
18,13,1600,0.416,29,1,0,41.5,1.0,30.6,480413.49,8734.43,35.67,0.365,13.7,14,1,1,97.3,1
2,70,642,0.307,22,2,8,74.0,5.0,49.45,87954.74,7016.69,91.81,0.492,7.7,27,1,1,56.1,1
41,50,261,0.232,8,7,6,9.3,5.3,81.75,326240.44,6734.92,59.49,0.111,3.7,20,1,0,53.2,1
41,41,854,0.228,7,5,3,91.8,2.8,12.71,427789.78,4293.44,86.67,0.421,19.4,18,1,1,17.8,1
40,73,1160,0.175,8,1,5,40.5,6.3,59.41,401226.59,67.1,78.97,0.471,7.2,15,1,0,82.0,1
36,63,1717,0.272,12,4,0,87.3,2.2,32.01,155415.43,9990.74,11.96,0.37,18.0,3,0,1,20.4,1
11,50,839,0.157,26,6,6,46.8,2.2,47.77,343287.62,711.62,16.65,0.089,8.2,17,0,1,21.4,1
15,54,1006,0.289,24,3,5,18.1,4.4,47.68,103268.32,2651.76,76.47,0.034,10.1,30,0,0,1.6,1
5,29,1806,0.045,27,10,6,60.6,5.1,6.97,399025.53,3224.36,52.96,0.027,17.9,29,1,1,56.7,1
28,14,1825,0.207,22,3,0,42.6,1.8,71.0,355655.64,8147.82,87.77,0.151,17.7,30,0,1,16.6,1
7,23,686,0.122,16,7,6,65.3,2.1,8.27,134082.8,4218.18,48.37,0.436,6.3,22,1,0,82.3,1
1,14,1454,0.39,14,0,1,26.8,3.7,70.08,121084.32,2963.85,12.81,0.372,15.9,8,1,0,75.3,1
25,46,1309,0.33,21,10,6,77.5,0.8,61.03,417681.36,5177.13,82.79,0.066,10.1,18,1,0,26.4,1
19,26,1313,0.142,3,5,4,4.1,2.8,73.71,434520.06,9728.29,80.36,0.275,4.5,8,1,1,25.1,1
26,67,1163,0.011,9,8,0,22.4,1.3,19.22,429014.92,5936.2,75.68,0.063,1.3,13,1,1,15.1,1
39,30,964,0.276,11,7,3,40.1,2.0,44.21,244965.09,8950.77,20.75,0.292,10.5,24,0,1,48.6,1
48,26,114,0.277,9,8,2,40.1,1.5,80.8,122673.57,6694.36,88.78,0.239,8.4,2,1,1,8.9,1
5,8,705,0.497,29,10,7,67.9,6.0,29.16,314441.18,9559.22,89.22,0.417,3.8,28,0,0,65.2,1
46,49,1467,0.326,6,4,5,60.9,4.7,10.86,143009.6,6457.85,46.19,0.104,0.9,5,0,1,59.0,1
8,45,1043,0.367,14,5,2,92.7,3.3,74.59,159906.63,7774.94,10.28,0.099,17.7,16,1,1,97.8,1
27,7,1863,0.01,14,9,8,82.4,1.8,70.6,68539.97,5107.16,99.45,0.351,18.3,1,1,0,52.3,1
31,5,319,0.275,30,1,3,79.3,1.9,27.33,250001.15,8360.78,92.06,0.16,8.2,17,0,0,12.7,1
1,56,368,0.178,24,9,2,55.2,3.1,46.97,491257.84,1662.54,16.79,0.281,18.7,28,1,0,34.0,1
27,43,1443,0.269,25,2,1,52.4,1.2,59.6,458481.75,5726.57,78.86,0.404,15.5,13,0,1,57.1,1
29,36,1070,0.283,28,10,8,29.9,2.8,73.01,267131.85,4315.79,47.8,0.497,4.5,21,1,1,89.0,1
24,37,1833,0.451,26,7,5,8.2,6.0,82.69,110949.88,688.25,64.08,0.006,6.8,25,0,0,42.7,1
45,7,31,0.035,29,3,2,10.3,5.2,67.95,277341.89,1948.46,62.08,0.437,0.8,27,1,0,97.7,1
26,66,189,0.234,17,9,3,78.9,1.4,57.5,63412.9,9575.29,77.61,0.356,5.0,30,1,0,2.4,1
48,15,1562,0.464,4,5,1,75.3,7.3,96.53,437449.83,3372.49,21.57,0.027,7.0,9,0,0,48.7,1
7,11,1236,0.211,25,2,0,51.3,3.8,47.06,373868.89,4080.86,98.02,0.434,10.3,30,1,0,84.1,1
34,16,948,0.361,30,10,1,13.4,1.1,71.1,241995.8,7876.38,46.05,0.045,19.1,10,1,1,89.5,1
46,23,1276,0.398,27,6,6,34.2,2.8,55.97,482709.96,5649.44,67.33,0.442,8.9,29,0,0,54.3,1
10,1,491,0.296,20,5,3,48.7,5.5,60.02,333955.4,4410.96,47.27,0.324,11.1,26,1,0,98.7,1
40,15,170,0.334,5,6,4,56.6,7.1,92.25,234043.11,6164.52,65.93,0.018,1.9,12,0,1,37.3,1
29,2,1118,0.021,8,10,4,61.2,4.0,29.54,178521.62,963.36,50.95,0.286,11.5,1,1,0,53.3,1
30,7,1521,0.468,25,9,6,3.3,7.4,60.5,88093.14,9114.58,94.44,0.393,9.9,24,1,0,49.3,1
22,44,96,0.457,19,3,3,82.3,6.4,22.94,324924.29,8414.27,24.29,0.287,10.6,9,1,0,80.8,1
22,43,492,0.03,20,10,2,88.4,6.2,32.92,196215.12,3359.2,50.63,0.252,18.2,18,0,0,78.1,1
38,36,778,0.149,21,7,5,23.4,1.4,55.07,457643.95,4527.49,64.36,0.1,13.1,22,0,0,50.9,1
29,44,358,0.344,27,5,7,36.4,5.6,93.67,175073.9,7329.88,94.48,0.122,5.4,0,1,0,14.3,1
32,8,1652,0.078,11,9,6,61.5,7.9,65.32,20335.43,1707.46,87.56,0.471,12.5,11,1,0,73.1,1
46,46,1466,0.339,14,0,1,92.1,5.6,82.5,90316.93,2130.84,13.6,0.086,11.6,18,1,1,93.0,1
36,39,823,0.006,5,8,4,94.0,0.7,95.58,480837.94,8841.81,82.15,0.041,19.3,0,1,1,90.2,1
37,15,506,0.112,5,10,6,45.8,7.2,67.11,14141.8,1789.42,13.98,0.323,13.8,25,1,1,91.0,1
46,43,1643,0.418,15,7,3,52.8,4.5,10.32,222759.82,7242.05,78.11,0.216,0.3,24,1,1,13.9,1
12,11,1043,0.413,20,10,4,81.4,6.4,13.43,94393.23,3785.83,39.09,0.402,4.7,21,1,1,12.1,1
46,73,1164,0.152,9,7,1,8.4,2.8,58.41,366519.89,1292.15,31.31,0.169,3.1,18,1,1,53.5,1
35,0,1719,0.22,3,0,7,91.3,4.4,38.4,437143.67,9830.28,76.37,0.473,12.5,16,0,1,92.2,1
36,32,1908,0.462,5,3,7,25.5,5.2,84.14,466926.64,9676.47,70.5,0.043,4.3,30,1,1,33.6,1
38,21,685,0.492,24,4,3,76.2,7.5,5.87,28744.26,3128.09,55.78,0.028,10.4,14,1,1,65.3,1
20,68,545,0.243,6,9,8,61.0,0.9,4.92,467921.37,6269.54,78.41,0.077,14.9,0,1,0,13.6,1
29,38,428,0.332,16,5,1,69.7,7.7,46.02,391185.05,4538.59,15.27,0.027,15.9,20,1,1,39.6,1
24,17,12,0.261,24,9,8,85.0,5.5,46.24,247809.72,579.42,88.44,0.077,7.1,9,1,1,46.2,1
18,49,682,0.494,1,5,8,66.1,5.2,76.2,406442.72,8477.06,74.21,0.27,17.9,28,1,1,29.5,1
7,32,1074,0.456,9,4,5,75.9,3.6,75.95,73322.23,5509.64,47.78,0.031,6.9,23,0,1,42.6,1
1,32,126,0.244,25,0,3,34.8,5.5,62.24,372171.77,956.15,25.69,0.22,2.2,21,0,0,18.3,1
2,70,25,0.32,3,0,4,32.0,1.5,35.24,189084.79,4107.72,91.99,0.205,15.7,26,1,0,77.5,1
41,20,522,0.148,4,2,6,70.2,2.5,3.93,266141.24,7906.68,71.67,0.011,17.6,19,0,1,54.2,1
42,22,1871,0.461,30,0,5,34.3,4.8,3.21,52685.82,4613.05,89.44,0.378,7.0,21,0,1,12.3,1
24,69,285,0.137,29,8,4,98.7,4.0,24.56,359781.34,6393.26,10.93,0.264,12.4,12,1,0,29.0,1
31,51,904,0.382,3,4,7,42.3,3.4,63.06,373097.18,8609.33,19.66,0.238,15.1,21,1,0,97.6,1
19,58,204,0.188,27,0,3,80.4,3.5,39.55,117219.16,3545.05,21.54,0.447,0.3,14,1,0,55.3,1
36,62,956,0.409,15,5,3,83.0,4.5,25.94,61557.75,2613.56,87.11,0.004,19.2,27,0,0,85.6,1
28,52,608,0.388,19,1,3,29.0,2.2,81.02,109884.26,5266.0,94.44,0.232,18.6,8,1,0,76.5,1
9,53,1921,0.467,20,10,3,75.0,7.4,44.77,107292.89,6150.09,53.77,0.264,7.5,23,0,0,35.0,1
42,18,1084,0.071,15,10,4,18.1,2.3,28.12,463429.03,8944.42,43.22,0.318,17.6,8,0,0,96.4,1
21,53,1475,0.073,28,8,5,12.0,2.4,29.06,414961.75,8646.9,63.35,0.397,14.4,9,0,0,12.1,1
33,32,1910,0.359,14,2,6,31.3,4.1,20.55,384918.82,645.33,94.72,0.421,9.8,13,0,1,70.4,1
19,58,1133,0.106,17,5,5,80.5,5.7,27.93,149620.25,8280.76,54.69,0.006,4.7,1,1,0,99.6,1
22,50,498,0.006,23,10,5,73.6,2.1,73.62,297886.88,4617.3,63.32,0.211,9.8,25,1,0,50.5,1
4,43,1846,0.417,5,5,2,21.5,5.7,95.11,81022.91,7342.29,46.48,0.245,19.9,30,0,1,27.0,1
40,4,1106,0.384,27,8,8,31.8,3.2,84.22,485966.54,3151.22,12.9,0.293,16.5,15,0,0,13.1,1
47,46,820,0.311,9,9,8,8.7,2.4,60.64,206316.98,6219.54,67.21,0.333,14.5,7,1,1,38.8,1
19,4,1809,0.386,29,5,5,81.2,4.8,86.22,114395.56,5814.53,74.13,0.137,19.6,29,0,0,90.9,1
32,79,1186,0.434,16,8,5,72.0,6.8,75.19,194954.22,3116.53,60.34,0.262,19.8,6,0,1,73.5,1
22,58,1482,0.201,26,3,2,66.4,2.5,72.61,43833.31,4312.15,87.11,0.271,14.6,10,0,0,49.1,1
18,11,58,0.012,4,9,4,46.6,3.2,4.91,326848.98,8286.75,96.54,0.168,14.7,24,0,1,71.8,1
17,42,1166,0.494,17,0,4,89.5,4.3,34.87,84701.15,5808.62,61.23,0.232,11.3,24,0,1,26.7,1
4,42,450,0.427,2,10,1,11.2,2.9,3.94,69663.92,5634.07,30.03,0.318,11.9,5,1,0,7.0,1
36,8,1782,0.143,18,7,8,93.5,5.0,94.26,228340.65,1322.12,15.93,0.266,8.5,9,1,0,3.1,1
33,20,1356,0.119,22,5,5,20.0,1.2,70.34,36608.59,8979.36,63.33,0.478,9.5,25,0,1,31.8,1
35,15,173,0.36,1,8,0,93.4,5.3,92.89,431371.96,7428.26,82.9,0.068,2.6,21,0,1,97.6,1
13,37,1994,0.39,19,9,6,40.1,2.8,8.07,196232.92,2973.49,93.6,0.245,18.5,27,1,0,86.7,1
48,80,1067,0.151,21,6,5,47.8,4.6,91.85,173943.18,76.75,99.57,0.271,15.3,15,0,0,46.8,1
22,72,539,0.077,27,0,7,58.8,1.8,8.17,405972.78,7337.08,16.9,0.046,1.8,11,1,1,6.3,1
31,0,1431,0.194,19,6,8,69.0,5.0,9.84,374136.18,1398.41,13.91,0.24,5.1,0,0,1,0.8,1
46,45,528,0.232,6,5,1,4.0,6.2,83.04,253198.39,2008.6,42.54,0.411,6.5,1,0,1,97.3,1
43,67,1149,0.289,7,6,7,91.9,6.8,68.61,94278.25,5493.32,19.2,0.336,15.9,15,1,0,12.3,1
14,20,1084,0.448,28,8,2,73.4,1.5,48.14,319844.3,5973.17,19.45,0.211,13.8,7,0,0,45.2,1
24,28,962,0.288,16,7,0,32.1,0.5,11.36,9229.89,8756.33,29.06,0.023,8.3,0,0,0,76.1,1
22,12,1772,0.098,18,4,3,52.7,6.4,73.7,138031.17,8214.62,54.63,0.187,16.4,20,0,0,86.4,1
19,33,1119,0.229,26,0,0,97.4,0.3,80.04,355445.13,2588.17,61.43,0.49,3.3,28,0,0,43.2,1
50,2,1303,0.492,29,2,3,81.0,0.1,62.81,232687.26,6964.46,87.3,0.359,19.7,12,0,1,69.4,1
13,13,1662,0.478,6,0,2,41.1,0.8,49.72,483189.41,839.65,65.36,0.096,19.5,0,1,1,6.4,1
49,38,103,0.239,10,2,5,18.2,1.1,36.46,173690.76,7174.76,88.45,0.425,10.8,12,1,0,70.2,1
35,15,1379,0.296,26,7,0,28.2,7.6,21.97,77938.4,5929.63,12.42,0.395,8.8,16,0,1,13.9,1
41,30,733,0.497,1,10,4,34.2,4.5,90.17,194379.91,7194.41,82.65,0.081,4.0,18,1,1,64.8,1
21,75,1525,0.062,20,3,3,30.6,5.1,84.48,41416.45,4198.81,40.6,0.167,7.3,26,0,1,31.9,1
29,5,1952,0.338,11,3,6,76.3,3.4,58.49,364527.09,9132.62,17.34,0.044,13.4,28,0,0,57.5,1
35,34,1981,0.415,15,7,8,60.3,4.6,20.93,97207.79,8428.01,98.01,0.431,2.0,27,1,0,36.6,1
43,2,1794,0.079,6,6,0,31.3,4.4,51.71,235206.48,7838.16,45.0,0.074,16.2,2,0,1,38.4,1
5,59,1144,0.301,29,1,7,75.8,4.6,84.12,349563.44,5096.94,74.39,0.036,11.1,28,0,0,49.6,1
29,24,1928,0.472,6,6,3,94.1,4.4,30.18,139904.08,8196.37,99.09,0.416,16.4,29,0,1,34.7,1
25,79,1266,0.148,7,3,7,42.3,6.8,89.27,430497.88,8174.25,14.83,0.158,12.9,23,1,0,61.7,1
43,24,1672,0.376,20,0,6,65.5,2.8,10.98,394407.99,2969.4,35.84,0.066,17.8,1,1,1,87.7,1
44,41,1258,0.493,18,1,2,78.4,3.0,68.52,172865.62,1188.72,51.74,0.4,3.7,25,0,0,22.9,1
4,70,1902,0.095,29,0,2,86.7,5.9,91.8,76670.99,379.5,68.22,0.06,5.2,10,0,0,34.3,1
40,28,1945,0.463,20,1,2,32.4,6.4,76.11,362194.83,1338.9,60.95,0.028,16.2,21,1,1,83.5,1
30,42,188,0.249,20,1,4,66.5,7.6,98.04,405568.92,8214.39,62.06,0.076,7.5,9,0,0,86.9,1
31,69,1611,0.224,4,1,7,55.5,6.9,77.67,474737.78,4877.67,49.12,0.191,16.2,28,0,1,12.4,1
27,69,1996,0.036,28,0,3,41.9,4.9,70.06,494998.11,4737.56,27.67,0.2,13.8,11,1,0,99.4,1
20,7,1288,0.35,27,8,2,22.4,3.0,93.75,291359.49,4016.69,35.8,0.437,15.9,26,1,1,97.4,1
9,55,1339,0.392,19,5,5,94.6,0.2,88.93,296784.56,2240.19,69.58,0.344,10.2,16,1,1,70.8,1
37,50,719,0.249,28,10,6,17.5,7.4,4.75,142376.28,8382.06,62.58,0.378,3.8,25,1,0,16.9,1
12,31,1426,0.164,22,6,6,17.2,7.6,9.6,293141.24,5461.74,32.04,0.182,6.6,21,1,0,10.2,1
40,24,851,0.477,30,8,7,78.8,0.1,21.17,405974.43,7631.72,84.68,0.191,16.8,25,1,0,58.6,1
27,11,941,0.477,24,3,8,3.5,6.8,44.15,149783.32,4231.4,23.48,0.475,19.0,6,1,0,47.0,1
6,51,398,0.335,26,10,6,16.2,0.6,98.35,291521.44,6744.53,96.71,0.491,2.4,18,0,0,90.6,1
25,74,552,0.155,23,2,0,81.6,3.0,53.36,451286.81,1581.29,39.53,0.064,9.8,29,1,0,75.3,1
27,32,601,0.145,4,0,1,86.3,5.5,19.05,410091.95,4962.75,86.32,0.491,14.7,2,1,1,27.2,1
21,2,1985,0.172,1,3,7,97.4,1.2,36.0,347251.71,8617.06,76.24,0.295,1.1,2,0,1,6.9,1
15,7,1834,0.222,7,1,4,41.5,4.6,90.64,39325.9,2019.99,88.1,0.098,13.6,12,1,0,67.8,1
39,57,152,0.349,9,10,0,17.6,6.6,94.2,489454.56,6359.84,53.27,0.434,4.5,29,1,1,45.2,1
40,17,628,0.457,2,3,3,74.1,7.1,67.55,304140.06,829.81,89.73,0.024,10.7,14,0,0,22.0,1
16,41,1279,0.438,7,1,0,92.5,2.2,54.15,480043.58,4592.42,19.61,0.452,3.0,1,0,1,81.8,1
30,18,690,0.268,20,5,1,59.2,0.7,97.92,74712.13,9037.15,71.77,0.495,5.4,26,1,1,12.1,1
37,15,326,0.299,13,6,4,44.3,2.5,48.84,131283.36,4829.1,42.16,0.486,15.1,30,1,1,44.3,1
15,18,1557,0.397,16,7,4,38.7,0.7,29.8,278795.41,6542.72,78.45,0.081,4.9,14,0,0,44.8,1
49,74,1975,0.14,5,7,6,7.1,7.3,76.19,303292.43,8004.56,51.5,0.48,10.8,17,0,0,93.4,1
22,4,1866,0.435,3,6,8,63.5,3.0,51.9,292292.11,1202.37,63.84,0.044,2.0,25,0,1,70.5,1
26,65,1134,0.104,15,7,7,52.0,0.6,27.48,397749.57,5437.87,55.96,0.03,10.0,5,1,1,27.2,1
35,34,1484,0.183,19,6,7,72.6,3.7,53.02,341657.64,1230.9,18.6,0.198,7.2,16,1,0,49.2,1
48,49,238,0.395,4,1,4,87.7,6.3,14.31,370690.83,350.32,84.12,0.393,12.5,7,1,0,70.9,1
46,73,1393,0.071,3,10,2,49.8,6.8,61.63,59783.84,6772.87,65.8,0.385,0.8,25,0,0,6.3,1
22,44,1309,0.373,22,4,3,74.3,2.2,39.81,390915.63,8205.68,10.06,0.346,3.6,17,1,0,59.8,1
6,29,1749,0.031,4,10,1,74.4,3.8,50.14,72096.64,641.96,13.25,0.282,18.5,29,0,1,13.6,1
2,50,1722,0.024,18,10,4,36.7,7.0,8.07,435461.13,1553.5,12.22,0.322,14.1,18,0,0,54.6,1
40,48,1368,0.33,11,4,0,40.8,7.2,49.62,220689.89,8617.88,83.19,0.257,7.5,18,1,0,73.5,1
27,56,352,0.399,24,2,5,10.2,0.5,31.92,373457.24,4267.99,99.19,0.211,17.7,2,1,0,86.0,1
43,22,1453,0.448,23,9,4,14.1,5.5,30.49,160916.43,9088.09,28.45,0.19,14.8,2,0,0,62.6,1
22,62,1363,0.358,17,8,2,26.8,0.8,88.36,226594.36,2136.17,81.25,0.479,19.2,9,1,0,78.4,1
12,20,836,0.263,16,4,1,45.7,3.9,32.2,457664.92,1119.9,70.49,0.269,13.1,28,1,1,52.5,1
3,54,1032,0.102,12,3,1,3.8,7.0,67.0,193654.63,6250.63,94.27,0.402,17.7,10,1,0,99.8,1
47,42,1654,0.326,15,1,5,36.7,0.5,80.93,283560.93,9338.55,32.75,0.072,5.3,3,1,0,5.6,1
38,14,499,0.276,10,9,3,36.0,4.0,19.1,22862.38,7739.02,45.83,0.144,16.4,27,0,0,13.0,1
50,53,1878,0.236,29,5,3,12.2,3.2,60.6,383579.07,6516.92,90.81,0.415,3.1,7,0,1,48.5,1
30,62,433,0.174,20,1,6,47.9,1.7,60.14,345486.03,9028.25,82.55,0.32,13.1,14,0,1,35.6,1
43,47,237,0.164,14,3,4,60.0,6.4,72.81,227300.01,9494.29,70.45,0.214,4.4,17,1,1,75.7,1
35,46,483,0.019,12,9,6,39.1,1.9,62.05,483229.68,8669.83,10.37,0.225,15.9,25,1,1,45.0,1
49,50,1516,0.33,9,0,7,95.2,2.7,64.81,48880.63,6488.75,44.6,0.48,7.2,27,1,0,29.4,1
27,31,520,0.482,6,5,0,18.3,7.0,59.72,152024.29,6825.93,85.76,0.226,3.0,3,0,1,50.1,1
9,55,393,0.347,16,6,0,76.8,0.8,76.13,406807.67,6730.69,46.35,0.018,13.8,4,0,1,9.2,1
10,49,130,0.084,10,2,6,75.0,1.2,59.91,49030.33,7403.21,94.05,0.119,2.0,21,0,1,20.2,1
29,38,1275,0.366,11,2,2,49.4,7.0,9.98,103666.6,693.17,93.14,0.374,7.1,22,0,0,59.8,1
29,8,171,0.297,30,6,0,48.0,2.6,79.25,101242.79,5037.29,22.15,0.278,9.7,6,0,1,72.4,1
10,12,811,0.199,7,7,6,63.2,6.5,29.69,30776.96,8041.5,22.33,0.242,18.1,7,0,1,57.4,1
29,40,916,0.476,23,6,7,98.3,5.3,97.08,195047.79,4625.33,73.46,0.317,6.5,23,1,1,13.7,1
32,33,1915,0.139,26,3,0,79.6,5.3,53.56,303325.36,2370.44,76.11,0.052,9.6,17,0,1,89.3,1
44,65,1487,0.33,15,6,2,99.2,2.4,53.1,348850.4,4576.53,19.94,0.25,9.1,12,1,1,12.4,1
28,49,1606,0.421,20,4,3,78.2,2.6,77.45,351391.5,3593.13,46.26,0.268,14.5,23,1,0,30.9,1
15,45,763,0.485,24,8,4,82.5,4.5,84.57,127529.02,7550.25,56.29,0.098,18.4,11,1,1,87.0,1
26,48,636,0.242,24,10,7,8.1,5.8,45.42,129485.25,7124.93,87.72,0.36,1.6,27,1,0,49.2,1
29,18,1178,0.379,15,4,0,94.0,6.8,61.25,142562.5,6034.54,21.16,0.141,9.1,11,1,1,16.1,1
44,50,1058,0.281,7,7,1,24.4,4.8,98.55,325241.35,890.8,68.98,0.471,7.3,29,1,0,45.1,1
5,16,1887,0.387,25,6,6,32.7,1.9,76.14,416882.0,6750.53,69.33,0.075,1.1,12,1,0,41.5,1
14,35,1689,0.381,1,0,6,28.4,7.4,64.82,46472.05,1696.83,48.64,0.197,19.9,5,1,1,3.7,1
35,48,733,0.03,3,5,5,74.8,2.1,73.56,180952.19,4896.23,13.11,0.272,8.9,20,1,1,86.6,1
20,57,634,0.009,7,0,3,99.7,3.7,5.28,254103.2,2859.87,19.4,0.496,12.7,1,1,1,26.9,1
22,48,293,0.011,7,2,4,45.8,6.1,44.19,207360.88,4541.49,55.62,0.344,10.0,30,1,0,21.5,1
38,73,1900,0.242,19,8,8,5.5,7.9,19.03,303095.46,6009.73,42.64,0.063,18.5,11,1,0,80.6,1
17,54,1623,0.196,10,6,1,91.0,0.8,58.82,403596.31,8205.62,31.84,0.282,3.8,12,0,0,94.5,1
3,57,807,0.121,15,0,6,8.5,7.6,21.0,76205.55,7000.65,21.31,0.079,18.4,25,1,1,57.5,1
3,62,352,0.176,18,9,8,64.0,3.3,87.74,435452.92,4878.8,84.25,0.465,15.9,12,1,0,43.1,1
22,11,1140,0.451,25,10,6,26.9,0.3,95.58,26072.31,8271.23,82.22,0.379,6.3,29,0,1,94.4,1
46,2,1478,0.408,12,8,6,98.8,0.3,2.29,7673.87,4274.48,89.14,0.449,4.3,0,0,0,62.2,1
12,3,31,0.068,28,7,4,11.3,5.4,15.36,454930.32,9197.94,35.41,0.031,6.2,10,1,0,49.0,1
18,55,1231,0.29,9,4,8,95.5,7.3,30.27,488763.15,7796.77,54.89,0.078,19.3,14,0,1,53.0,1
13,53,1837,0.153,8,7,6,56.7,2.1,25.18,25535.89,1559.45,31.23,0.116,11.3,29,0,1,43.9,1
33,6,241,0.492,29,5,3,79.7,2.2,39.0,441795.11,2797.23,16.6,0.279,12.8,1,0,0,84.6,1
44,39,1807,0.492,17,9,4,28.9,1.9,57.98,290480.77,7687.02,74.92,0.309,7.9,29,0,0,14.7,1
6,78,1971,0.053,16,4,5,72.6,4.9,25.13,341382.88,2860.88,91.78,0.092,6.5,27,1,1,79.1,1
25,80,874,0.374,12,0,8,84.4,4.7,47.07,21567.37,5767.04,68.14,0.152,3.8,14,1,0,6.9,1
35,18,1617,0.322,7,6,2,23.9,3.4,53.22,61567.56,8045.7,62.93,0.113,12.0,25,0,1,91.9,1
7,65,1491,0.464,3,0,1,50.3,7.7,90.87,122514.51,3176.55,46.64,0.023,2.3,15,0,0,76.7,1
23,18,983,0.282,28,10,1,56.0,2.4,87.98,444138.06,4180.25,63.37,0.086,4.9,11,0,1,65.0,1
38,31,866,0.493,10,6,4,72.0,0.2,17.46,230994.93,1221.63,37.28,0.168,18.6,27,0,1,12.5,1
9,56,1040,0.075,16,8,2,31.3,4.9,33.86,95337.35,2123.65,58.59,0.442,11.1,25,0,1,20.5,1
12,24,1592,0.171,25,3,7,44.7,1.7,69.72,1400.93,8764.15,26.46,0.202,9.3,6,1,0,17.1,1
33,6,959,0.397,13,4,5,60.7,2.7,73.46,148427.64,3186.36,67.48,0.421,7.2,1,1,0,3.7,1
38,37,1919,0.19,29,2,0,66.6,0.9,40.15,131004.23,9150.61,20.35,0.124,17.9,2,0,1,8.9,1
48,48,657,0.474,9,7,3,36.3,1.5,30.89,189284.86,8663.82,28.01,0.165,7.3,9,0,0,40.4,1
37,67,1433,0.148,22,8,2,64.1,4.3,58.03,46119.87,6053.82,21.03,0.27,0.4,14,0,0,28.1,1
28,28,538,0.266,9,7,5,36.4,6.8,60.35,246553.85,6883.02,53.01,0.388,9.3,26,1,1,4.8,1
31,10,1514,0.076,30,9,4,29.0,1.5,10.64,244161.13,4366.35,80.42,0.371,19.4,0,0,0,29.3,1
47,48,1693,0.36,9,3,7,31.0,4.0,84.44,288264.39,7493.49,57.16,0.274,15.5,6,0,0,84.7,1
19,14,1629,0.456,9,10,6,71.5,3.3,25.06,462942.05,302.16,29.31,0.457,12.7,21,0,0,3.3,1
45,23,226,0.364,11,9,7,94.5,3.9,18.16,362800.42,3141.93,91.59,0.284,1.0,11,0,1,100.0,1
15,75,484,0.417,5,10,4,78.5,5.5,89.02,174354.6,3331.37,48.46,0.395,14.4,15,1,0,67.7,1
34,69,1829,0.44,16,4,3,47.2,1.6,41.48,71595.31,9572.98,33.39,0.384,13.2,3,0,0,81.2,1
48,62,1598,0.029,27,7,4,19.6,2.7,25.98,284006.05,1428.79,98.31,0.142,11.8,18,0,0,83.0,1
7,76,865,0.409,1,5,0,21.7,2.6,21.91,402059.86,6285.42,95.47,0.387,13.3,4,1,1,79.9,1
16,51,1855,0.225,2,6,6,45.4,0.3,79.49,146492.2,1076.02,34.25,0.446,18.2,27,1,0,73.6,1
35,53,1375,0.27,12,1,3,5.8,6.4,44.69,82920.15,4358.75,66.38,0.044,12.9,16,0,0,58.6,1
31,51,1090,0.109,14,4,2,27.4,6.7,74.29,22783.07,3240.32,24.14,0.244,3.0,2,1,1,68.5,1
47,21,856,0.247,21,4,7,23.7,2.6,57.08,181131.71,4426.19,55.26,0.031,10.8,19,1,0,45.0,1
40,2,314,0.156,17,1,7,41.2,6.2,83.74,262012.1,2164.59,75.65,0.167,17.0,9,0,0,11.9,1
19,52,94,0.264,1,2,6,21.6,5.4,11.91,213665.12,9914.6,59.05,0.093,0.5,23,0,0,14.7,1
15,14,1437,0.315,17,10,4,36.4,3.6,68.66,451712.84,2249.82,22.13,0.446,5.3,22,0,0,79.7,1
10,33,493,0.039,5,8,3,34.2,3.1,31.33,93697.64,8387.02,75.32,0.419,7.5,25,0,0,15.9,1
43,40,1241,0.073,9,4,5,58.2,7.3,95.7,202054.27,7450.63,59.13,0.113,11.9,1,0,1,6.0,1
45,51,1958,0.202,10,10,7,92.5,6.4,12.75,57626.63,1930.6,84.04,0.349,10.1,26,0,1,69.6,1
12,0,566,0.27,30,8,5,55.8,3.3,94.02,193130.01,3460.87,94.69,0.321,2.2,3,1,0,23.3,1
26,65,715,0.3,24,2,4,15.1,3.7,71.97,294619.2,6459.44,20.63,0.155,7.5,22,0,0,90.5,1
46,50,1228,0.34,11,5,8,47.8,3.5,54.71,140252.98,943.57,78.36,0.051,11.0,19,1,0,39.8,1
34,40,788,0.236,25,0,3,97.4,2.1,95.19,67614.38,3169.55,77.12,0.098,4.3,24,1,0,8.4,1
4,29,435,0.49,30,5,4,83.4,4.0,72.76,238121.59,3762.35,31.41,0.375,19.4,19,1,0,19.8,1
46,56,760,0.048,21,10,3,94.2,0.4,55.67,234337.16,4770.7,80.27,0.44,1.1,5,1,0,99.6,1
24,78,1161,0.364,1,0,4,98.2,1.8,48.7,375580.47,4113.29,75.62,0.008,0.7,4,0,1,64.7,1
42,78,678,0.384,24,1,8,56.6,2.2,73.25,53133.86,5178.58,50.81,0.498,19.6,25,0,0,59.4,1
21,76,786,0.43,3,9,4,32.0,0.3,61.32,269891.82,9774.48,54.19,0.07,19.7,15,0,0,49.9,1
32,6,37,0.145,18,5,1,38.5,7.3,80.13,329044.38,7103.44,80.41,0.048,10.9,18,1,1,60.5,1
35,74,1279,0.441,30,5,1,8.0,0.9,63.11,161185.59,8405.26,13.9,0.492,18.2,22,1,0,36.8,1
25,20,516,0.383,6,5,2,56.6,1.7,1.24,34414.63,7974.55,39.9,0.137,5.5,14,0,0,73.5,1
25,12,88,0.258,14,8,2,71.9,1.6,62.97,489063.11,8103.24,94.07,0.467,2.5,0,0,1,84.1,1
46,5,1673,0.223,30,1,4,55.2,6.7,88.05,167813.98,3989.46,31.35,0.212,3.9,25,1,0,90.9,1
47,13,1664,0.203,12,7,3,49.3,6.5,9.3,299027.81,7021.91,50.15,0.417,2.5,29,0,1,53.9,1
36,75,284,0.117,13,2,6,24.7,7.1,73.97,191582.09,2428.11,15.96,0.42,4.1,14,0,1,84.7,1
9,39,656,0.29,20,3,5,72.0,7.8,11.13,116592.63,893.93,69.85,0.126,11.7,21,0,0,5.0,1
50,45,1613,0.136,9,8,1,71.9,5.7,22.14,103651.21,5451.92,25.07,0.269,1.7,17,0,1,92.8,1
39,24,35,0.022,26,2,8,33.8,5.7,84.25,462529.61,2811.22,17.29,0.197,1.0,21,1,1,73.9,1
17,52,1961,0.17,4,2,6,67.8,5.3,3.27,40992.24,3004.83,23.75,0.155,0.5,13,0,1,91.0,1
34,13,214,0.399,21,10,3,42.7,6.4,1.91,26378.5,1018.26,60.41,0.177,5.1,11,0,1,97.0,1
12,24,1215,0.161,9,1,5,43.3,1.0,3.92,188259.96,3850.44,89.08,0.162,5.2,13,1,0,79.3,1
32,76,92,0.165,3,3,1,33.3,4.5,13.69,136018.54,9439.08,34.72,0.415,7.6,22,0,0,1.7,1
44,4,705,0.498,3,8,4,14.8,4.5,76.31,128875.94,941.84,41.19,0.023,14.8,22,0,0,75.8,1
16,2,1158,0.09,8,7,7,20.0,1.9,95.18,197039.89,2759.9,53.8,0.264,6.8,14,1,0,67.2,1
10,45,1088,0.047,24,7,4,24.6,4.9,18.51,324594.48,6248.24,56.63,0.035,19.4,4,0,0,42.0,1
14,36,898,0.277,14,9,4,30.6,5.3,53.06,469345.97,6929.97,65.22,0.056,14.1,9,1,0,10.6,1
8,38,985,0.459,12,10,2,22.4,6.8,60.18,133540.18,3180.87,49.98,0.29,10.6,22,0,0,59.0,1
13,68,491,0.187,13,9,6,5.2,2.3,84.01,499781.9,6121.4,74.5,0.364,2.8,21,1,0,29.9,1
12,32,1314,0.089,13,4,5,71.3,1.9,57.67,95602.43,3320.86,30.79,0.038,11.5,7,0,0,93.8,1
28,21,1719,0.314,3,3,2,46.6,4.0,19.52,430538.82,1149.34,65.62,0.095,1.1,10,1,1,57.1,1
30,37,891,0.06,9,7,3,67.9,1.7,84.01,417082.02,8877.63,38.42,0.219,17.9,2,1,0,39.9,1
14,37,40,0.43,1,9,7,72.1,4.4,39.89,61594.37,8796.47,46.29,0.387,19.2,4,0,1,5.6,1
47,2,551,0.328,29,9,4,57.3,0.2,28.4,47948.83,9153.38,12.52,0.262,17.1,11,0,0,52.8,1
49,48,116,0.247,9,8,3,78.3,3.9,6.54,151638.64,8402.86,43.28,0.173,1.8,22,1,0,13.5,1
7,49,1229,0.425,8,1,3,40.5,6.1,92.87,217538.11,1733.15,55.55,0.366,3.6,10,0,1,61.3,1
43,63,1184,0.232,18,0,8,55.7,3.6,14.95,18212.96,6965.25,95.94,0.292,8.8,9,0,0,98.4,1
45,5,1277,0.031,28,9,7,26.1,1.1,71.97,168077.97,7319.4,75.68,0.246,0.0,1,0,1,88.1,1
29,18,309,0.166,22,3,0,13.2,6.1,67.32,191160.09,176.14,74.45,0.033,19.1,1,1,1,5.0,1
31,32,434,0.134,22,6,8,44.3,1.7,73.19,84061.98,884.23,79.23,0.297,15.2,10,0,0,70.4,1
48,41,481,0.183,24,3,0,86.2,5.2,69.3,258731.8,5442.93,50.95,0.034,13.7,17,0,0,45.1,1
13,22,793,0.434,19,6,6,34.2,5.9,67.83,90351.03,8224.69,12.18,0.174,6.5,9,0,1,7.4,1
5,80,1826,0.335,28,3,5,98.9,6.4,74.64,81419.03,2207.58,50.11,0.332,16.2,21,1,1,14.1,1
7,76,676,0.047,13,5,4,6.9,2.9,89.6,8899.35,3513.75,66.44,0.373,9.1,27,0,1,82.0,1
10,67,694,0.379,22,6,4,35.8,2.5,3.8,30055.51,8031.17,88.3,0.138,9.2,19,1,1,15.8,1
26,65,487,0.087,12,4,2,48.7,5.7,76.95,293043.36,9030.06,39.34,0.29,1.1,18,1,1,8.4,1
23,10,232,0.384,22,4,0,7.0,2.5,3.52,445849.02,6929.66,37.3,0.204,13.2,27,0,0,36.2,1
14,58,122,0.121,2,3,4,67.9,7.8,66.44,264964.67,5352.56,19.06,0.123,11.1,3,1,0,33.4,1
37,73,1281,0.178,25,10,2,38.5,2.9,66.71,168775.27,5056.49,52.95,0.145,2.9,29,0,0,44.2,1
8,31,1363,0.225,1,8,0,73.9,7.4,9.0,3346.8,1763.43,36.28,0.065,12.6,26,0,1,66.1,1
43,79,731,0.326,11,8,5,89.8,5.3,12.41,401443.19,5452.2,19.73,0.121,1.7,16,0,1,75.4,1
12,20,1136,0.25,27,2,8,3.0,3.4,83.99,270937.53,4982.15,46.31,0.009,3.2,24,0,1,44.6,1
24,4,1167,0.184,21,3,7,35.6,5.7,88.63,85064.31,3951.28,62.6,0.257,11.5,25,0,0,16.1,1
33,72,1630,0.363,30,10,4,14.8,4.9,3.21,413161.82,5274.11,47.48,0.098,10.0,24,1,1,69.7,1
19,20,329,0.371,26,3,1,69.6,2.4,32.22,361233.48,6269.24,74.34,0.203,19.5,11,0,1,10.2,1
38,56,488,0.142,30,4,5,19.7,3.3,69.12,149110.02,4430.67,72.19,0.326,6.3,25,0,1,45.8,1
24,63,686,0.378,11,3,8,28.2,3.8,2.98,218851.58,4761.43,21.6,0.472,17.7,5,1,0,68.8,1
38,3,1007,0.184,2,9,3,91.2,0.8,28.83,447156.08,8173.85,60.09,0.007,13.9,3,1,0,59.2,1
48,67,1930,0.215,9,3,0,35.5,0.9,17.08,359115.27,7896.25,56.9,0.035,2.5,12,0,0,41.7,1
27,56,427,0.232,10,9,3,87.2,1.9,54.85,408684.41,4898.9,31.72,0.334,19.7,8,1,0,68.3,1
48,28,1715,0.415,29,8,6,78.9,6.9,21.01,424308.88,4726.72,30.08,0.24,0.3,18,0,0,31.9,1
10,25,1423,0.207,29,6,8,5.1,2.9,34.79,204142.74,6007.13,34.83,0.252,3.7,0,1,1,15.6,1
33,4,1778,0.258,14,2,1,54.4,3.3,86.29,75103.62,4184.66,19.6,0.147,8.1,4,1,1,20.8,1
24,56,478,0.157,10,9,6,83.6,1.5,19.23,237377.66,6880.75,19.47,0.429,2.2,29,1,0,39.0,1
33,74,296,0.194,13,0,0,48.6,4.4,99.1,145846.65,7437.06,17.45,0.269,17.2,10,0,0,87.9,1
35,35,494,0.458,6,4,6,83.9,1.7,4.52,413511.01,6648.85,55.76,0.277,18.7,6,1,0,98.3,1
2,23,1988,0.303,18,5,4,58.8,6.2,47.07,304109.16,2425.4,65.84,0.409,15.7,27,1,1,10.7,1
24,38,431,0.177,24,5,3,70.0,6.5,47.75,47617.76,106.04,17.65,0.319,7.8,23,0,0,50.7,1
42,35,1682,0.001,5,5,2,48.2,7.8,7.12,215314.31,8905.83,14.36,0.398,18.1,16,0,1,65.3,1
36,21,566,0.316,26,9,6,20.8,7.7,31.69,490845.18,3051.29,47.94,0.168,6.9,4,1,0,88.8,1
13,11,429,0.198,18,8,0,65.1,6.7,50.17,51396.51,2581.4,99.64,0.241,5.0,2,0,0,99.4,1
21,13,1550,0.235,17,7,5,78.9,3.2,84.5,88584.8,3843.22,55.29,0.171,8.7,1,0,0,94.2,1
15,51,874,0.283,17,3,1,41.2,4.7,56.64,142275.45,5549.77,52.11,0.197,19.4,12,0,1,71.0,1
2,6,850,0.198,7,7,6,57.9,4.8,85.85,488791.2,4769.46,67.36,0.235,2.2,11,0,0,28.9,1
4,22,1580,0.39,7,2,1,66.5,5.8,14.06,412689.47,6511.71,82.73,0.092,9.6,18,0,1,43.7,1
44,12,1236,0.184,11,4,2,37.9,5.8,63.26,71729.61,8832.12,56.2,0.389,19.7,29,0,1,49.5,1
15,70,622,0.093,3,7,8,4.5,2.8,29.17,399715.54,7123.85,30.85,0.404,3.7,14,0,1,52.0,1
9,33,1092,0.125,27,7,8,78.0,7.5,28.7,245083.04,7579.21,93.8,0.494,4.8,22,0,1,48.5,1
17,62,1811,0.432,10,5,2,32.2,1.3,48.87,457407.7,3844.7,70.41,0.157,5.2,12,1,0,97.5,1
19,3,145,0.142,24,10,1,30.0,7.7,30.11,233387.4,8922.71,95.13,0.164,9.6,9,1,0,23.9,1
35,0,448,0.477,24,10,4,59.6,0.9,33.95,473016.28,3523.34,44.95,0.233,14.9,17,0,1,95.6,1
3,40,1186,0.029,15,0,2,55.9,3.2,78.1,110849.72,1152.23,97.65,0.182,7.4,13,0,1,49.6,1
28,27,1616,0.332,20,0,0,93.9,2.8,18.68,190053.55,702.24,66.15,0.425,10.3,1,1,1,44.9,1
14,70,253,0.321,12,9,6,14.7,7.6,72.66,279812.23,3035.71,52.97,0.086,1.8,3,0,0,17.3,1
17,3,158,0.114,13,7,5,13.2,3.9,94.82,131162.62,4964.15,89.26,0.256,3.4,30,0,0,32.4,1
5,27,1186,0.02,16,2,5,52.3,0.7,45.23,416158.19,6246.47,60.09,0.067,11.2,30,1,1,18.6,1
17,57,662,0.061,24,7,0,56.7,2.4,65.15,94620.13,2147.15,94.03,0.498,8.2,27,1,0,49.4,1
13,30,215,0.229,14,0,4,83.0,5.7,73.17,26424.15,2925.36,48.21,0.325,12.0,11,0,0,59.4,1
29,73,479,0.07,1,6,5,41.9,1.0,89.2,415312.35,8108.82,61.82,0.112,5.5,28,1,0,76.8,1
15,43,726,0.096,5,6,6,81.6,2.0,25.15,4818.56,277.54,90.37,0.158,11.3,16,0,1,8.2,1
2,46,1357,0.354,18,8,2,7.0,3.6,4.67,196192.78,4176.36,96.37,0.403,8.9,0,1,0,40.6,1
35,17,1178,0.466,1,6,1,17.7,4.6,86.86,400622.74,9757.07,25.07,0.258,11.9,25,1,1,2.7,1
8,59,848,0.376,13,8,1,90.1,5.5,45.8,69781.16,4173.38,84.87,0.05,11.4,18,1,0,11.2,1
40,6,1642,0.275,5,1,2,13.6,2.0,70.3,248099.5,9427.65,14.6,0.37,17.8,2,1,0,9.9,1
31,18,549,0.195,27,8,0,47.2,2.5,88.88,255397.09,8268.83,20.81,0.352,4.7,4,1,0,57.4,1
26,79,464,0.165,7,3,1,11.1,5.4,58.88,131857.09,6993.52,50.2,0.057,13.9,21,1,0,99.4,1
2,52,1109,0.455,23,3,4,65.6,6.0,59.65,270529.81,2234.81,13.31,0.486,8.4,4,0,0,61.1,1
13,67,840,0.498,29,8,4,54.5,0.3,23.98,346765.31,226.33,42.5,0.096,15.7,8,1,0,1.2,1
49,76,85,0.072,3,1,6,99.5,5.6,13.42,40263.63,8680.35,62.67,0.278,13.1,7,1,0,0.9,1
4,31,649,0.007,3,6,8,21.1,7.9,25.24,472504.1,9843.55,26.99,0.073,19.0,25,0,1,11.2,1
36,64,384,0.339,21,8,5,85.3,2.5,8.66,473168.94,2347.69,41.3,0.364,3.2,10,1,1,94.9,1
22,41,93,0.479,16,1,6,25.9,3.2,79.69,11144.87,2510.37,91.29,0.049,17.5,17,0,1,4.3,1
2,26,751,0.218,3,7,0,69.4,3.3,52.72,94562.45,4433.35,49.72,0.1,8.4,4,0,0,22.2,1
11,14,205,0.278,14,7,1,92.7,0.3,46.73,441721.64,3390.07,43.7,0.464,5.9,0,0,1,56.2,1
4,62,298,0.488,10,10,3,92.1,6.7,36.96,114828.2,7134.94,21.67,0.198,5.4,5,0,0,15.3,1
35,38,425,0.361,4,9,0,44.8,1.5,8.42,57310.23,1534.5,64.47,0.252,18.9,10,1,1,16.5,1
47,2,1266,0.122,29,5,4,58.3,0.2,84.45,490144.29,3586.63,53.16,0.327,11.0,13,1,0,25.2,1
6,0,273,0.065,14,6,6,71.5,6.5,75.01,149839.0,9923.09,12.75,0.203,2.2,18,1,1,59.7,1
15,29,436,0.392,12,10,4,17.4,7.0,45.08,66732.36,2864.84,47.22,0.244,10.6,0,1,1,75.6,1
46,63,1615,0.318,3,4,0,57.8,2.2,93.34,261255.77,6979.23,65.09,0.238,4.9,15,0,1,1.6,1
4,78,1417,0.286,11,4,8,81.1,6.6,61.37,177665.9,5891.46,41.75,0.107,17.5,9,1,1,12.8,1
31,1,359,0.248,23,5,8,93.6,7.1,28.19,453295.69,3596.2,72.85,0.378,5.9,15,0,1,0.6,1
22,35,182,0.306,22,4,0,52.0,0.5,89.2,279344.43,2767.66,58.67,0.267,11.4,26,1,1,14.2,1
8,27,1007,0.184,14,0,0,84.8,2.1,84.57,262912.62,9545.12,87.4,0.341,6.9,30,0,1,28.4,1
26,32,572,0.197,11,1,8,62.7,1.0,17.75,107456.34,9130.1,99.06,0.331,11.1,13,0,1,43.7,1
48,73,1005,0.143,5,3,4,15.0,5.0,16.08,362062.18,3381.32,35.19,0.143,12.7,15,1,0,89.6,1
27,53,1999,0.203,11,9,0,40.9,3.2,62.06,135508.89,8783.83,62.04,0.054,18.6,16,0,1,40.3,1
34,35,1987,0.126,16,3,2,84.7,1.1,68.6,473304.98,5758.14,67.67,0.416,12.7,3,0,0,22.6,1
14,70,752,0.209,12,1,4,3.4,6.1,98.01,59066.71,5611.05,33.1,0.196,10.3,18,1,0,22.6,1
2,74,1464,0.24,1,1,3,74.7,3.8,79.36,253546.5,514.34,14.67,0.291,14.6,8,1,1,12.7,1
15,49,961,0.018,29,9,6,76.8,6.8,17.38,240856.35,540.06,73.36,0.3,10.1,22,0,0,19.8,1
7,10,1075,0.492,8,9,6,83.3,2.7,49.25,422261.66,826.85,73.93,0.064,6.3,3,0,1,67.5,1
47,41,752,0.133,30,8,3,20.2,2.0,76.83,36112.93,6256.68,75.52,0.485,9.7,23,1,0,79.0,1
50,17,985,0.098,19,2,3,86.6,4.2,10.46,402357.78,780.05,94.3,0.379,3.5,4,0,0,12.5,1
6,13,1796,0.038,4,6,1,13.7,1.0,46.08,10220.13,3869.53,43.59,0.205,17.9,7,1,1,16.8,1
32,22,763,0.455,16,6,3,53.1,8.0,20.83,93123.52,788.87,46.72,0.352,8.1,13,1,1,1.7,1
36,43,28,0.172,13,6,6,39.4,1.6,86.14,14695.48,1790.46,88.85,0.326,12.5,16,0,0,95.0,1
48,9,996,0.494,5,0,1,58.7,2.9,96.11,177089.22,5822.18,40.53,0.409,18.7,0,0,0,8.6,1
50,72,1501,0.481,21,9,2,52.3,3.0,66.78,152164.24,8378.47,35.56,0.09,0.7,7,0,0,6.7,1
13,56,1979,0.396,30,1,1,52.5,0.2,83.89,86996.48,4579.45,39.08,0.155,3.3,18,0,1,73.6,1
47,6,321,0.442,9,5,3,55.5,7.2,38.49,69954.05,6294.75,88.16,0.072,3.7,3,0,0,89.4,1
32,3,844,0.281,16,6,6,48.0,3.6,65.53,380608.86,7052.8,66.54,0.103,12.4,2,0,1,13.7,1
31,33,904,0.266,29,10,7,62.9,7.4,67.83,148173.78,9593.57,21.32,0.069,3.6,10,0,1,96.2,1
11,10,1354,0.19,10,0,6,58.3,7.3,24.05,435475.44,5641.62,98.21,0.281,9.2,12,0,0,96.9,1
15,21,538,0.039,17,6,3,49.2,6.4,62.54,413282.29,4341.22,82.39,0.046,13.6,17,1,1,69.5,1
1,22,1654,0.023,21,7,5,32.8,2.6,21.42,181988.2,1463.1,51.81,0.242,3.5,8,1,0,0.2,1
32,67,995,0.45,1,0,3,4.1,1.0,69.57,245754.83,5728.72,71.09,0.421,14.5,4,1,0,13.3,1
38,65,1517,0.045,11,0,3,24.5,1.1,39.26,48173.75,67.2,59.32,0.207,10.6,27,0,1,39.2,1
6,25,608,0.04,21,8,5,25.7,3.6,82.76,53435.03,1428.51,39.97,0.432,1.5,5,0,1,33.8,1
48,75,1479,0.5,13,9,2,9.6,2.1,25.25,490567.87,7672.04,43.19,0.15,16.5,9,1,0,64.7,1
16,11,1024,0.101,20,0,4,78.2,1.0,73.05,249815.67,9640.67,48.28,0.3,14.7,23,0,1,70.4,1
48,66,1061,0.081,14,1,2,87.1,6.1,64.65,151236.28,6997.71,65.41,0.397,19.9,12,0,1,69.4,1
35,71,1057,0.039,28,8,1,31.6,1.4,60.83,401410.62,3426.31,65.93,0.142,0.5,30,0,1,66.3,1
5,74,1005,0.484,29,1,0,55.9,3.1,70.21,147757.35,6143.14,70.89,0.364,11.6,10,0,1,86.5,1
21,3,1158,0.306,20,9,8,8.6,4.7,85.14,119815.49,9402.67,37.62,0.387,6.7,28,0,0,85.2,1
39,39,915,0.397,11,4,8,7.8,1.5,3.83,303047.11,3930.3,60.89,0.009,12.3,19,0,1,77.4,1
14,42,488,0.29,18,1,1,3.3,4.1,80.3,412008.08,1106.23,96.93,0.218,8.3,14,0,1,72.6,1
32,3,982,0.241,19,4,0,97.5,4.1,88.91,44928.05,5427.92,91.65,0.032,17.0,8,0,1,95.9,1
23,45,341,0.054,5,2,1,83.7,4.0,45.02,186856.97,6098.95,19.13,0.184,6.3,19,0,1,18.9,1
13,26,1736,0.457,21,10,0,5.2,1.5,74.59,414192.85,5144.89,58.71,0.33,12.1,5,1,1,86.9,1
38,25,1599,0.446,25,7,7,75.9,4.0,78.73,267721.01,6337.94,72.9,0.162,7.8,12,1,1,60.4,1
15,0,1923,0.102,22,2,5,18.7,0.1,51.82,37610.31,6172.84,13.76,0.035,17.0,12,1,1,5.3,1
18,79,1441,0.455,11,7,0,58.7,6.5,56.0,217885.25,818.9,83.01,0.121,5.7,1,1,1,32.4,1
29,70,531,0.151,19,1,6,65.0,7.8,37.43,64133.03,9938.83,58.17,0.123,6.7,3,1,0,6.7,1
9,43,1468,0.095,24,9,1,76.9,1.6,79.51,63344.81,9836.88,15.88,0.164,17.0,9,0,0,88.5,1
30,5,281,0.099,19,3,1,63.4,2.6,63.22,159206.13,2690.6,19.58,0.188,10.2,21,0,1,4.9,1
28,32,170,0.461,19,6,6,87.5,6.5,83.14,311792.33,9849.67,58.69,0.087,9.5,14,0,1,44.5,1
15,42,663,0.031,5,6,4,77.1,0.0,18.29,332249.81,4584.88,37.65,0.394,12.1,19,1,0,16.0,1
22,41,631,0.26,3,9,2,55.7,4.3,24.24,94882.65,5415.95,83.59,0.114,16.1,23,0,0,98.2,1
35,49,879,0.29,25,9,4,13.9,7.3,53.32,212984.55,5241.37,97.17,0.153,14.6,5,0,0,33.9,1
15,17,699,0.455,2,7,3,51.5,4.4,89.85,459603.5,8938.96,34.48,0.133,9.3,9,0,1,25.4,1
17,42,1506,0.326,23,3,0,10.8,2.4,3.81,251524.15,9977.15,80.79,0.119,5.0,28,1,1,73.1,1
34,41,1937,0.156,29,4,1,47.5,6.9,25.94,278158.09,989.86,49.32,0.23,2.0,10,0,1,54.4,1
42,70,789,0.356,28,1,8,68.5,1.6,52.75,345491.98,1351.42,34.03,0.317,0.8,5,0,0,9.2,1
17,1,797,0.145,3,5,3,99.0,0.1,16.41,309342.08,274.81,59.89,0.277,0.7,14,1,0,4.5,1
33,41,674,0.331,22,5,2,38.1,7.5,47.07,115367.72,6119.69,65.04,0.339,4.8,1,1,0,89.7,1
8,0,1985,0.227,27,10,8,22.4,0.5,85.01,81380.13,1754.09,47.37,0.281,7.1,1,1,0,84.5,1
47,50,1937,0.252,22,6,1,33.4,0.6,67.25,323369.16,9029.4,65.16,0.371,2.3,14,1,1,51.8,1
1,74,1231,0.413,24,10,2,25.4,0.1,49.28,125851.88,2594.06,28.13,0.384,8.6,27,0,0,95.2,1
37,75,558,0.01,21,10,6,80.2,5.8,51.09,375460.22,6122.69,37.76,0.072,12.9,16,1,1,36.8,1
46,40,809,0.206,11,9,0,77.2,2.1,20.55,431852.85,6615.11,44.34,0.129,19.6,18,1,1,96.8,1
45,6,214,0.259,4,8,4,81.4,7.8,58.19,491832.24,744.7,75.43,0.097,9.8,20,0,0,9.9,1
34,76,504,0.298,7,9,7,23.5,2.6,73.77,121576.68,1882.53,69.14,0.019,1.8,6,1,1,32.6,1
30,19,1491,0.281,24,0,0,42.6,2.5,33.21,24247.03,3278.24,15.8,0.192,8.6,16,0,1,45.7,1
36,44,619,0.416,24,6,5,91.2,5.5,59.07,86346.18,5341.74,12.52,0.072,5.2,29,0,1,93.6,1
41,38,1818,0.311,25,10,0,31.9,6.6,28.08,480941.77,1608.06,57.98,0.15,19.8,3,0,1,3.3,1
25,24,1113,0.388,4,4,3,96.3,2.3,58.35,427022.61,9168.98,52.47,0.116,15.6,5,0,1,73.7,1
32,48,1566,0.053,14,6,6,66.9,3.6,20.74,143356.62,2332.94,18.16,0.345,6.6,9,0,0,86.5,1
46,70,1659,0.09,30,0,5,37.7,1.6,28.64,192520.32,5530.14,32.39,0.285,6.6,16,1,1,74.4,1
35,20,1412,0.486,15,4,2,32.7,1.1,20.09,363433.21,5861.24,25.38,0.142,10.6,20,1,0,23.8,1
10,13,1938,0.138,17,8,5,87.9,4.4,17.93,483492.74,4425.71,63.62,0.369,16.7,8,0,0,98.8,1
2,64,1876,0.068,26,9,4,13.2,1.7,39.3,103166.42,4657.02,50.97,0.419,0.4,6,0,0,55.1,1
33,22,1928,0.113,27,5,4,99.9,5.3,93.82,136277.37,4833.09,13.99,0.21,17.8,14,0,0,3.9,1
33,30,1906,0.115,24,3,0,91.3,6.5,6.0,238221.81,6409.11,49.33,0.352,9.7,23,0,1,84.8,1
23,38,126,0.029,14,2,3,42.5,7.0,21.71,393875.14,4382.02,19.89,0.461,11.1,4,1,1,32.4,1
18,74,798,0.453,26,4,3,37.7,2.2,35.41,32930.09,8322.71,97.18,0.342,16.8,1,1,0,34.5,1
2,1,1169,0.125,20,7,0,25.8,3.9,40.21,407143.52,9341.32,11.92,0.034,7.5,4,1,0,21.4,1
40,30,1800,0.009,23,7,3,19.5,2.4,35.57,257751.29,2093.53,41.09,0.436,14.8,14,0,1,55.5,1
31,77,32,0.418,19,9,3,63.9,0.8,4.07,157855.54,8028.85,79.6,0.237,9.8,19,1,1,77.8,1
2,41,1690,0.478,21,7,1,96.6,2.9,77.32,55090.21,3574.98,65.39,0.116,0.0,10,1,0,52.8,1
50,46,1694,0.451,12,3,1,50.9,0.8,85.24,102513.74,9919.44,85.47,0.26,15.9,20,0,1,76.5,1
25,75,1255,0.494,22,0,6,37.0,5.3,92.53,151180.26,1477.86,76.28,0.29,15.4,23,1,0,87.4,1
41,36,382,0.026,13,1,7,23.8,6.0,76.79,3874.82,8781.37,61.74,0.214,6.7,4,1,1,53.4,1
40,72,1336,0.475,19,4,3,3.2,0.6,75.62,221606.93,6920.98,29.63,0.348,1.5,12,0,1,87.2,1
26,64,1750,0.241,13,3,4,37.0,7.6,83.03,226574.02,1072.57,91.25,0.437,13.2,5,0,0,79.0,1
22,7,93,0.462,23,4,2,9.4,6.4,26.99,269264.16,1438.85,95.15,0.195,8.4,16,1,1,87.2,1
19,45,347,0.358,1,7,8,95.5,2.1,44.06,169928.79,6375.71,24.23,0.202,11.7,25,0,0,68.3,1
35,27,927,0.19,17,1,8,94.6,5.4,43.75,364021.95,4831.63,91.81,0.395,9.8,7,1,0,11.2,1
45,31,701,0.362,7,1,2,93.1,1.3,99.66,139164.99,6555.06,62.3,0.327,0.3,11,1,1,52.5,1
16,55,1706,0.462,28,9,6,42.2,7.4,44.02,356471.4,9974.42,57.9,0.234,15.4,29,1,1,17.1,1
50,53,1268,0.413,10,0,8,34.8,4.5,1.57,389040.81,9734.14,70.59,0.276,7.5,8,0,1,71.0,1
28,68,146,0.49,18,10,2,22.9,0.5,53.42,188027.25,3366.83,89.44,0.417,14.3,8,1,0,23.4,1
29,70,1361,0.301,29,5,5,35.9,6.0,81.61,236853.66,2587.61,11.26,0.023,5.6,13,0,0,95.4,1
33,51,784,0.167,15,6,2,13.3,2.9,12.98,22821.65,6786.12,40.88,0.116,2.6,21,1,1,98.1,1
43,65,1532,0.02,25,5,2,42.6,2.4,1.53,208525.65,3424.76,92.6,0.257,11.5,25,1,1,9.4,1
32,10,1585,0.433,2,0,6,71.1,1.4,13.97,179481.39,3329.18,63.57,0.024,13.7,3,0,0,41.8,1
20,20,1041,0.444,15,6,5,29.3,0.4,97.22,419529.86,3426.49,37.89,0.314,6.3,6,0,0,76.3,1
50,58,1358,0.295,15,3,2,31.5,5.9,8.91,103188.09,8428.55,61.21,0.362,18.2,25,0,1,55.9,1
30,80,909,0.313,11,9,2,79.1,4.7,11.83,298174.57,1901.65,62.25,0.485,5.4,4,0,0,84.9,1
12,27,1852,0.241,3,3,5,88.4,7.4,83.47,343937.46,9911.26,69.68,0.195,0.6,22,1,0,88.7,1
45,21,1826,0.291,1,2,2,50.6,7.8,46.53,148313.98,7934.0,14.14,0.438,4.8,7,0,0,36.5,1
42,4,1200,0.058,11,9,6,45.7,2.9,49.01,39759.9,2284.46,39.59,0.455,7.9,24,0,0,70.8,1
50,71,1220,0.4,6,5,8,31.6,0.1,14.08,444169.01,3855.92,21.0,0.045,5.0,7,0,0,15.6,1
26,50,1678,0.043,23,6,6,30.0,7.9,66.08,342017.09,4853.6,64.02,0.383,2.8,7,1,1,44.3,1
40,60,1132,0.422,24,5,8,23.6,7.4,45.08,16194.88,9663.14,53.22,0.248,9.8,16,1,1,3.8,1
28,20,800,0.152,11,8,4,59.9,4.5,64.43,229848.15,3286.27,90.54,0.26,11.0,6,1,1,67.3,1
43,70,833,0.34,11,0,1,62.3,4.5,92.96,235639.65,8043.94,47.93,0.241,17.8,30,0,1,86.2,1
19,72,1010,0.404,14,1,6,80.9,0.4,83.84,232881.49,4207.52,88.63,0.424,16.0,12,0,1,3.6,1
27,56,1958,0.286,20,8,4,85.0,2.2,63.79,462415.23,951.33,34.22,0.382,6.3,21,1,1,52.2,1
30,24,340,0.447,7,10,5,81.0,5.4,64.56,44207.78,1528.93,16.03,0.252,7.0,27,0,1,20.6,1
47,18,1491,0.059,5,1,7,97.5,2.6,60.37,226792.35,2653.29,21.66,0.488,15.2,13,1,0,27.1,1
8,28,1300,0.359,14,4,3,91.6,4.3,40.68,363053.6,7031.58,45.28,0.471,15.1,10,0,1,27.0,1
25,3,1512,0.209,20,10,7,70.8,5.2,68.93,384084.56,1292.09,65.15,0.424,18.4,23,0,1,66.4,1
38,60,775,0.375,23,5,3,80.3,7.8,44.63,157827.6,1966.48,26.37,0.312,10.4,22,1,1,68.6,1
32,25,1580,0.099,24,5,7,41.1,7.9,28.87,151444.92,1848.04,45.05,0.245,4.6,4,0,0,88.7,1
33,59,1732,0.23,18,3,1,46.1,0.4,51.29,231723.56,299.36,22.21,0.453,17.9,27,1,0,18.5,1
37,17,810,0.264,17,9,7,89.1,1.3,92.02,92031.87,3059.01,21.54,0.338,5.7,26,1,0,32.9,1
13,56,1740,0.485,10,9,4,10.3,7.5,61.11,157782.13,2218.88,42.73,0.077,18.3,3,0,1,11.2,1
5,65,1615,0.391,6,4,5,82.2,3.6,82.49,362238.46,3983.35,54.47,0.155,12.5,18,0,1,19.6,1
32,75,949,0.213,6,2,1,51.9,6.5,60.04,447819.97,1243.37,69.7,0.321,19.6,7,1,0,77.0,1
1,48,1535,0.277,1,4,7,49.3,7.9,72.55,49071.27,7156.94,66.73,0.428,13.9,14,0,1,23.3,1
33,21,1293,0.333,1,4,2,18.5,4.6,92.04,416166.9,6042.51,37.85,0.077,11.1,27,1,1,9.5,1
10,9,1890,0.021,4,6,0,38.7,1.3,26.89,391720.49,5944.07,73.5,0.255,2.2,11,1,0,40.0,1
35,0,921,0.24,17,1,2,87.3,7.0,37.23,467469.58,3619.69,73.29,0.466,8.5,5,1,0,45.5,1
6,18,1084,0.286,8,10,5,90.8,2.4,4.86,52660.94,538.69,86.06,0.332,6.3,22,1,1,13.1,1
26,58,1009,0.127,15,6,2,12.7,5.1,98.6,114883.53,7946.36,13.71,0.464,10.5,0,1,1,69.1,1
26,75,1185,0.209,23,1,5,53.4,6.1,37.31,108084.67,3595.46,25.83,0.153,8.7,11,1,0,49.7,1
31,36,196,0.327,13,8,6,96.9,1.8,35.44,112010.69,4355.12,42.79,0.265,0.3,13,0,0,44.5,1
30,26,877,0.175,10,7,7,99.2,7.5,96.06,179478.71,3507.62,61.42,0.347,1.8,1,0,0,78.8,1
6,53,1198,0.014,23,2,8,44.8,0.7,42.45,76828.85,3217.09,87.49,0.289,2.1,5,0,1,4.4,1
32,32,263,0.382,18,9,3,89.3,0.1,13.84,331295.29,6819.29,70.72,0.493,9.9,25,1,0,15.1,1
43,59,321,0.308,9,4,0,42.9,3.4,7.61,277241.61,8591.73,78.3,0.04,7.0,21,1,0,26.5,1
38,69,53,0.202,4,9,2,70.4,3.8,5.77,363635.43,4186.78,31.8,0.423,8.2,5,0,1,7.3,1
45,34,1691,0.273,3,0,8,57.9,3.9,14.51,395605.53,7315.1,57.88,0.241,6.7,25,0,1,69.0,1
50,5,1323,0.111,26,9,0,5.7,4.2,84.49,494235.78,857.83,23.35,0.364,15.4,4,1,1,60.6,1
22,32,1007,0.399,17,6,8,77.9,5.7,74.74,311445.89,7132.37,38.9,0.324,16.6,20,0,1,55.6,1
44,54,1798,0.318,30,8,3,16.3,2.4,49.38,262803.41,1305.63,20.93,0.341,1.0,15,1,1,15.1,1
18,56,126,0.3,21,7,4,73.2,4.3,69.65,122238.5,5935.77,97.46,0.319,4.9,5,1,0,83.4,1
31,32,1005,0.384,21,5,7,66.2,4.8,8.6,474827.57,7271.6,24.55,0.179,3.9,0,1,0,42.0,1
16,67,68,0.343,3,10,1,11.3,4.0,15.01,345942.12,1407.49,65.13,0.333,18.0,11,0,0,18.4,1
32,15,354,0.244,7,9,2,11.5,7.1,3.52,214769.29,1998.42,13.64,0.005,2.4,28,0,1,50.1,1
26,20,280,0.156,8,9,3,94.0,6.2,41.43,139542.79,4117.32,40.74,0.233,1.0,2,0,1,78.5,1
7,4,183,0.447,22,0,3,90.2,4.5,52.84,496118.33,5885.13,26.84,0.251,3.5,19,0,1,25.0,1
17,5,748,0.095,14,0,8,45.4,2.9,77.6,119448.6,2167.15,12.09,0.447,4.7,3,1,0,59.4,1
14,5,82,0.298,2,7,0,49.3,3.3,30.6,117648.9,769.69,19.31,0.475,5.6,12,0,0,10.1,1
6,37,1454,0.383,20,4,7,26.3,2.8,41.88,269355.43,2663.41,24.12,0.074,3.1,24,1,0,93.7,1
19,54,675,0.486,3,3,6,41.4,5.7,45.47,478278.51,7825.95,69.65,0.394,14.5,14,0,0,36.8,1
14,72,155,0.029,1,5,1,17.4,4.5,5.25,45447.26,7457.94,77.68,0.451,15.4,28,0,0,47.3,1
28,76,1632,0.488,19,5,1,39.3,3.7,60.59,221212.86,9694.01,33.69,0.13,17.2,15,1,1,14.5,1
46,46,1422,0.298,17,9,3,66.1,6.4,45.03,202051.33,9526.38,39.2,0.174,8.3,15,0,0,80.9,1
34,5,1295,0.101,14,5,4,65.5,4.6,14.74,357218.28,659.05,17.57,0.143,14.5,17,1,1,45.9,1
12,10,1728,0.171,17,2,2,5.7,7.8,69.73,262760.22,1709.45,40.22,0.159,19.7,14,1,1,70.9,1
20,74,1175,0.144,2,10,0,40.7,0.7,20.25,100666.63,3131.25,67.11,0.115,9.4,9,1,1,52.1,1
37,19,1513,0.042,12,1,1,70.0,4.3,67.5,1913.49,5577.79,53.7,0.405,12.9,21,0,0,4.6,1
8,55,1067,0.321,22,0,0,79.9,6.2,36.07,113274.17,623.78,34.13,0.125,18.3,23,0,1,92.1,1
25,63,400,0.058,26,6,8,5.5,3.4,49.78,193097.42,3592.46,59.12,0.398,18.3,13,1,0,78.7,1
23,10,1601,0.383,30,7,2,47.2,5.7,64.55,303646.88,1846.09,82.5,0.128,11.1,11,1,0,22.2,1
33,45,1300,0.067,11,4,2,14.2,2.8,46.2,365520.23,7388.41,84.81,0.205,17.0,21,1,0,38.0,1
17,28,1425,0.194,29,9,0,35.3,7.4,95.13,424369.93,4127.1,36.2,0.387,19.0,19,1,0,56.9,1
4,70,1240,0.439,28,4,6,64.2,5.3,2.78,334809.27,2850.8,65.05,0.298,2.9,3,1,1,26.2,1
28,76,993,0.447,4,5,2,71.4,0.0,85.23,366667.12,2456.13,70.35,0.445,12.2,21,1,1,28.8,1
35,52,59,0.491,26,1,7,43.1,2.2,79.45,256086.63,8211.59,17.13,0.32,8.2,5,0,1,21.3,1
23,23,287,0.431,22,5,8,10.4,2.9,8.96,168174.89,6126.21,92.64,0.416,2.1,16,1,0,72.7,1
44,66,1882,0.133,4,4,2,33.7,7.9,91.57,7716.17,7167.37,25.48,0.204,8.6,15,0,1,65.4,1
37,20,1351,0.087,9,9,1,60.1,5.7,74.44,389417.82,157.02,48.74,0.24,17.4,23,1,1,37.2,1
35,42,732,0.051,29,8,7,72.6,6.1,28.47,221303.78,441.68,93.63,0.429,8.0,23,1,1,30.3,1
46,27,1242,0.319,12,8,7,81.4,4.8,10.33,483107.37,4702.02,52.24,0.43,9.7,9,0,0,28.8,1
21,36,1805,0.465,2,6,3,71.9,5.9,70.37,21740.21,841.03,75.15,0.398,19.2,7,1,1,25.4,1
11,22,1624,0.415,12,6,3,14.4,5.8,57.31,388583.24,907.83,80.8,0.027,9.0,15,0,1,20.4,1
20,40,1788,0.113,22,8,3,23.4,2.1,81.92,275816.53,3162.82,20.62,0.402,14.1,8,0,0,95.5,1
42,4,1395,0.023,16,9,0,32.9,3.6,91.32,231330.46,3445.92,66.37,0.305,16.6,3,0,1,69.0,1
33,56,683,0.161,22,1,4,9.0,4.1,21.56,472572.18,7795.65,47.11,0.429,7.0,27,0,1,97.7,1
17,15,1420,0.054,19,3,1,16.0,1.0,69.54,493951.92,2752.8,92.59,0.358,15.6,23,0,0,36.1,1
22,26,17,0.317,24,2,5,92.0,0.7,67.15,40531.36,6224.99,74.49,0.335,15.0,8,0,1,82.7,1
38,16,1474,0.295,29,7,3,5.4,7.9,75.76,104387.55,8904.36,60.71,0.485,7.6,9,0,1,93.9,1
28,3,131,0.028,29,7,8,23.3,4.9,69.8,121741.75,5042.12,32.92,0.077,6.9,14,1,0,42.3,1
26,40,231,0.112,16,8,5,19.1,4.8,41.99,62088.49,3277.24,70.92,0.403,0.2,14,0,0,67.5,1
27,72,1632,0.231,17,6,4,85.1,7.2,34.64,171723.0,3330.75,82.57,0.43,4.4,22,0,1,41.1,1
43,72,263,0.008,18,1,0,25.6,0.3,40.54,241033.1,2203.87,31.48,0.121,9.6,20,0,1,77.2,1
49,27,1718,0.454,25,1,3,6.1,4.9,98.67,313879.98,2898.53,54.46,0.45,6.9,8,1,0,28.3,1
40,46,583,0.43,20,4,4,61.5,5.9,78.2,147117.94,906.54,12.83,0.366,1.5,12,1,1,38.1,1
27,49,1507,0.429,19,10,1,27.1,1.5,21.64,5396.06,6164.21,23.8,0.117,11.5,30,1,0,28.8,1
8,47,1122,0.445,24,7,0,77.5,6.1,72.73,305793.22,2349.62,48.92,0.285,7.8,6,0,0,75.9,1
37,75,1924,0.316,5,9,6,27.1,1.9,14.58,10434.28,5562.02,64.46,0.135,7.2,30,1,1,37.6,1
48,4,1715,0.086,26,5,0,73.5,4.0,21.39,58691.99,1826.69,73.98,0.345,6.0,12,0,0,98.9,1
18,2,1724,0.433,5,4,8,27.2,3.4,15.83,365004.74,3234.87,44.95,0.444,15.2,0,1,1,61.5,1
38,8,1021,0.316,6,10,2,89.7,5.0,27.78,339546.86,670.46,60.45,0.238,14.3,19,1,0,6.6,1
18,22,642,0.494,23,9,7,69.0,6.9,80.57,118646.9,8191.4,31.01,0.278,14.9,2,0,1,76.1,1
40,71,975,0.461,20,4,6,12.6,2.3,41.68,133951.96,5866.4,59.3,0.398,2.1,13,1,1,66.7,1
38,35,109,0.402,10,6,4,86.3,4.7,62.72,261718.25,52.28,11.85,0.037,17.0,24,1,1,0.3,1
33,60,532,0.176,14,5,8,24.5,5.8,84.15,366132.27,2352.72,30.34,0.06,9.8,18,1,0,92.0,1
16,9,276,0.161,14,3,8,48.1,1.8,54.0,395469.97,1784.11,63.6,0.204,6.2,6,1,0,89.5,1
46,13,1173,0.127,1,3,0,45.5,4.2,56.64,85976.35,3147.66,54.22,0.225,2.1,17,0,0,51.8,1
43,3,1906,0.273,14,9,4,30.2,3.8,65.39,223318.14,9616.23,16.65,0.302,6.0,9,1,0,61.9,1
25,63,1916,0.439,18,5,6,59.6,5.3,1.3,203748.47,1809.02,49.17,0.015,2.2,17,0,1,92.1,1
3,0,157,0.256,11,6,7,49.4,0.5,68.59,121389.96,7156.69,28.81,0.446,0.0,14,1,1,60.6,1
39,6,1865,0.244,11,7,4,77.3,2.2,68.31,22864.63,4290.83,80.16,0.376,18.6,19,1,1,64.5,1
9,25,1189,0.223,30,5,0,43.4,2.4,28.63,76053.9,4726.12,38.58,0.005,4.3,14,0,1,28.5,1
40,78,657,0.183,18,8,3,92.0,5.1,40.95,74404.39,6222.46,63.14,0.042,9.1,0,0,0,41.1,1
6,51,1656,0.058,4,1,7,17.6,3.4,12.01,202185.33,6076.04,74.38,0.15,18.0,20,1,1,18.2,1
48,21,1959,0.139,18,10,3,87.5,4.3,61.63,57466.24,2542.7,14.57,0.343,3.1,7,1,1,57.2,1
45,6,1576,0.212,16,5,2,74.3,0.8,2.49,455807.95,1980.77,37.05,0.276,6.7,16,0,1,96.7,1
20,25,1152,0.452,25,4,6,68.5,1.5,82.01,203581.42,3114.98,99.83,0.114,16.8,3,1,1,35.5,1
49,33,1381,0.299,25,5,0,17.3,6.3,42.83,144357.04,5933.66,17.21,0.29,9.0,7,1,0,51.0,1
35,58,1692,0.017,26,7,5,74.9,2.6,50.25,170489.86,6603.01,66.69,0.001,13.4,1,0,1,73.0,1
3,9,675,0.117,14,6,8,50.2,5.4,9.31,42338.55,9294.98,22.74,0.448,1.2,17,0,0,9.3,1
9,66,1845,0.09,13,4,7,76.0,2.6,9.2,70899.91,2260.09,14.02,0.055,5.4,13,0,0,35.2,1
10,37,509,0.11,14,10,2,49.8,3.4,54.85,471370.12,132.08,73.13,0.419,16.5,23,0,1,9.5,1
39,77,1104,0.12,20,6,6,50.9,4.5,66.49,208780.95,3046.12,98.49,0.435,1.4,10,1,1,26.4,1
45,56,946,0.339,25,10,8,79.2,2.1,74.0,13411.36,1469.27,99.36,0.202,14.4,2,1,0,63.8,1
49,73,1703,0.343,19,8,1,11.5,0.2,26.91,15409.17,184.08,80.15,0.321,17.1,15,0,1,37.5,1
6,7,1730,0.328,23,4,1,31.1,0.1,61.64,199672.8,1159.86,46.41,0.3,8.4,0,1,1,87.6,1
39,49,925,0.01,10,9,2,64.8,5.5,77.5,316429.11,9336.96,13.56,0.238,1.8,12,0,1,31.8,1
10,27,1168,0.354,12,7,1,81.7,1.6,18.92,125220.63,1319.23,40.55,0.446,5.6,30,1,0,47.6,1
26,30,831,0.214,5,2,6,89.9,2.2,64.5,282103.02,7752.37,54.77,0.063,15.0,27,1,0,54.8,1
30,58,902,0.05,19,2,8,87.6,4.5,38.19,262435.43,971.9,52.25,0.489,14.8,30,1,1,61.6,1
21,16,747,0.242,15,0,1,49.0,7.6,81.7,141179.52,2041.95,98.84,0.212,5.4,18,0,1,38.9,1
37,29,1958,0.239,1,8,4,59.0,2.0,22.55,411270.14,2654.81,33.16,0.333,12.6,15,1,1,62.5,1
28,78,67,0.417,7,9,0,10.7,8.0,53.07,349623.73,6340.4,14.26,0.309,17.5,22,1,0,31.3,1
28,50,333,0.145,25,0,5,99.0,5.1,47.95,343556.44,200.53,90.56,0.486,14.9,28,0,1,33.3,1
10,75,833,0.361,28,10,8,13.9,3.7,29.4,226166.95,6407.01,70.33,0.236,10.7,2,1,1,62.5,1
22,32,196,0.42,12,3,0,37.4,4.0,31.27,114974.88,6701.55,96.92,0.203,1.7,2,1,1,38.7,1
23,73,1257,0.372,21,2,3,13.6,2.5,45.53,485895.09,9351.48,18.98,0.205,5.7,29,1,0,44.2,1
48,31,922,0.447,22,8,2,63.7,1.8,29.94,378114.52,9848.85,70.06,0.136,0.3,1,1,1,26.5,1
44,34,244,0.353,14,4,0,8.5,5.5,82.24,86726.84,3204.5,73.21,0.029,6.0,17,1,1,81.9,1
11,72,1850,0.493,2,5,3,38.1,5.5,55.53,465440.33,151.19,77.68,0.075,4.2,10,1,0,30.9,1
34,38,60,0.34,15,6,2,3.2,8.0,60.37,242104.97,6507.43,55.26,0.211,16.4,12,1,0,91.6,1
6,0,243,0.319,23,7,7,17.8,0.3,75.26,28903.76,2204.44,30.37,0.038,18.8,29,1,0,10.8,1
27,5,237,0.378,6,9,6,77.2,0.9,63.27,118590.24,485.96,15.55,0.448,6.4,16,1,0,92.3,1
34,21,845,0.262,22,6,4,92.8,1.8,24.06,336370.97,4733.72,89.63,0.425,1.2,22,0,0,80.0,1
29,31,655,0.022,29,5,2,27.7,2.8,47.22,367808.14,3120.24,64.61,0.042,11.0,22,0,0,13.7,1
23,58,1617,0.068,16,7,3,11.0,7.2,36.66,482780.81,6152.23,28.92,0.278,5.6,6,1,0,6.6,1
42,54,1783,0.407,7,7,0,71.7,1.9,83.29,240786.27,8106.82,95.33,0.02,7.5,30,1,0,77.0,1
25,66,405,0.499,15,5,6,96.8,5.5,34.45,452503.81,2368.48,41.46,0.396,8.6,12,0,1,48.8,1
46,71,546,0.448,18,8,8,7.5,2.8,32.35,316026.02,9981.02,78.72,0.178,10.7,6,1,0,26.1,1
30,12,1507,0.027,17,3,3,69.9,7.7,64.91,246460.92,794.13,96.18,0.141,7.1,17,1,0,18.3,1
12,78,1684,0.25,2,8,0,13.6,5.9,24.76,476983.32,1382.56,21.81,0.3,14.1,27,0,0,83.4,1
14,54,330,0.153,13,7,7,25.5,3.4,72.79,231861.92,4010.77,63.94,0.089,2.2,12,0,0,28.1,1
36,58,623,0.048,13,3,3,30.7,3.4,45.77,242296.62,8226.03,13.1,0.237,5.6,14,1,1,11.4,1
15,1,534,0.047,8,8,3,35.9,7.6,51.34,251153.84,6143.16,41.12,0.102,13.8,0,1,0,20.3,1
26,8,1019,0.382,26,0,2,26.5,3.3,56.48,166113.82,4037.43,10.63,0.281,17.9,19,1,1,8.2,1
26,30,1683,0.433,23,10,2,93.5,3.8,9.15,122101.57,4739.52,39.57,0.028,18.9,17,1,1,1.8,1
44,7,422,0.028,24,9,8,22.4,5.0,94.05,12417.09,3360.83,21.68,0.445,0.8,7,0,1,69.7,1
17,63,1173,0.404,2,4,7,71.7,3.1,93.1,487354.05,3785.91,55.04,0.47,6.0,19,0,0,20.2,1
16,35,912,0.049,30,3,2,4.0,6.1,23.18,287657.59,2840.01,10.6,0.163,0.3,24,1,1,77.9,1
5,71,960,0.155,28,6,7,72.4,2.5,41.9,231501.08,5439.55,72.45,0.127,11.0,15,0,1,56.5,1
15,51,679,0.207,17,5,8,40.8,2.5,4.55,165188.96,534.41,45.21,0.38,3.8,12,0,1,90.8,1
43,15,171,0.221,2,7,3,31.8,0.6,71.41,457496.85,9498.01,60.94,0.16,13.2,5,0,0,58.0,1
47,16,1646,0.452,11,9,8,17.8,2.2,22.8,118273.26,7624.88,40.94,0.194,3.9,14,1,1,67.3,1
29,75,1197,0.041,21,2,8,43.2,6.7,35.59,308978.58,80.76,35.17,0.221,6.7,27,1,0,45.1,1
21,18,1206,0.423,21,10,3,88.0,2.6,59.28,92133.14,3205.42,72.62,0.402,9.5,26,1,1,40.0,1
18,42,1225,0.455,26,3,7,6.5,1.3,77.79,430675.16,4638.72,72.44,0.446,19.4,22,0,1,2.5,1
8,73,67,0.072,11,5,1,91.9,2.0,84.48,310400.94,6471.15,54.97,0.086,8.3,20,1,1,56.1,1
22,28,1226,0.228,2,5,2,15.0,7.5,11.45,451243.11,4855.06,85.57,0.309,12.8,20,0,0,98.9,1
45,55,1494,0.386,13,8,6,5.2,4.1,72.5,106490.12,569.55,61.52,0.191,19.0,30,0,1,79.6,1
38,64,1997,0.186,28,1,8,76.8,7.1,69.39,61809.65,2164.67,87.5,0.227,7.8,18,1,1,91.2,1
37,23,1257,0.416,27,4,4,89.5,7.6,86.99,26562.59,3672.41,11.7,0.226,18.3,30,1,1,48.9,1
42,13,1848,0.248,28,5,0,15.6,2.8,84.99,340595.42,6905.08,57.71,0.192,12.2,28,1,0,42.9,1
45,63,1938,0.226,26,4,8,83.4,7.2,81.63,476913.1,8308.75,79.75,0.328,2.8,30,0,1,93.6,1
50,56,859,0.036,30,2,1,73.0,0.4,52.72,395418.76,627.07,53.84,0.145,15.2,18,1,1,30.9,1
30,41,1052,0.358,25,9,8,64.0,1.8,72.02,494865.13,6034.5,27.39,0.271,5.4,7,0,0,63.8,1
38,70,428,0.132,18,10,3,6.0,6.3,44.31,445068.45,7440.33,59.98,0.291,1.8,24,1,1,0.9,1
5,19,1309,0.321,18,7,3,61.1,7.6,34.77,380372.42,1980.5,37.63,0.495,9.4,21,1,0,3.5,1
33,80,1737,0.11,16,3,4,63.6,7.9,50.03,356047.21,4512.72,56.05,0.044,5.7,30,1,0,4.5,1
27,39,293,0.336,28,3,2,71.5,0.6,82.61,286385.69,7258.65,88.93,0.377,16.3,14,1,0,48.8,1
37,42,1076,0.276,11,9,5,45.8,4.2,99.74,180334.82,689.01,76.01,0.34,10.1,17,1,0,36.9,1
6,55,331,0.462,16,10,1,62.0,7.7,28.51,255509.83,7861.65,39.32,0.334,12.8,30,1,1,36.4,1
12,17,1370,0.032,11,1,1,55.4,2.6,7.72,288994.64,9234.7,98.91,0.25,6.7,7,0,0,10.9,1
3,3,1032,0.046,3,10,7,33.6,2.7,26.6,436419.82,3461.46,63.31,0.139,0.3,26,1,1,94.6,1
11,25,1915,0.164,22,10,5,51.5,6.7,60.35,275714.94,5846.69,78.63,0.015,2.8,4,1,1,85.6,1
4,74,317,0.206,27,6,1,8.0,4.4,86.52,235635.64,9922.83,55.39,0.332,0.5,5,0,1,70.8,1
45,60,1251,0.4,1,9,1,26.8,6.6,72.45,457022.98,5997.91,13.55,0.199,3.4,24,0,0,69.4,1
50,80,1947,0.345,19,2,3,15.8,2.3,6.66,476543.42,839.99,11.29,0.15,12.9,13,1,0,74.4,1
35,29,1568,0.024,16,10,1,6.2,4.1,55.64,38494.61,4354.11,63.27,0.401,7.3,2,0,1,34.1,1
9,51,795,0.214,28,4,5,80.5,7.9,70.19,270220.72,2319.14,40.35,0.237,9.6,8,1,0,8.4,1
11,1,1865,0.358,15,8,7,26.6,7.3,55.66,497175.56,6151.01,57.86,0.456,14.6,21,0,0,77.7,1
42,13,1194,0.305,20,9,7,31.4,4.4,27.16,1919.9,6091.51,70.84,0.435,9.7,13,1,0,67.9,1
41,68,206,0.492,2,7,8,95.9,7.6,15.57,408192.06,8006.16,82.85,0.47,2.8,28,0,1,72.1,1
43,20,80,0.313,24,7,1,40.2,4.7,74.23,229305.3,4919.68,81.0,0.016,9.9,19,0,0,82.8,1
22,63,1215,0.39,24,3,6,12.6,7.3,40.63,5385.11,8566.37,54.71,0.262,3.5,22,0,1,4.7,1
6,40,248,0.028,1,5,5,25.9,6.5,4.94,487093.33,1791.18,33.86,0.354,11.9,22,0,1,34.2,1
36,4,978,0.402,19,7,1,42.3,6.7,76.99,477809.27,3064.18,62.42,0.235,15.5,28,0,0,10.1,1
18,69,166,0.177,6,2,4,47.9,0.5,39.17,238999.56,4449.41,72.17,0.088,8.1,16,0,0,9.6,1
19,36,441,0.219,29,6,7,46.6,7.4,68.4,198217.25,874.78,34.7,0.154,7.3,8,1,1,23.2,1
25,52,1638,0.246,28,7,6,22.7,6.1,43.02,172021.44,3916.73,22.25,0.475,16.3,21,1,0,9.3,1
37,17,2000,0.359,3,8,6,22.6,5.4,29.31,52713.83,5194.59,46.17,0.442,7.5,28,1,0,70.7,1
47,62,741,0.313,18,1,2,79.5,0.8,74.7,293871.6,4614.8,98.0,0.015,10.2,22,0,1,41.8,1
35,37,1525,0.329,28,5,2,12.1,0.8,24.9,22476.17,4736.14,68.87,0.325,7.8,19,1,1,40.0,1
49,5,16,0.337,9,4,5,86.2,4.4,73.07,246914.77,1117.14,13.33,0.497,19.4,21,0,0,80.5,1
13,7,1328,0.479,2,10,3,37.2,1.6,62.1,189870.92,7800.78,41.61,0.356,8.3,8,0,0,81.4,1
11,57,173,0.384,20,4,7,28.6,7.2,26.51,75023.4,5255.59,24.33,0.15,0.6,6,1,0,84.5,1
3,40,1650,0.121,13,0,8,65.6,2.1,21.12,288746.77,4040.06,65.9,0.461,11.7,14,1,1,99.6,1
1,65,420,0.052,9,3,5,67.3,7.5,94.02,69655.77,5426.86,72.81,0.301,18.4,16,0,0,91.2,1
27,48,1782,0.238,2,9,5,37.4,1.1,42.46,94644.06,9615.3,97.25,0.291,8.2,0,0,1,45.6,1
50,61,1660,0.348,29,2,8,56.3,1.8,56.21,99636.81,8649.85,45.83,0.056,17.0,30,1,0,57.4,1
21,73,981,0.466,9,4,5,38.0,1.2,33.12,93108.01,4072.25,89.78,0.219,15.3,9,0,0,25.5,1
36,52,1061,0.2,20,10,3,4.6,2.3,82.29,431577.97,6169.81,94.75,0.366,14.6,10,0,1,97.3,1
18,63,1008,0.079,8,9,2,92.4,4.5,89.62,196910.43,5052.63,77.65,0.215,11.9,20,0,1,70.2,1
22,28,765,0.454,13,5,4,79.1,7.9,64.45,28842.56,2848.09,36.32,0.05,9.3,20,1,0,73.3,1
7,43,612,0.185,1,0,6,91.6,7.9,31.1,264800.02,1372.07,53.33,0.242,9.8,12,1,1,44.5,1
36,36,106,0.35,16,1,4,18.5,7.5,65.16,115724.49,622.74,70.68,0.347,12.9,25,0,0,5.5,1
32,30,1175,0.404,10,1,4,6.3,7.5,32.35,242979.36,4654.29,71.11,0.173,14.2,6,0,0,55.5,1
19,17,921,0.475,8,3,8,44.9,3.4,91.15,127812.44,5348.98,31.86,0.327,9.4,25,0,1,47.2,1
33,4,826,0.186,8,2,5,7.5,2.5,6.32,231644.48,3688.33,39.4,0.361,14.8,5,1,1,25.8,1
3,77,869,0.092,18,10,5,46.3,0.4,84.95,480601.18,4837.83,73.64,0.415,6.8,21,1,0,77.2,1
6,42,630,0.381,7,1,6,15.2,4.5,27.14,460796.34,8862.25,56.38,0.027,8.3,30,0,1,83.4,1
44,19,1066,0.08,10,1,7,79.9,1.4,80.61,104637.5,8453.09,38.27,0.042,12.1,23,1,1,46.1,1
10,29,993,0.114,28,8,0,9.3,1.0,40.31,309531.11,4357.44,24.92,0.274,18.9,23,0,1,7.9,1
50,79,594,0.441,6,7,3,43.9,7.0,73.76,294558.35,1648.0,78.01,0.417,0.2,28,1,0,19.3,1
30,75,1390,0.247,11,8,4,74.7,4.3,19.69,214768.15,1167.26,43.76,0.497,10.4,22,0,1,6.2,1
4,55,1278,0.397,11,6,4,77.5,3.2,70.04,73639.43,7589.66,25.47,0.24,18.4,14,1,0,13.6,1
40,48,643,0.366,19,6,4,54.5,2.0,14.79,390478.83,644.12,91.32,0.096,6.1,12,1,1,63.6,1
7,48,1446,0.498,8,8,6,67.3,2.6,50.89,218703.44,1359.93,28.3,0.432,8.6,20,0,0,68.3,1
29,76,390,0.237,27,8,1,53.8,4.1,77.93,161422.0,1343.38,31.18,0.082,1.8,18,0,1,88.4,1
32,36,1053,0.448,9,0,7,34.6,3.2,16.27,82157.85,5781.57,46.2,0.358,14.5,18,1,1,94.4,1
3,53,1115,0.263,9,10,3,74.1,5.5,57.48,194057.27,2037.17,45.8,0.235,3.8,15,0,1,66.7,1
8,61,1614,0.096,14,5,7,43.1,4.4,47.69,351308.85,2671.41,20.72,0.275,10.0,27,0,0,31.7,1
36,12,983,0.234,19,0,3,39.5,7.8,9.17,148834.99,8893.04,41.41,0.136,16.6,23,1,1,73.6,1
48,32,1325,0.444,22,7,1,58.6,4.8,31.63,451041.62,6939.45,18.59,0.08,0.1,30,1,0,26.0,1
38,3,1398,0.137,30,9,2,13.5,7.8,97.89,390319.08,1536.2,40.66,0.012,13.1,30,1,1,20.7,1
7,58,1073,0.098,29,3,7,78.3,6.3,59.92,261505.2,7708.99,37.59,0.356,1.3,17,1,0,97.3,1
39,69,1554,0.39,30,3,4,53.2,1.2,83.02,384359.05,6563.77,57.82,0.118,18.2,6,1,0,13.3,1
44,0,1415,0.214,15,1,1,42.8,5.9,32.72,72827.16,9028.66,46.03,0.261,15.3,7,1,0,76.4,1
42,29,351,0.242,2,9,5,47.6,4.1,67.1,349188.5,4932.93,53.2,0.499,9.1,18,0,0,57.4,1
23,35,677,0.314,17,1,0,52.0,2.2,31.1,18157.29,2629.44,85.35,0.287,0.7,15,0,0,24.8,1
14,33,397,0.385,27,5,0,34.3,2.6,44.15,263358.4,5735.09,78.09,0.12,13.5,10,1,0,95.2,1
18,14,374,0.174,17,9,5,7.9,6.0,36.62,127736.75,2469.36,53.19,0.374,0.6,17,0,1,27.4,1
48,73,532,0.289,28,1,0,65.7,1.4,75.2,442983.06,8750.11,32.48,0.184,16.9,1,0,0,33.9,1
10,4,160,0.259,15,4,6,79.5,2.7,41.41,55829.5,7791.28,53.2,0.165,8.2,0,1,1,57.2,1
5,78,851,0.121,15,5,6,12.0,2.0,40.08,409658.13,5284.41,91.66,0.24,0.4,9,1,0,36.7,1
3,71,1331,0.344,5,5,3,81.5,3.3,78.37,376429.11,4188.27,51.93,0.341,2.0,5,1,1,41.9,1
1,6,1854,0.034,11,7,6,30.2,1.5,36.13,282776.14,5805.2,56.9,0.429,6.2,16,0,0,81.9,1
47,50,288,0.01,26,6,1,3.9,4.3,59.04,331251.97,8194.12,87.34,0.1,17.2,21,0,0,19.4,1
47,50,1731,0.326,28,6,7,5.0,4.3,3.39,65638.65,237.3,90.35,0.256,0.7,15,1,0,83.5,1
46,18,1617,0.263,2,7,1,49.9,5.7,69.99,250278.54,9832.27,27.64,0.401,0.1,8,0,0,5.9,1
5,19,1479,0.141,10,0,1,4.5,4.9,17.23,76579.12,3903.91,55.82,0.323,9.3,27,0,0,61.2,1
21,0,824,0.226,5,10,6,92.2,0.7,66.6,258418.59,187.86,50.97,0.212,0.1,1,1,1,9.1,1
11,69,957,0.492,19,7,6,75.6,1.0,73.7,128123.21,2024.5,82.95,0.01,15.6,4,1,0,13.2,1
41,45,59,0.1,4,0,0,49.9,6.3,27.05,409804.93,9555.58,16.87,0.207,7.4,14,0,1,74.9,1
24,38,277,0.353,11,8,8,85.0,2.0,47.72,402307.77,1371.03,92.32,0.075,16.1,8,1,0,53.3,1
17,28,1311,0.213,22,5,1,52.9,1.2,62.29,121427.27,6147.73,88.5,0.083,5.3,1,0,1,4.7,1
19,56,1936,0.208,28,1,0,41.0,6.5,36.76,431390.47,7716.65,73.14,0.069,13.6,25,0,0,87.1,1
19,41,936,0.408,4,5,1,58.5,2.2,52.72,83402.95,3620.86,24.21,0.212,10.7,22,0,1,86.4,1
2,32,524,0.25,6,6,0,99.5,2.4,56.16,179436.16,9440.22,20.46,0.092,6.6,24,1,1,95.9,1
42,72,1363,0.32,2,9,0,84.6,0.1,53.13,494445.43,8476.28,55.88,0.487,6.6,10,0,1,88.6,1
32,59,850,0.469,3,3,4,85.8,2.8,94.32,25724.66,6115.04,69.91,0.183,11.0,2,1,0,64.6,1
35,75,1826,0.299,2,8,6,43.4,6.7,66.28,4403.93,8889.19,47.15,0.305,18.7,2,0,0,60.4,1
46,50,597,0.089,29,8,3,5.6,0.7,86.46,96394.28,2262.48,76.86,0.297,17.6,11,1,0,86.4,1
34,72,1981,0.218,4,4,5,11.5,2.4,58.51,479293.77,6564.01,67.75,0.072,3.2,0,0,1,53.0,1
6,20,1482,0.258,19,8,2,22.9,5.8,48.67,388225.82,3588.91,31.92,0.369,0.1,3,0,1,11.2,1
29,17,1717,0.058,23,0,8,34.6,7.0,95.88,120981.91,2262.79,40.91,0.062,17.2,23,1,0,8.8,1
5,19,1072,0.211,4,1,4,3.2,6.5,98.55,464265.53,3178.69,45.28,0.24,3.2,9,1,1,88.2,1
9,23,754,0.198,23,9,8,13.4,5.6,38.89,343972.14,3126.34,34.51,0.232,15.9,12,1,1,15.6,1
27,77,1944,0.424,29,6,1,73.9,5.7,51.57,308811.0,708.52,40.25,0.458,10.9,23,0,1,98.7,1
39,25,1034,0.034,28,9,1,48.9,6.1,29.18,312798.83,6956.4,84.1,0.202,6.1,21,1,1,50.4,1
5,17,1456,0.195,27,1,6,34.7,2.2,72.91,394698.58,3035.56,24.19,0.255,3.0,26,0,1,90.3,1
29,50,1559,0.327,24,2,6,8.1,3.4,75.93,425654.76,8773.12,11.89,0.213,2.9,13,1,0,75.1,1
1,18,1332,0.108,24,2,0,66.9,0.0,32.96,476853.39,6574.39,39.7,0.199,17.9,8,1,1,89.6,1
45,45,438,0.014,23,5,2,18.7,5.6,62.43,481440.26,3813.89,40.57,0.003,14.2,12,1,0,64.3,1
14,51,1081,0.307,10,1,3,35.5,0.5,69.4,213774.7,561.55,68.87,0.266,8.3,29,0,0,60.2,1
1,76,1819,0.005,13,8,7,64.0,1.0,85.97,250789.58,928.53,16.58,0.289,16.0,11,0,1,80.7,1
23,69,998,0.271,11,0,2,39.0,1.0,18.44,318372.35,3232.51,70.67,0.06,0.1,3,0,1,97.1,1
4,3,1176,0.075,12,7,0,40.6,1.2,76.85,250984.94,7749.97,78.98,0.278,11.6,5,0,0,4.7,1
35,34,1548,0.324,11,4,8,3.7,0.5,67.47,443564.07,221.93,30.54,0.4,14.6,7,1,1,7.5,1
13,38,412,0.024,5,7,7,6.5,1.9,5.62,140250.99,256.2,53.38,0.098,12.5,13,1,1,9.3,1
10,32,1586,0.424,11,6,0,11.5,1.9,38.49,448199.99,6721.26,89.27,0.291,17.5,8,1,0,81.1,1
8,66,644,0.377,26,2,6,38.4,2.8,73.45,351018.21,6943.97,44.15,0.341,2.6,23,1,0,30.8,1
18,51,990,0.081,10,5,4,23.0,6.0,90.02,495820.05,5590.68,29.94,0.303,18.1,18,0,1,98.6,1
5,48,1925,0.389,11,2,4,28.3,0.8,84.85,114021.75,2146.8,57.13,0.4,0.9,5,1,1,87.3,1
4,79,867,0.006,21,7,3,86.5,4.9,69.31,442469.44,883.37,54.91,0.047,5.7,5,0,0,85.0,1
4,5,381,0.028,22,5,6,76.6,2.6,52.77,271934.56,331.57,10.64,0.285,3.0,29,0,1,67.2,1
1,63,1948,0.434,29,1,7,73.5,2.4,18.4,81682.75,7291.68,82.68,0.28,6.7,14,0,0,69.9,1
43,50,638,0.146,17,10,1,45.4,4.6,70.48,275751.27,2925.95,20.78,0.171,0.3,26,0,0,19.4,1
46,72,574,0.006,28,1,5,73.3,0.1,6.31,75609.07,584.0,17.09,0.2,16.7,13,1,1,17.7,1
49,18,427,0.029,28,3,4,87.6,4.5,94.64,64579.51,2469.89,84.45,0.204,4.9,13,0,0,32.5,1
3,45,1749,0.087,22,0,3,52.5,1.8,65.6,51891.2,5393.56,57.66,0.182,6.4,14,1,1,58.1,1
34,27,1287,0.21,8,7,8,20.7,4.9,40.93,64064.56,2823.43,71.75,0.311,3.4,2,0,1,68.0,1
2,78,586,0.393,24,8,8,74.5,2.4,48.17,103006.8,2072.05,91.26,0.478,4.2,12,0,1,46.6,1
44,48,1562,0.238,1,3,2,24.8,7.1,61.91,457865.89,9473.1,32.84,0.068,6.1,1,1,1,46.9,1
13,56,1798,0.414,17,5,1,26.6,1.8,49.33,213729.28,7359.16,44.7,0.404,6.3,9,1,1,71.4,1
5,12,733,0.165,1,7,7,4.2,0.5,7.77,181269.65,9598.76,24.13,0.021,4.3,28,1,1,78.1,1
37,56,751,0.365,6,2,8,46.2,3.9,30.38,175354.22,6672.17,82.47,0.38,7.1,18,0,1,76.3,1
37,62,88,0.438,24,4,6,97.9,6.8,79.42,255392.38,3164.96,19.15,0.081,18.7,9,0,0,59.2,1
8,67,1020,0.187,19,10,3,18.9,2.7,61.82,27770.02,5326.15,58.09,0.337,6.7,4,0,0,29.6,1
45,59,1142,0.38,7,7,1,15.1,4.1,78.07,425492.6,6996.45,86.97,0.072,12.4,29,1,1,85.1,1
26,79,185,0.485,5,5,2,54.0,4.5,83.75,170575.22,9045.93,13.83,0.1,2.8,2,1,0,7.9,1
40,45,596,0.202,22,2,5,23.5,2.2,90.13,205634.46,2415.75,84.55,0.187,8.4,26,0,1,86.8,1
33,68,641,0.199,16,5,3,21.7,2.7,67.36,299899.51,8987.48,82.31,0.177,11.4,23,0,1,75.6,1
4,34,1002,0.348,24,4,4,48.3,4.4,28.54,339159.51,2665.09,63.74,0.435,18.9,29,0,0,97.4,1
31,39,1562,0.303,4,3,1,48.1,3.8,79.39,40928.47,4974.57,52.9,0.241,5.4,20,1,0,81.4,1
16,28,1174,0.243,30,7,8,43.4,7.0,69.16,204728.86,4940.55,78.51,0.348,17.3,13,0,0,45.0,1
13,6,1735,0.001,16,4,1,14.9,2.8,64.5,41156.39,8002.13,38.73,0.026,7.1,7,0,1,38.8,1
26,50,547,0.266,17,1,0,82.9,2.1,95.67,97578.84,1189.89,49.92,0.039,11.6,24,0,1,24.2,1
33,34,1929,0.241,15,7,3,3.4,0.4,44.66,165631.98,7963.12,61.35,0.434,1.0,28,1,0,91.6,1
37,18,1515,0.418,16,9,6,39.3,0.9,3.9,211445.87,2629.19,36.82,0.473,16.7,3,0,0,30.2,1
4,71,841,0.11,1,10,0,18.1,0.9,16.32,463691.07,3914.85,15.57,0.379,5.3,3,1,1,27.2,1
39,43,1106,0.228,19,5,4,75.9,3.2,84.93,99328.68,2056.35,96.53,0.176,10.5,3,1,1,96.8,1
49,74,418,0.2,1,2,0,46.4,1.1,40.19,22646.41,7963.62,92.72,0.335,3.6,19,1,1,55.0,1
24,16,331,0.335,17,0,7,66.6,1.4,1.07,449073.56,8951.81,70.94,0.108,17.9,5,1,0,15.7,1
1,36,1908,0.308,12,3,0,97.6,0.1,71.56,321709.7,695.12,84.89,0.411,0.7,10,0,0,30.2,1
14,23,617,0.304,20,6,5,65.3,2.6,55.09,246689.63,1659.76,28.46,0.078,12.0,3,0,1,7.6,1
44,65,149,0.252,11,0,6,90.9,6.6,75.62,410138.18,7864.55,39.04,0.268,6.5,12,1,1,69.8,1
8,58,190,0.033,8,4,8,17.8,6.3,85.11,107908.89,292.66,88.11,0.476,8.1,29,1,1,95.8,1
39,58,835,0.147,1,4,6,22.0,8.0,11.74,3773.41,750.33,14.65,0.338,16.3,23,1,0,25.5,1
47,5,1291,0.164,18,7,3,7.3,3.9,72.38,137453.34,1403.09,32.39,0.002,9.1,1,0,1,86.2,1
4,46,1295,0.226,9,5,3,92.0,7.8,41.07,97794.67,6295.79,14.75,0.468,9.4,25,0,1,53.3,1
36,57,656,0.201,6,0,0,10.6,2.5,65.52,126036.3,303.14,50.33,0.493,13.1,22,1,1,18.6,1
23,29,221,0.008,6,5,2,47.7,0.0,3.46,111599.37,4213.28,83.07,0.367,14.2,15,1,1,58.3,1
19,59,1958,0.231,21,6,0,69.7,2.4,48.2,315844.93,3167.43,23.67,0.494,3.6,15,0,0,13.8,1
45,77,608,0.429,1,8,6,34.6,6.0,50.25,337144.42,5460.6,16.21,0.212,1.8,27,0,1,73.4,1
47,16,1516,0.442,3,3,4,92.5,1.1,96.81,240585.93,5583.72,76.26,0.126,0.8,14,1,0,96.5,1
6,15,170,0.128,11,6,5,9.4,7.0,39.44,414523.31,9144.11,56.71,0.295,13.0,16,1,0,13.4,1
36,59,896,0.177,3,5,1,74.1,7.3,35.29,428083.04,5710.22,15.6,0.119,11.7,0,0,1,78.0,1
25,48,474,0.051,3,1,5,38.7,0.7,48.01,345743.05,1644.05,72.16,0.42,9.9,27,0,1,22.6,1
46,59,1572,0.332,8,6,8,93.6,8.0,93.1,122582.38,6211.54,57.64,0.407,4.5,28,0,0,82.7,1
21,29,1405,0.448,22,7,0,16.4,2.0,30.06,482931.88,2995.48,12.48,0.271,11.9,29,0,1,66.5,1
45,80,902,0.093,14,0,2,97.5,1.5,16.41,110526.88,4788.26,92.01,0.498,8.3,4,1,0,41.2,1
41,74,1677,0.203,14,3,3,33.4,7.2,19.6,76648.6,606.44,65.72,0.096,9.2,30,1,0,14.2,1
29,32,420,0.451,24,4,6,95.3,5.8,24.72,476795.24,5261.04,10.98,0.468,1.4,21,1,1,45.4,1
33,72,967,0.284,11,9,6,69.3,3.4,9.79,316218.39,1897.46,56.93,0.067,12.6,3,0,0,84.0,1
30,49,1169,0.283,29,5,4,52.0,4.1,71.96,464079.44,4496.98,43.16,0.044,3.9,16,1,1,75.8,1
28,41,1127,0.35,4,8,4,45.1,5.0,21.76,487724.76,3487.14,18.16,0.23,1.8,16,1,0,75.2,1
12,48,1953,0.355,11,10,3,11.5,0.6,28.82,17744.79,4373.53,81.6,0.139,5.8,1,1,1,93.2,1
43,66,1375,0.469,21,1,6,9.9,0.9,14.69,269332.72,5670.95,46.9,0.028,16.0,26,1,0,13.2,1
50,55,1929,0.264,27,7,3,22.5,0.1,43.75,383845.59,7400.58,82.68,0.455,1.2,11,1,1,88.5,1
34,57,10,0.1,27,6,1,83.4,3.3,12.01,335645.66,1216.22,26.3,0.076,12.1,3,0,0,41.4,1
21,19,68,0.471,24,3,7,23.9,1.1,2.79,106531.73,4509.8,65.94,0.499,5.4,1,0,0,11.8,1
11,52,562,0.018,25,5,5,66.8,0.6,7.05,219533.98,3083.13,69.88,0.282,19.3,20,1,1,2.5,1
50,27,1801,0.149,8,4,4,65.4,7.8,82.0,130387.9,5002.69,68.08,0.43,7.1,14,1,0,71.8,1
37,58,1762,0.184,18,8,8,54.9,6.3,53.8,242255.83,9147.59,85.49,0.04,8.4,29,0,1,13.3,1
19,78,513,0.163,27,5,2,50.4,4.6,91.93,308961.23,5048.0,56.44,0.442,5.5,13,0,0,90.5,1
34,5,1138,0.457,6,3,0,13.2,1.9,51.76,114144.72,5808.75,21.27,0.411,6.9,15,1,0,15.3,1
35,6,171,0.042,6,3,0,88.2,3.5,32.85,405727.99,3620.2,18.73,0.41,16.8,14,1,0,4.4,1
5,64,1231,0.107,30,6,8,31.0,4.4,40.9,21850.94,2239.86,12.42,0.035,12.4,26,0,0,76.8,1
23,25,1379,0.461,15,1,2,12.6,4.7,42.04,196968.56,8959.26,99.64,0.31,14.5,1,0,1,90.2,1
27,68,1275,0.358,15,4,3,58.9,3.2,49.68,312790.86,610.42,34.54,0.284,18.5,11,1,0,57.3,1
6,43,230,0.495,27,7,2,91.0,3.9,78.55,61599.96,9662.33,55.55,0.285,10.9,6,0,1,49.5,1
12,14,378,0.114,24,1,4,82.1,7.0,28.39,479807.48,7140.04,48.86,0.211,14.9,5,1,0,73.7,1
2,36,1337,0.036,6,4,1,31.6,5.6,19.69,38410.94,3465.29,41.56,0.232,9.8,25,1,0,6.3,1
26,53,574,0.098,7,3,7,97.5,6.6,91.34,43973.52,1648.06,74.02,0.291,9.7,5,0,0,58.1,1
12,33,1350,0.233,5,1,7,25.9,6.0,12.56,362629.26,1217.34,99.54,0.216,2.3,1,1,0,35.0,1
28,10,1274,0.3,20,8,7,66.4,1.6,59.22,279263.2,4169.31,28.23,0.468,16.4,3,1,0,83.1,1
44,1,1065,0.496,21,9,5,88.2,2.0,93.21,36775.54,4465.44,41.01,0.023,7.7,21,1,1,28.2,1
13,0,1178,0.481,23,2,2,74.4,5.6,52.48,396110.56,6404.11,47.11,0.451,13.9,23,0,1,32.6,1
30,61,28,0.464,3,6,7,79.1,0.6,15.78,196512.57,8417.49,33.2,0.459,12.0,2,0,0,99.4,1
4,60,476,0.332,19,7,4,19.3,1.6,79.35,430768.54,1079.45,19.96,0.253,15.5,20,0,0,66.7,1
27,0,841,0.074,2,2,5,72.7,7.1,66.48,216786.03,5468.07,32.54,0.03,19.5,26,0,1,43.3,1
5,62,68,0.176,7,10,0,32.1,1.6,79.26,426215.02,5245.18,98.83,0.429,0.1,24,0,0,63.0,1
2,12,1703,0.298,24,5,6,57.6,5.4,65.12,123977.55,1063.58,93.54,0.23,11.7,20,0,1,7.1,1
14,38,1665,0.497,21,6,2,48.0,6.4,92.62,258652.86,8703.32,82.28,0.284,5.1,30,0,0,16.9,1
13,52,192,0.049,21,3,5,11.6,2.1,40.04,436968.44,9029.35,37.83,0.06,7.2,13,1,1,8.5,1
28,50,1968,0.218,11,0,8,12.1,4.4,76.22,109812.51,2160.71,12.18,0.135,10.1,7,0,0,21.8,1
46,80,275,0.405,12,7,1,15.2,5.0,20.5,137335.92,2018.26,99.74,0.454,12.5,6,0,0,54.5,1
31,79,762,0.196,17,4,3,23.7,4.6,26.61,357732.19,2848.03,89.28,0.357,18.1,10,1,0,31.9,1
36,71,37,0.232,18,2,1,58.7,0.9,19.88,232817.61,2749.6,74.94,0.08,18.7,26,0,0,23.3,1
44,39,1343,0.318,10,3,4,87.7,7.4,18.45,334961.87,7593.92,32.86,0.154,1.6,23,0,1,63.5,1
17,68,1311,0.44,10,6,0,65.7,0.6,51.05,178445.63,7928.12,18.87,0.05,16.2,9,0,0,95.4,1
44,39,1647,0.209,11,6,4,75.5,2.8,7.59,448457.95,1766.27,90.33,0.225,18.3,14,0,0,8.0,1
19,31,1259,0.211,20,9,2,40.7,4.1,82.06,203435.89,6242.87,83.99,0.184,16.5,2,1,1,36.7,1
10,6,1314,0.06,18,9,5,75.5,0.5,44.82,335594.55,961.04,64.77,0.255,20.0,30,0,0,17.2,1
6,6,1128,0.352,22,7,7,65.4,5.2,14.0,167931.07,9759.23,31.14,0.398,19.2,10,0,1,53.2,1
44,34,187,0.428,25,3,7,31.5,5.8,8.9,167586.2,2279.52,27.94,0.426,11.3,21,1,1,73.9,1
47,15,1275,0.367,7,6,3,19.8,7.6,98.44,409589.95,634.78,80.28,0.432,9.3,8,0,1,2.5,1
2,35,247,0.249,4,7,7,43.9,3.0,79.89,292549.99,4500.64,17.49,0.335,7.9,10,0,1,63.0,1
27,42,1167,0.438,7,0,7,79.3,7.4,38.99,16353.0,6370.8,75.3,0.356,8.0,0,1,1,45.1,1
5,50,883,0.029,4,6,8,26.9,2.2,86.03,404299.5,1149.71,48.15,0.268,7.2,12,1,0,55.3,1
24,21,533,0.369,5,7,3,21.1,1.9,78.12,162507.29,8074.45,58.0,0.202,18.5,11,0,0,24.4,1
5,53,10,0.088,18,10,3,84.2,6.9,18.66,179541.22,6664.73,96.2,0.004,0.8,28,1,0,73.4,1
26,34,1150,0.26,24,4,8,4.7,6.5,54.75,315228.44,6028.09,17.82,0.158,6.7,7,1,1,44.7,1
33,54,1285,0.12,14,1,7,24.3,7.4,43.28,371232.92,367.69,98.63,0.077,8.9,6,0,0,49.6,1
19,49,1408,0.253,30,2,4,16.9,1.6,8.75,391506.21,1679.32,39.4,0.083,19.9,11,0,0,31.1,1
48,16,558,0.253,25,3,1,49.2,3.0,17.98,189207.6,3647.45,54.02,0.499,18.8,16,0,0,7.4,1
23,53,148,0.282,5,8,2,22.3,2.7,86.26,17082.08,7129.6,69.22,0.428,16.9,22,1,0,50.0,1
8,56,1041,0.289,15,4,6,73.1,8.0,45.28,349354.32,7503.8,99.51,0.363,9.2,10,1,0,18.1,1
22,61,1786,0.273,22,2,5,85.4,5.9,52.79,360000.97,183.76,74.8,0.079,10.3,9,0,1,82.3,1
4,18,1767,0.028,5,5,8,71.2,4.0,5.85,373619.54,1286.1,93.94,0.014,3.8,7,0,0,51.3,1
35,62,1099,0.135,4,5,7,80.2,2.6,75.3,59987.98,3417.4,87.71,0.474,3.7,14,1,1,14.1,1
30,59,1925,0.145,25,2,1,40.0,5.0,75.51,431849.71,9551.87,54.95,0.213,14.2,29,1,1,71.8,1
4,24,1931,0.09,2,1,0,50.7,0.1,68.18,226931.26,7449.64,11.01,0.048,14.1,25,1,0,96.5,1
16,15,220,0.311,29,6,7,27.7,5.8,40.03,417418.26,4268.78,73.66,0.011,12.8,5,1,1,14.1,1
29,13,1518,0.051,8,7,8,5.6,7.8,58.3,306461.57,3462.6,50.68,0.353,17.2,2,0,1,99.3,1
2,80,393,0.375,19,3,1,81.3,0.4,87.49,329237.45,9123.41,80.3,0.06,6.9,2,1,0,23.2,1
3,76,348,0.058,19,8,3,64.1,4.5,86.67,317350.42,912.86,48.69,0.167,10.8,18,1,0,86.2,1
30,71,166,0.251,9,2,0,68.3,7.6,35.81,382182.65,1827.39,75.14,0.083,11.9,30,0,1,78.0,1
16,54,1861,0.133,20,7,4,83.1,2.0,23.99,252837.49,7715.42,99.32,0.498,13.2,26,1,0,54.3,1
49,79,1558,0.19,26,9,0,15.1,5.1,65.81,197004.36,7454.58,71.75,0.306,6.7,28,0,1,98.4,1
9,0,1858,0.416,10,3,3,25.9,1.7,99.11,23887.38,3394.06,39.67,0.216,17.2,6,0,0,10.3,1
18,25,1062,0.24,4,6,4,56.7,5.0,68.31,71738.31,836.34,81.99,0.273,17.9,3,0,1,79.9,1
33,39,1285,0.112,11,4,5,27.7,7.0,98.91,13535.24,5616.98,30.23,0.234,15.5,27,0,1,35.1,1
13,49,1877,0.499,16,8,7,91.0,0.3,96.43,362680.0,2087.55,97.24,0.37,5.4,3,1,1,4.7,1
16,39,203,0.429,8,10,8,49.2,2.7,28.95,94825.31,2836.14,44.81,0.154,17.0,10,0,1,2.4,1
10,24,454,0.093,5,0,2,3.2,5.2,42.62,732.43,5302.18,25.26,0.366,5.1,2,0,1,72.6,1
23,33,1859,0.151,19,0,3,24.6,3.7,9.48,446370.97,8527.78,22.05,0.456,18.5,21,0,1,33.6,1
13,57,1822,0.267,23,7,8,70.0,1.8,70.52,291629.93,9154.43,65.21,0.282,5.6,11,0,1,56.8,1
42,56,1837,0.496,15,10,1,84.1,0.8,21.8,189168.21,1294.43,49.79,0.361,9.8,0,1,1,54.3,1
45,17,451,0.014,22,0,7,38.3,5.4,58.7,240474.76,8170.87,15.0,0.483,5.6,8,0,0,84.4,1
4,70,1732,0.284,23,1,2,76.2,7.3,15.82,448695.1,4829.17,33.75,0.492,9.5,16,1,1,4.0,1
3,4,1902,0.101,29,9,3,89.1,2.1,14.51,427734.82,3808.71,17.07,0.17,13.7,11,0,0,52.7,1
24,77,32,0.138,29,4,0,67.2,2.7,63.69,296516.39,6921.75,80.65,0.186,11.5,14,1,0,11.3,1
48,44,1046,0.235,27,3,5,31.3,0.2,56.99,278724.82,3215.66,30.87,0.117,12.1,24,0,1,29.8,1
32,32,382,0.091,12,8,1,98.4,6.4,35.35,119734.65,481.84,21.39,0.289,2.0,0,1,1,98.4,1
49,5,1619,0.099,11,6,8,85.4,7.9,30.41,423567.74,6267.79,51.33,0.153,2.4,7,0,0,32.8,1
16,26,206,0.413,27,1,4,81.6,1.9,88.17,161597.14,9170.6,88.78,0.42,5.8,3,1,0,24.3,1
12,80,896,0.226,21,2,6,15.4,0.5,13.42,425020.66,2098.65,71.75,0.268,0.4,9,1,0,94.4,1
46,42,633,0.012,22,2,3,76.9,1.3,98.91,137544.57,3391.83,40.84,0.056,0.8,30,1,0,97.0,1
46,48,1864,0.053,26,6,3,60.6,5.9,20.0,363570.7,1477.59,95.29,0.361,10.8,13,1,0,34.6,1
30,60,1940,0.452,22,9,4,40.2,4.4,78.61,89924.96,9554.45,89.88,0.374,10.0,25,1,0,88.1,1
15,42,1056,0.162,28,3,5,61.4,6.0,69.27,49485.86,9760.11,48.25,0.161,18.0,18,0,0,81.8,1
37,47,1628,0.089,25,5,0,24.1,2.7,99.12,104356.36,7954.78,58.67,0.135,16.0,26,1,0,17.6,1
44,11,1812,0.118,30,4,5,53.0,7.0,92.46,263598.43,9909.2,84.29,0.345,18.8,14,0,0,66.5,1
1,37,520,0.192,21,4,5,10.2,8.0,93.13,39422.76,5318.52,34.08,0.408,19.8,23,1,1,73.7,1
45,9,1621,0.051,8,10,6,58.4,1.6,81.32,104540.05,8605.12,37.53,0.384,15.9,0,1,1,58.0,1
8,62,1686,0.149,21,8,7,54.5,6.1,32.87,167621.44,9761.49,48.0,0.423,16.1,8,0,1,2.3,1
43,50,1361,0.292,4,2,8,68.8,0.4,86.41,310918.3,2314.89,39.85,0.167,8.4,24,1,0,4.2,1
22,44,1769,0.273,12,9,7,67.2,2.9,65.3,210223.42,5908.93,17.19,0.089,18.5,23,0,1,89.8,1
10,16,918,0.27,21,1,2,80.8,1.5,73.6,7858.86,3675.02,55.93,0.213,12.3,28,1,1,3.5,1
45,72,784,0.147,5,6,0,46.4,4.2,70.93,377491.61,7955.71,27.32,0.297,7.1,27,0,1,4.0,1
34,75,284,0.321,14,3,1,40.0,6.1,22.7,183412.38,8027.75,60.76,0.29,19.4,15,0,0,50.9,1
48,33,1394,0.167,28,6,4,61.2,4.0,93.64,210597.89,888.82,87.39,0.226,2.9,0,0,1,52.1,1
26,29,1229,0.303,18,0,6,26.1,6.6,65.75,178444.19,5746.56,86.93,0.152,9.9,30,1,0,82.6,1
25,55,1529,0.218,18,10,0,73.7,2.2,60.27,50385.19,8134.64,31.1,0.41,16.3,16,1,0,67.5,1
23,78,1343,0.354,27,0,7,58.8,3.5,37.72,93527.11,5339.47,28.78,0.177,1.0,14,1,1,79.0,1
31,65,278,0.053,1,1,0,13.7,4.2,61.66,135180.96,2994.0,78.98,0.132,11.7,24,0,1,68.8,1
26,22,1363,0.35,9,9,0,75.4,7.0,4.2,38523.2,7579.84,96.2,0.399,13.7,13,1,0,72.4,1
47,57,1601,0.414,20,8,0,31.5,4.0,87.02,87200.6,2983.55,46.65,0.231,1.7,4,1,0,18.8,1
34,14,916,0.29,20,5,3,31.1,0.1,13.37,262727.1,7569.03,94.91,0.09,19.8,26,1,1,53.1,1
16,47,231,0.102,19,8,2,83.7,3.0,22.39,126985.69,8905.45,30.46,0.21,16.5,25,0,1,5.6,1
49,74,1903,0.488,22,2,0,59.8,3.3,67.9,434418.22,2134.54,57.0,0.47,1.2,2,1,0,69.9,1
27,67,479,0.28,2,6,2,53.7,1.6,81.08,272338.23,7272.41,42.63,0.245,16.3,24,1,1,82.3,1
41,35,1871,0.131,17,4,6,38.4,0.6,10.8,389288.94,964.31,72.1,0.334,7.8,30,0,0,88.6,1
50,14,1362,0.417,16,10,4,4.2,5.5,76.02,217224.95,867.78,65.48,0.376,4.1,27,0,0,76.5,1
17,61,622,0.101,11,6,7,12.7,4.0,56.79,216134.52,9409.67,65.14,0.081,12.7,26,0,0,38.0,1
36,43,831,0.499,11,8,4,37.0,1.8,32.34,289134.76,5664.21,14.02,0.49,12.3,13,1,1,47.5,1
18,17,1181,0.466,11,0,7,35.6,1.9,57.99,488024.82,1166.41,35.82,0.302,3.8,30,0,0,11.9,1
15,49,363,0.288,15,3,6,9.6,3.2,9.22,313004.88,751.99,99.51,0.055,19.7,11,0,0,3.2,1
35,8,47,0.414,12,9,0,9.2,0.4,28.73,489769.42,3956.92,48.02,0.277,7.3,7,0,1,3.6,1
8,5,231,0.464,28,2,4,36.6,6.5,3.1,403203.05,573.94,80.74,0.099,16.6,23,0,1,30.1,1
26,65,87,0.04,17,6,1,98.6,4.1,15.39,285782.1,8563.25,67.53,0.018,0.7,17,1,1,10.4,1
13,67,1019,0.27,20,6,7,94.4,2.6,94.85,8569.72,6634.33,20.13,0.231,3.4,10,1,0,75.8,1
28,21,1470,0.392,16,9,5,69.5,7.7,37.99,131245.93,8831.14,46.3,0.155,3.2,19,1,0,86.3,1
31,20,305,0.179,23,1,4,17.8,4.2,37.46,458360.58,3801.44,80.01,0.198,18.6,12,1,0,33.9,1
47,15,1894,0.298,5,7,8,63.6,2.2,99.38,170067.95,750.0,53.92,0.274,18.5,24,1,0,20.6,1
3,10,954,0.15,10,1,3,79.8,2.8,50.19,191577.67,3788.41,98.92,0.263,0.7,8,1,0,0.0,1
37,42,1631,0.368,21,0,7,39.0,1.9,85.75,179276.38,8727.61,52.8,0.353,1.3,0,0,0,3.9,1
36,8,571,0.483,9,1,3,4.3,2.8,5.05,90501.07,5893.95,47.78,0.221,13.2,4,0,0,3.5,1
29,65,379,0.312,15,9,0,51.3,2.5,74.01,74567.45,6697.99,51.04,0.368,6.2,30,0,0,66.5,1
24,78,1859,0.283,23,6,4,16.5,1.1,1.84,396825.35,5812.51,12.2,0.455,12.0,9,1,1,29.4,1
23,20,309,0.496,14,9,1,24.8,4.6,67.89,94805.62,8955.81,83.77,0.224,19.8,29,0,1,19.8,1
6,5,353,0.31,22,9,7,73.4,0.0,19.32,182474.98,5482.64,95.9,0.259,3.1,6,0,0,45.7,1
22,6,463,0.186,5,10,8,38.5,1.0,32.39,412286.0,5981.21,13.59,0.054,14.9,3,1,1,7.8,1
26,62,268,0.215,10,5,8,5.9,1.5,81.72,368553.61,6376.92,57.46,0.105,16.5,10,1,0,20.4,1
18,28,298,0.015,4,4,2,25.1,1.4,16.29,71893.0,3345.95,88.37,0.09,3.2,24,0,1,43.4,1
37,17,1146,0.068,16,4,3,37.1,2.6,43.54,259973.98,1180.31,80.45,0.486,16.5,22,0,0,38.6,1
28,43,1336,0.112,19,10,4,91.8,1.3,52.54,82697.61,3145.44,56.86,0.157,13.1,13,0,1,93.8,1
25,27,1717,0.211,4,2,6,77.2,4.2,76.65,363850.19,3359.97,13.42,0.352,2.7,9,0,0,43.3,1
37,72,1595,0.193,3,2,0,75.0,4.4,62.2,447074.4,7373.2,65.8,0.455,6.3,10,0,1,92.8,1
22,74,992,0.263,29,4,7,47.3,5.4,30.81,281928.85,1907.56,85.38,0.079,18.4,9,0,0,64.9,1
33,80,192,0.309,20,0,3,83.2,1.5,48.46,393347.3,2337.65,46.75,0.452,17.6,16,0,0,46.9,1
22,4,1161,0.436,3,5,2,85.1,1.3,24.58,153483.26,4427.07,83.13,0.447,7.6,11,0,1,5.4,1
4,62,25,0.448,1,9,1,80.5,0.3,78.0,302558.95,1346.04,72.35,0.008,2.5,13,1,0,75.8,1
30,76,1796,0.164,25,8,6,50.3,5.0,54.1,497425.54,8507.57,61.19,0.168,13.7,12,1,1,73.3,1
6,58,271,0.391,8,4,6,78.4,2.4,78.64,177999.23,1125.91,45.38,0.263,11.8,1,0,1,9.1,1
20,46,1234,0.378,26,9,6,48.5,6.7,73.05,27385.02,3426.14,62.78,0.194,9.4,5,0,0,56.7,1
43,15,558,0.488,12,7,0,41.8,1.5,12.04,71790.19,3083.67,72.99,0.393,10.7,15,0,0,61.3,1
32,24,1127,0.463,15,1,4,20.7,1.5,48.95,62412.3,2373.28,58.31,0.383,2.7,6,0,1,92.6,1
7,41,1444,0.179,30,9,4,74.5,0.8,83.13,347981.32,4425.53,69.47,0.35,1.2,15,0,0,55.4,1
13,47,1360,0.143,14,0,1,70.4,3.8,16.15,78028.16,9078.27,14.37,0.02,4.1,21,0,1,13.3,1
42,27,644,0.163,7,5,6,75.7,7.0,62.16,397290.96,804.07,60.57,0.387,5.9,12,0,1,99.4,1
43,64,360,0.305,10,4,1,73.2,0.5,93.78,404509.02,2448.39,86.87,0.414,3.3,5,0,0,24.5,1
49,48,1229,0.435,25,5,5,93.6,3.2,60.98,402822.09,6702.13,29.28,0.175,19.6,16,1,1,69.6,1
38,33,1477,0.299,18,5,6,73.2,6.8,74.7,266308.77,7242.16,71.48,0.012,4.5,1,0,0,86.4,1
4,6,122,0.419,19,4,6,62.6,1.5,64.19,308463.88,7324.32,22.04,0.237,10.1,0,1,0,20.3,1
32,54,1432,0.322,6,7,0,26.2,6.2,14.56,299203.34,308.42,79.99,0.388,8.3,26,1,1,36.2,1
48,25,991,0.419,16,0,4,92.7,5.2,58.03,48803.46,3673.44,53.87,0.324,0.7,14,0,0,35.7,1
32,55,646,0.476,30,8,5,23.2,7.0,79.52,489773.58,8732.95,24.08,0.444,2.2,27,1,0,49.0,1
4,75,1109,0.423,29,4,4,26.5,4.4,32.52,251963.54,7092.08,69.55,0.267,14.9,30,0,1,9.1,1
36,62,1083,0.277,2,6,3,53.1,1.4,74.24,446808.27,8326.13,32.4,0.008,7.1,14,0,1,44.5,1
16,47,831,0.443,15,2,3,72.5,3.4,59.26,295513.9,1832.01,45.5,0.287,10.0,14,1,0,34.5,1
22,64,796,0.438,22,2,3,5.4,6.1,91.7,234632.21,5026.39,55.05,0.328,15.8,24,0,1,6.9,1
11,17,585,0.123,7,10,6,41.9,1.8,26.07,322789.76,5445.08,54.51,0.266,8.4,17,0,0,29.8,1
12,15,407,0.37,22,3,4,70.5,6.2,4.41,1367.39,2697.68,93.02,0.497,11.0,4,1,0,71.1,1
1,56,1356,0.135,23,8,3,4.9,5.7,10.82,106646.97,939.44,14.49,0.397,19.5,24,1,1,18.1,1
42,75,213,0.245,25,0,6,41.4,4.4,48.14,286376.01,2131.38,96.66,0.405,10.9,4,0,0,72.1,1
47,31,607,0.288,24,3,4,92.3,7.3,8.85,245167.17,3059.03,79.1,0.058,0.6,26,1,1,50.2,1
10,5,1894,0.103,30,4,4,3.3,5.7,22.69,307025.68,8449.28,80.06,0.309,17.0,26,1,1,54.8,1
6,80,835,0.37,24,1,0,15.3,2.3,36.05,192640.67,569.65,25.07,0.092,19.0,20,0,0,95.3,1
47,3,1357,0.358,30,7,0,75.8,2.1,58.7,181134.68,8123.58,57.99,0.307,13.0,0,0,0,20.9,1
16,77,1740,0.313,16,3,7,31.9,1.9,73.79,106478.95,5192.61,12.52,0.121,1.9,3,1,0,77.0,1
34,65,1184,0.388,5,4,3,22.4,0.9,78.22,268689.53,9371.67,76.15,0.238,7.4,13,0,1,29.3,1
48,79,908,0.429,23,1,2,76.1,2.1,77.04,101755.13,3662.73,62.39,0.035,7.1,30,1,1,99.5,1
46,36,1906,0.064,22,3,4,81.3,5.1,92.45,66013.59,8955.84,80.0,0.407,6.8,17,0,0,30.3,1
24,70,1095,0.17,15,9,1,63.0,3.0,37.76,212875.14,131.56,57.7,0.301,19.8,0,0,1,61.5,1
4,34,890,0.047,1,9,6,49.8,5.9,87.14,259644.32,4147.24,86.8,0.175,11.0,18,0,0,73.1,1
38,30,1836,0.08,17,5,4,92.9,2.2,1.63,131912.73,6006.21,45.94,0.329,9.7,3,0,1,16.1,1
46,22,1795,0.136,29,6,4,80.5,6.2,86.17,47709.36,6490.28,60.54,0.175,8.2,18,1,1,63.6,1
19,5,1508,0.046,25,1,1,21.9,1.1,97.2,204375.02,6574.41,63.64,0.124,7.0,13,1,0,36.3,1
31,2,1993,0.048,24,9,2,6.4,5.5,8.08,159027.74,4319.31,80.64,0.36,15.5,15,1,0,21.7,1
20,2,261,0.48,13,4,2,56.0,0.1,5.56,197733.11,1171.97,43.78,0.375,19.7,7,0,1,92.6,1
23,1,700,0.2,26,10,6,22.1,2.6,32.86,441525.64,8080.19,29.36,0.382,9.3,21,0,0,52.9,1
26,55,450,0.284,9,8,0,19.5,2.0,83.16,264642.91,4338.97,90.11,0.384,9.8,13,1,1,0.9,1
41,28,187,0.079,7,9,2,61.0,1.6,27.74,397494.54,2718.77,22.89,0.213,2.9,29,1,1,89.9,1
33,56,1913,0.355,13,9,7,98.2,6.8,55.08,17455.2,5662.68,78.74,0.258,3.2,8,0,1,83.4,1
26,78,1480,0.376,16,3,1,5.9,3.6,90.71,84181.53,833.21,32.55,0.386,12.4,12,0,0,23.1,1
33,34,1737,0.13,2,7,2,58.5,2.1,88.17,89101.55,5251.99,79.22,0.399,7.5,23,0,1,56.3,1
45,58,1612,0.015,25,4,1,52.8,4.7,24.4,317922.6,6468.31,78.24,0.438,7.3,26,1,1,67.0,1
39,21,1818,0.075,16,3,6,72.2,1.5,83.96,250960.67,8819.53,67.57,0.116,15.0,29,1,0,51.0,1
31,59,412,0.095,11,3,8,27.0,0.0,65.69,95001.9,278.56,60.29,0.331,9.3,16,0,1,97.8,1
40,40,746,0.153,11,0,0,33.7,2.3,79.65,493535.66,2157.86,40.33,0.068,19.2,18,0,1,69.7,1
47,70,649,0.171,28,9,1,56.8,4.6,53.03,97191.39,4427.25,20.6,0.129,12.0,17,1,1,74.2,1
40,32,271,0.092,21,0,0,4.9,0.7,17.02,345214.99,8891.49,68.31,0.424,1.3,4,0,0,16.9,1
28,32,1027,0.387,6,4,0,9.2,4.1,59.52,439673.72,949.2,16.48,0.496,3.4,19,1,1,22.7,1
24,16,969,0.176,6,5,5,72.2,7.6,25.32,32775.87,8102.25,53.43,0.377,4.9,3,1,1,44.8,1
50,12,980,0.314,21,5,4,10.6,4.0,12.97,262992.58,1275.11,65.46,0.427,2.9,24,0,1,13.6,1
24,46,1272,0.354,2,8,5,41.7,5.9,15.7,314048.61,9606.11,73.64,0.368,6.9,13,0,1,27.9,1
40,55,1738,0.107,26,1,0,15.7,6.3,18.26,87317.0,9312.28,73.2,0.412,16.5,27,0,0,51.7,1
29,69,639,0.435,10,8,4,37.7,0.1,57.81,172503.58,1819.91,14.4,0.307,17.9,10,0,1,38.5,1
49,57,674,0.381,10,9,3,81.1,7.7,55.62,35956.31,9073.67,11.88,0.058,11.2,23,1,1,53.7,1
27,63,454,0.216,19,1,3,51.8,6.7,57.73,20428.56,8938.09,88.03,0.099,2.7,3,0,0,37.7,1
46,75,1253,0.053,28,4,8,9.2,0.1,16.98,194942.36,8345.77,22.46,0.331,17.3,23,0,0,33.0,1
40,54,556,0.21,10,10,8,12.1,4.5,2.99,444762.85,3164.31,66.26,0.416,1.9,8,1,0,82.9,1
12,2,1026,0.021,17,1,0,29.9,6.7,41.89,243991.69,5018.26,22.1,0.019,9.2,0,0,0,98.0,1
29,24,1028,0.489,17,8,8,67.6,7.4,49.6,229872.0,3034.63,36.89,0.349,0.8,23,0,1,83.8,1
18,67,301,0.332,20,9,3,94.5,7.8,90.93,153555.11,1958.45,13.32,0.184,15.4,16,1,1,34.2,1
44,17,1133,0.423,22,10,8,84.6,1.2,87.93,339756.14,9784.39,99.09,0.217,6.5,30,1,1,26.9,1
17,3,1342,0.144,28,0,7,43.6,7.1,7.24,224842.27,406.25,39.0,0.184,19.4,18,1,1,7.1,1
13,42,185,0.405,30,3,0,10.4,5.0,77.08,175687.65,2352.68,60.62,0.26,11.8,10,1,0,20.0,1
15,42,1355,0.084,5,6,5,23.2,3.2,4.05,25812.81,7713.86,51.46,0.181,16.4,19,0,0,24.6,1
21,55,481,0.487,18,5,6,84.7,5.3,61.82,185586.81,5772.85,18.59,0.245,18.1,0,1,1,14.6,1
31,37,1502,0.371,8,8,7,84.8,2.4,57.83,3646.48,395.89,64.45,0.144,12.2,8,1,0,8.0,1
37,42,185,0.245,13,9,1,97.4,5.5,16.68,493152.99,5115.19,13.65,0.206,5.2,24,1,1,52.7,1
50,77,634,0.15,4,1,1,6.9,1.0,62.66,249825.19,4038.75,88.74,0.175,8.2,12,0,0,19.2,1
35,18,571,0.208,30,9,8,99.0,5.7,73.74,214895.76,8599.38,64.33,0.307,12.5,10,1,0,63.6,1
43,76,857,0.294,25,5,3,83.1,4.1,77.29,276478.34,1638.69,58.87,0.469,6.5,22,1,1,74.2,1
41,0,449,0.193,9,6,0,9.4,3.9,20.97,138543.12,6385.13,23.93,0.307,9.6,4,0,1,28.5,1
33,67,72,0.19,12,1,2,26.1,4.1,1.32,234964.48,76.48,36.83,0.296,19.7,17,0,1,97.0,1
25,79,1905,0.023,15,7,1,3.3,7.8,53.76,32327.44,5103.72,99.92,0.228,18.9,8,1,1,30.7,1
21,40,1477,0.021,11,6,2,77.3,5.9,71.42,1805.54,6989.8,52.64,0.066,19.8,23,1,0,2.5,1
6,12,396,0.001,19,7,7,77.1,4.5,37.71,102419.74,5718.95,17.26,0.115,7.2,20,1,0,28.0,1
1,68,471,0.154,29,4,2,28.9,7.5,32.79,231214.84,9818.15,34.77,0.209,4.6,13,1,1,70.7,1
17,44,1555,0.095,3,6,3,8.9,6.2,46.43,90213.94,7205.62,88.16,0.197,0.3,5,0,1,47.3,1
42,66,1026,0.455,30,8,2,60.1,2.6,98.23,75815.94,8116.41,10.85,0.234,17.1,28,0,0,74.0,1
17,56,635,0.162,28,5,5,68.7,7.2,99.62,334475.69,4655.83,22.44,0.014,1.6,21,1,0,98.7,1
13,62,1072,0.332,6,5,7,83.0,4.9,14.94,46628.65,3937.36,12.49,0.008,12.4,21,1,1,0.7,1
23,73,110,0.276,4,10,5,31.4,0.9,41.36,72800.06,8937.34,74.21,0.263,17.1,10,0,0,8.6,1
46,76,1293,0.3,22,8,8,71.7,5.8,21.94,344569.19,4239.83,35.68,0.087,19.9,1,0,1,20.6,1
45,39,157,0.402,24,10,4,93.6,2.2,35.13,416396.64,6726.4,42.78,0.357,13.7,28,1,0,32.8,1
31,9,1446,0.037,24,10,3,38.9,4.3,93.62,95730.49,9247.69,46.23,0.072,9.8,13,1,1,77.3,1
40,72,1888,0.176,21,4,4,24.9,5.3,82.58,40125.15,9173.04,78.57,0.495,9.7,17,0,1,64.1,1
23,3,156,0.479,8,7,7,73.6,4.3,32.63,50388.25,1796.19,95.23,0.115,5.2,20,0,1,54.1,1
16,66,1648,0.289,16,9,5,61.2,4.4,61.04,249528.15,2180.15,55.13,0.134,13.6,15,1,0,4.9,1
16,3,1724,0.197,7,5,3,74.0,1.8,58.92,314592.14,7245.23,86.42,0.067,3.1,6,0,0,42.6,1
21,63,842,0.027,30,1,2,24.6,1.7,75.96,351439.73,5150.33,62.97,0.001,6.9,1,1,1,25.3,1
3,63,1258,0.322,9,4,8,36.1,2.2,68.05,347265.3,8996.11,25.44,0.021,17.6,4,0,1,17.0,1
24,69,111,0.448,18,7,7,53.0,5.6,53.03,279940.76,2657.2,16.26,0.246,14.1,21,1,1,88.5,1
26,60,1894,0.364,18,5,3,28.8,2.9,26.95,395289.33,9369.92,14.39,0.014,8.0,28,0,1,21.8,1
44,70,708,0.253,8,5,3,10.9,6.3,85.56,419936.95,1458.94,90.97,0.479,14.8,20,1,0,18.6,1
21,36,205,0.416,27,9,2,16.1,0.3,18.46,69120.26,2823.04,77.75,0.141,13.1,11,1,1,78.5,1
14,46,1158,0.204,24,7,3,43.6,3.9,75.85,10871.25,1535.53,99.38,0.413,18.9,7,0,1,38.9,1
4,50,1010,0.193,23,6,4,33.5,4.7,78.29,466997.96,3474.22,53.2,0.014,2.8,11,1,0,30.0,1
42,3,1767,0.181,29,3,5,66.3,4.6,64.45,67054.09,6332.67,83.23,0.25,18.0,0,1,0,3.5,1
42,12,634,0.167,9,4,2,51.8,7.3,80.56,209859.43,6242.61,96.44,0.5,17.7,21,1,1,34.6,1
17,42,1371,0.046,12,6,6,58.9,7.3,85.92,148110.54,4249.34,63.2,0.4,18.8,12,0,0,52.9,1
9,51,42,0.256,3,6,2,7.6,6.6,62.37,443355.23,3856.11,63.96,0.396,15.4,24,1,1,54.1,1
11,76,35,0.262,5,3,2,9.0,4.6,29.86,479542.35,8445.7,49.65,0.362,19.1,28,1,1,69.1,1
30,23,421,0.315,25,4,0,83.0,2.1,67.65,149705.83,8249.98,62.32,0.22,19.1,23,1,1,98.2,1
21,13,374,0.276,30,3,5,55.6,1.7,4.74,198129.52,7170.6,96.36,0.338,5.8,16,1,1,80.8,1
37,33,934,0.279,21,0,2,40.8,5.9,97.07,120762.41,6185.35,63.9,0.089,19.4,16,1,0,29.2,1
46,12,653,0.2,13,6,8,10.8,7.3,28.42,340017.4,1522.52,85.22,0.034,15.7,13,0,0,33.2,1
39,26,1222,0.496,30,2,5,81.0,4.0,50.58,54389.05,6690.63,36.91,0.047,6.7,27,0,1,9.0,1
40,3,607,0.215,2,1,5,38.6,2.0,82.66,79292.31,4777.66,66.09,0.357,5.8,24,1,1,96.9,1
28,14,408,0.064,18,4,8,25.8,1.6,77.33,453375.81,8749.7,41.46,0.376,10.8,6,0,0,37.1,1
35,79,1727,0.181,23,0,1,3.1,3.8,22.0,134918.14,6015.23,64.84,0.479,1.6,13,1,1,82.8,1
28,17,498,0.202,15,9,0,49.9,5.1,38.98,195567.13,7859.96,63.41,0.207,13.1,12,1,0,76.7,1
13,64,980,0.457,8,7,3,92.5,5.3,88.35,374142.4,1077.68,67.33,0.437,5.6,25,0,1,20.0,1
35,65,1615,0.444,29,0,0,89.8,0.3,6.8,366600.66,4235.63,78.15,0.136,12.5,29,0,1,6.5,1
18,68,1709,0.294,8,10,0,99.9,2.1,6.34,1453.97,4578.65,37.62,0.153,15.4,24,0,0,30.8,1
45,70,1629,0.452,4,9,7,52.2,4.0,86.35,226798.09,1259.74,73.42,0.141,8.7,17,0,0,30.7,1
31,0,1317,0.167,12,6,7,70.5,5.4,57.11,316235.89,7454.37,28.34,0.108,9.3,19,0,1,95.1,1
7,15,1609,0.329,11,5,6,17.0,6.9,98.48,167592.64,654.7,72.53,0.257,17.3,18,0,1,65.9,1
35,27,796,0.034,27,1,8,31.6,3.5,29.85,1458.02,5998.16,52.33,0.354,1.7,23,0,1,13.2,1
23,54,740,0.07,2,5,0,44.5,1.1,41.77,323953.22,632.79,39.5,0.068,12.6,24,1,1,38.0,1
42,30,973,0.223,28,3,8,43.9,2.0,17.4,48449.45,4781.93,85.28,0.498,9.5,2,1,0,1.0,1
45,76,881,0.141,5,1,6,66.7,3.6,76.35,376608.52,256.31,30.78,0.381,15.2,22,0,0,83.9,1
40,70,1590,0.455,19,0,7,44.9,0.6,56.01,489040.65,2547.05,55.43,0.121,0.6,5,1,1,18.8,1
24,72,1697,0.368,30,2,7,53.8,3.0,35.35,298023.45,1116.92,39.38,0.225,11.5,13,0,1,12.3,1
8,0,900,0.35,30,9,7,16.5,6.3,38.73,294434.13,5879.83,16.07,0.49,12.7,28,0,1,73.4,1
29,29,445,0.182,9,1,3,72.2,3.2,48.63,158980.1,6153.45,54.88,0.193,15.2,15,0,1,33.4,1
45,3,1616,0.45,12,7,8,21.4,6.8,82.96,391915.39,1539.93,28.9,0.448,3.1,5,1,1,46.6,1
23,51,1394,0.333,15,0,1,58.9,2.3,76.48,131973.87,9619.62,23.22,0.393,19.5,0,1,0,75.9,1
39,41,384,0.066,29,6,2,38.5,3.0,90.91,496423.24,5809.15,84.64,0.326,5.9,14,0,0,68.9,1
26,16,19,0.339,9,6,4,69.0,2.5,67.28,384863.57,8368.23,72.2,0.325,17.1,1,1,0,47.7,1
6,38,1488,0.089,12,5,0,78.8,2.6,37.77,201903.09,8555.68,94.52,0.364,15.6,3,0,1,52.0,1
3,0,348,0.282,8,9,8,54.4,2.6,12.12,145794.83,763.97,73.13,0.023,12.2,0,1,0,9.7,1
27,56,1529,0.215,3,8,3,35.2,4.0,51.97,362442.67,1947.59,33.09,0.432,18.2,16,0,1,35.8,1
38,61,1784,0.46,11,5,5,94.0,1.4,74.24,27217.44,6529.59,33.33,0.225,15.3,21,1,1,91.6,1
8,41,1928,0.135,13,3,7,81.6,6.1,11.1,148012.85,4104.25,67.21,0.446,10.9,8,1,1,85.6,1
3,54,1569,0.195,8,6,1,88.3,5.9,26.75,194827.71,4468.89,96.05,0.471,4.6,10,1,0,98.0,1
40,48,960,0.488,20,3,2,16.8,6.6,57.29,19460.09,9895.71,52.03,0.244,9.5,3,0,1,9.0,1
15,60,533,0.144,24,6,1,37.9,1.2,57.43,164274.77,8310.43,30.4,0.288,16.7,8,1,0,44.3,1
45,53,1783,0.329,27,7,4,98.6,3.7,61.94,439217.81,3812.66,47.87,0.357,15.0,7,1,1,54.6,1
11,19,1197,0.108,17,2,7,12.1,3.7,75.16,19537.3,6815.06,81.94,0.228,16.4,19,1,0,8.4,1
14,10,1683,0.252,4,0,1,31.1,6.9,22.06,71070.33,1945.91,95.54,0.497,18.4,30,1,0,87.3,1
9,41,452,0.09,3,10,7,68.3,5.4,93.45,32101.46,2343.75,76.53,0.001,10.6,29,0,1,59.4,1
21,5,1122,0.062,19,5,2,76.4,5.4,28.36,123162.12,4574.05,16.98,0.148,17.8,13,1,0,4.5,1
15,41,1158,0.064,13,5,1,46.4,4.7,68.46,65316.44,2265.74,23.15,0.214,14.4,0,0,1,88.9,1
36,45,85,0.082,19,1,0,26.0,4.6,56.57,375515.98,5419.44,23.55,0.065,14.8,24,1,0,59.3,1
48,8,1335,0.469,27,4,2,11.0,0.6,87.96,306123.61,6818.68,42.63,0.023,18.3,18,0,0,95.1,1
3,77,1875,0.385,9,2,2,72.8,5.1,28.5,426405.84,7367.98,24.87,0.278,16.3,21,0,0,77.3,1
28,34,271,0.355,2,4,7,46.7,6.2,29.22,222215.75,6377.55,52.2,0.389,3.2,14,0,1,7.0,1
24,26,1669,0.037,9,1,6,29.4,1.6,78.18,382063.89,3806.6,67.78,0.327,2.3,17,0,0,76.5,1
49,44,1085,0.044,18,1,8,66.3,4.1,79.09,369347.55,6985.88,57.86,0.158,15.5,25,1,0,42.6,1
39,57,1245,0.033,7,8,7,17.8,1.1,85.54,459113.94,7187.97,62.11,0.202,16.1,26,0,1,74.1,1
3,57,1595,0.427,18,1,5,64.9,1.5,18.86,111293.27,3960.03,79.76,0.429,18.1,3,0,1,94.4,1
31,27,388,0.28,26,6,8,49.1,7.7,61.1,78542.83,7306.11,79.67,0.489,16.6,16,1,0,79.5,1
23,34,1717,0.348,19,5,0,94.3,0.0,89.07,499943.67,2295.53,51.84,0.276,4.6,9,0,1,57.4,1
50,52,686,0.078,11,8,6,60.9,1.6,23.05,370464.76,6867.7,23.14,0.496,9.5,8,1,0,13.2,1
35,60,1853,0.388,9,6,5,22.6,7.3,39.7,454764.53,725.85,56.21,0.425,11.2,11,1,0,63.2,1
50,4,1538,0.182,17,2,4,80.6,4.5,20.06,374823.46,484.32,49.55,0.202,13.0,11,1,1,57.6,1
6,67,1856,0.494,15,0,3,25.7,2.3,65.53,486281.97,1498.11,96.59,0.382,17.7,30,1,1,96.6,1
36,2,86,0.139,20,5,5,7.8,5.3,25.79,430235.69,2596.58,98.04,0.218,7.3,26,0,1,72.1,1
13,34,81,0.408,12,8,2,32.3,0.3,1.2,444778.11,1510.64,64.09,0.129,15.2,13,0,1,37.3,1
7,71,413,0.234,1,9,6,17.9,0.2,13.57,82200.33,1466.43,48.83,0.191,5.0,28,0,1,93.7,1
32,32,745,0.143,4,5,1,84.5,6.8,21.45,484386.89,2977.92,42.66,0.267,7.4,19,0,0,96.6,1
49,20,1878,0.003,24,0,3,60.3,6.8,83.28,418482.07,1605.24,12.23,0.023,10.2,2,0,1,81.5,1
42,72,1740,0.132,1,3,3,79.7,1.3,91.69,455149.59,7175.8,68.48,0.215,16.2,13,0,1,91.4,1
12,45,565,0.107,28,0,5,73.8,4.6,41.98,227060.97,325.74,52.07,0.293,14.8,29,0,0,64.1,1
13,27,1596,0.314,26,4,4,27.5,7.2,89.12,118347.79,940.24,98.25,0.45,14.9,11,0,0,48.3,1
6,8,47,0.256,28,0,5,32.4,5.8,83.48,447536.61,2188.99,26.05,0.302,8.4,10,1,0,26.7,1
46,43,1899,0.453,18,3,3,36.6,5.1,78.14,499424.33,8165.72,43.02,0.324,5.9,16,1,1,7.2,1
20,12,912,0.23,27,0,1,28.9,2.2,68.48,426542.35,9121.19,47.18,0.092,15.7,16,1,0,37.9,1
11,0,219,0.467,15,3,4,26.9,4.0,23.44,313026.16,8427.44,51.73,0.209,5.0,27,1,1,33.5,1
19,53,1609,0.063,8,3,8,92.4,7.3,31.5,307870.47,5760.43,43.98,0.219,10.3,14,0,0,26.1,1
37,65,1398,0.483,21,0,7,85.0,8.0,29.96,282345.93,2946.92,47.73,0.135,6.6,0,1,0,89.4,1
30,36,1310,0.291,16,7,2,78.7,4.2,82.24,381641.14,1214.9,93.72,0.321,19.9,26,0,0,80.8,1
44,27,275,0.17,25,5,4,21.7,6.2,57.74,328162.44,1385.07,43.88,0.269,4.6,20,0,0,53.0,1
10,75,768,0.194,10,8,5,37.2,4.8,55.05,10532.53,8600.59,49.07,0.486,5.2,10,0,0,58.8,1
31,75,1587,0.325,15,8,4,59.3,3.2,16.76,117120.0,3640.2,74.73,0.5,1.9,18,1,0,50.7,1
48,5,1210,0.263,24,1,3,37.1,5.4,24.42,77748.68,7412.08,38.78,0.367,19.4,13,0,1,61.8,1
7,19,1636,0.076,30,6,4,42.5,2.5,99.14,251800.28,5630.55,34.4,0.132,7.2,30,0,0,53.0,1
42,56,1081,0.373,29,0,7,7.5,5.4,49.51,140163.24,5207.25,12.89,0.418,0.1,19,0,1,16.6,1
15,2,216,0.085,17,6,7,10.4,4.5,1.48,100606.15,5311.66,65.12,0.098,12.7,5,1,0,72.3,1
43,12,115,0.273,29,6,4,20.0,2.0,24.31,307641.61,5493.32,28.24,0.272,7.2,0,0,1,56.5,1
39,51,1433,0.073,14,3,6,95.6,5.3,6.11,353074.68,9008.94,75.92,0.425,19.6,10,0,1,96.2,1
16,79,955,0.189,27,5,4,76.1,0.0,17.66,369435.66,8736.19,16.46,0.455,2.4,0,0,1,97.7,1
3,72,825,0.458,9,10,6,20.9,2.4,48.5,250365.15,5904.2,11.75,0.077,1.0,29,0,0,27.5,1
1,1,1131,0.345,10,2,1,95.5,7.5,69.98,316615.52,7248.17,63.77,0.059,0.2,19,1,1,80.6,1
35,80,1739,0.056,23,8,5,79.9,4.1,4.34,236732.67,1763.49,95.45,0.223,18.0,23,0,1,41.4,1
6,43,759,0.361,16,8,5,21.4,4.5,61.36,254860.53,6911.14,27.95,0.192,1.6,23,0,1,83.9,1
29,72,1398,0.36,4,1,0,45.3,4.7,91.8,367024.1,7860.82,64.91,0.022,10.1,25,1,0,57.6,1
40,61,1362,0.115,23,6,7,5.9,4.1,85.64,380633.08,8598.88,39.47,0.351,14.0,18,0,1,13.1,1
23,0,1172,0.315,19,8,7,17.1,1.6,42.06,316593.56,295.52,63.35,0.486,1.4,23,1,1,88.4,1
4,15,1018,0.139,28,5,2,70.0,7.0,9.07,314295.2,1595.25,71.84,0.176,3.4,13,0,0,64.2,1
12,29,1443,0.391,8,9,3,3.4,1.8,79.76,49632.8,3690.12,19.06,0.039,7.4,18,1,1,96.7,1
32,4,1029,0.09,7,7,7,85.7,2.0,66.89,323930.73,5133.98,90.0,0.097,6.3,13,1,1,44.3,1
1,48,850,0.205,9,3,6,77.9,1.1,57.87,75295.62,8149.46,56.98,0.446,1.0,1,0,1,24.2,1
29,47,237,0.369,3,0,1,36.9,3.1,12.29,326032.58,7730.98,22.22,0.29,16.7,14,0,1,7.9,1
5,67,1098,0.176,13,4,6,31.8,3.8,90.51,476447.36,4404.93,27.89,0.464,12.5,16,0,0,57.3,1
3,70,663,0.16,27,1,0,73.1,0.5,38.77,457562.51,3095.65,19.06,0.145,1.5,22,1,1,77.3,1
7,1,403,0.113,29,10,3,64.8,3.0,53.17,43959.05,3198.56,80.44,0.332,14.2,7,1,0,21.5,1
5,72,1724,0.334,30,2,2,37.2,1.4,70.62,339988.38,2191.88,45.7,0.437,2.4,29,0,0,73.5,1
18,14,1520,0.104,30,7,0,90.2,2.3,9.96,194245.81,1296.32,81.78,0.099,14.8,19,0,0,75.0,1
9,64,1125,0.302,7,4,7,84.4,2.4,29.68,292986.63,7238.52,98.73,0.277,17.3,23,1,0,68.0,1
40,1,1288,0.005,4,9,4,57.4,2.7,9.61,85043.05,6206.94,91.86,0.284,2.8,27,0,1,19.7,1
27,67,1866,0.186,7,7,3,19.9,3.8,74.69,201745.08,7379.19,24.84,0.368,2.6,19,0,0,22.0,1
35,21,1191,0.006,5,1,4,32.7,7.1,21.54,296072.1,4018.13,93.42,0.335,0.9,16,1,1,86.3,1
42,8,1756,0.181,2,2,0,58.3,3.0,69.95,358986.76,5391.36,15.26,0.044,15.0,2,0,0,34.7,1
23,52,809,0.055,14,0,0,87.1,4.5,76.28,496037.41,1108.67,73.62,0.162,19.0,11,0,0,63.1,1
43,40,636,0.469,27,0,5,68.6,0.7,34.45,7304.02,4268.18,97.84,0.483,11.2,16,0,1,22.5,1
37,41,474,0.497,2,8,2,30.8,5.4,38.3,92976.82,3907.45,71.36,0.013,4.8,6,1,0,22.7,1
17,9,705,0.096,2,1,2,37.3,1.1,91.0,100042.34,9807.43,34.82,0.432,9.5,23,1,1,62.1,1
1,0,230,0.055,22,10,0,51.3,7.9,34.94,363032.86,2719.77,43.41,0.46,11.6,10,0,1,49.8,1
41,46,902,0.206,11,4,6,89.1,2.7,85.23,272708.51,5388.04,30.56,0.102,0.7,11,1,1,68.3,1
18,38,304,0.039,10,2,2,97.9,4.2,80.36,63210.5,8380.56,67.23,0.217,18.6,4,0,1,42.9,1
8,22,829,0.018,25,8,2,9.3,1.9,2.44,461368.26,6805.05,16.75,0.321,1.1,10,1,0,20.1,1
26,42,456,0.333,18,0,5,57.4,4.8,66.1,429222.83,9543.12,95.83,0.32,10.7,16,1,1,79.4,1
37,31,1362,0.212,20,9,3,88.9,3.5,98.89,342085.96,9192.91,74.18,0.306,7.7,28,1,1,42.3,1
43,18,1536,0.495,23,5,7,48.2,0.4,17.95,35099.17,4985.09,23.33,0.14,12.5,9,1,0,37.4,1
10,59,1516,0.308,28,9,1,30.0,6.7,69.78,326116.78,2881.84,62.71,0.095,14.9,9,0,0,7.5,1
49,11,1125,0.338,6,4,5,84.7,5.7,88.86,290837.02,5859.41,73.41,0.419,14.3,19,1,1,57.7,1
27,71,674,0.392,18,3,7,73.1,5.4,65.42,429314.14,7606.07,98.67,0.315,0.8,29,0,1,23.8,1
37,26,999,0.004,15,9,3,55.8,7.2,56.05,48132.65,969.77,64.79,0.358,4.6,2,1,0,67.9,1
49,4,1103,0.474,28,6,6,100.0,0.9,75.41,106798.85,3397.62,93.16,0.357,11.1,10,1,1,53.9,1
42,79,1721,0.35,18,8,5,79.6,5.6,15.11,122799.86,4505.76,88.78,0.146,14.5,16,1,0,13.9,1
41,45,75,0.026,19,7,3,23.0,7.9,15.04,277377.51,8164.17,57.18,0.363,16.9,2,0,1,76.0,1
47,12,1336,0.175,29,7,2,42.8,7.4,96.05,488656.07,6272.58,49.85,0.2,3.1,18,1,0,12.2,1
23,28,489,0.218,12,5,6,46.8,3.8,67.48,282478.19,2068.0,58.85,0.233,7.2,13,1,1,48.1,1
22,54,992,0.001,6,0,4,53.6,2.7,81.5,207777.56,7752.72,69.1,0.463,7.3,3,0,1,22.1,1
46,8,1940,0.315,20,6,4,31.9,5.6,28.18,330347.59,1334.17,45.75,0.084,2.1,14,0,1,35.3,1
29,63,32,0.447,17,10,7,30.3,3.3,8.22,460208.9,3323.35,85.48,0.001,8.2,27,1,1,44.6,1
48,35,21,0.224,16,1,0,3.2,3.9,2.12,358702.29,3651.04,56.53,0.257,1.0,7,0,1,54.9,1
21,13,1378,0.148,12,2,2,4.8,5.8,12.8,429844.81,7818.27,72.76,0.476,20.0,3,0,1,64.2,1
28,21,498,0.347,6,9,6,83.6,5.1,74.48,271496.39,6111.93,86.71,0.139,8.4,15,1,1,25.6,1
41,12,1708,0.458,15,3,2,26.6,1.8,58.39,195218.53,7992.24,14.45,0.186,7.9,11,0,1,85.9,1
11,0,1995,0.005,16,9,1,6.9,5.5,91.5,284268.49,5726.31,96.87,0.358,10.5,9,0,0,0.2,1
32,76,904,0.165,28,9,2,6.4,6.2,72.6,193207.69,1443.43,87.88,0.32,16.2,6,1,1,95.9,1
20,77,476,0.174,28,8,5,6.7,2.6,17.22,245160.67,1042.61,26.94,0.252,1.5,2,0,0,40.0,1
29,76,986,0.33,24,4,7,11.2,4.4,39.04,195029.19,3889.84,60.12,0.172,13.7,8,0,0,52.3,1
5,31,194,0.433,11,10,1,38.0,7.4,34.95,228696.24,9483.8,20.27,0.346,14.9,3,1,1,11.8,1
22,53,1615,0.448,16,6,8,49.7,3.8,98.17,323698.48,3468.81,22.81,0.208,5.3,16,1,1,71.4,1
47,69,829,0.054,18,1,3,71.8,0.4,47.95,249569.33,81.72,27.08,0.088,1.6,0,1,1,66.8,1
2,73,1981,0.139,15,5,8,94.8,4.2,89.66,324614.7,8568.71,43.31,0.113,9.7,2,1,1,47.3,1
17,2,747,0.092,15,2,1,11.8,6.7,58.19,419241.65,6939.05,41.07,0.068,7.1,7,0,0,49.0,1
50,60,497,0.025,13,6,6,15.6,7.3,94.39,429526.66,7420.09,96.54,0.27,18.3,19,0,0,53.3,1
16,2,1384,0.476,1,1,8,45.6,6.3,91.3,181560.97,5843.66,82.02,0.295,6.1,0,1,0,86.0,1
22,38,1091,0.277,16,2,2,60.4,1.7,56.16,454833.82,4207.56,97.01,0.001,17.2,7,1,1,91.8,1
11,35,469,0.091,30,4,1,51.0,6.7,52.19,489416.58,7219.57,97.3,0.373,2.5,9,0,0,81.2,1
11,19,955,0.292,12,0,1,3.2,3.7,90.49,444134.74,1047.99,75.7,0.198,10.3,15,0,1,44.4,1
39,42,1526,0.412,12,4,2,15.4,1.9,65.0,227642.19,8486.37,29.68,0.102,12.7,22,0,1,12.2,1
13,21,38,0.141,29,10,3,60.7,3.8,34.96,105085.62,7817.66,39.31,0.037,3.2,3,1,0,47.0,1
8,53,1138,0.466,14,2,6,35.5,0.1,38.78,153135.7,2053.17,37.26,0.438,12.7,3,0,1,91.8,1
34,42,1076,0.218,11,4,3,60.3,5.6,19.83,68748.23,1740.43,69.84,0.375,11.4,28,1,0,85.6,1
32,55,618,0.168,20,6,6,21.5,1.7,61.5,103803.62,3595.0,27.09,0.243,11.2,16,1,0,9.9,1
50,38,811,0.131,26,7,4,59.5,0.0,52.96,439514.47,4582.56,96.72,0.407,1.9,4,0,1,57.0,1
29,69,825,0.068,4,6,6,89.9,2.2,22.62,457172.39,4951.5,35.64,0.042,11.4,17,0,1,72.2,1
18,77,611,0.399,26,6,6,35.6,2.5,52.07,306570.55,2310.64,10.55,0.485,1.1,1,0,0,4.2,1
39,75,738,0.04,8,8,5,11.0,6.0,57.76,446932.56,8288.52,40.27,0.007,1.9,16,0,0,77.8,1
10,28,951,0.038,6,2,4,19.9,7.6,7.2,368778.7,1985.75,12.54,0.183,11.1,28,1,0,38.4,1
19,51,1351,0.446,9,3,6,41.1,7.1,1.14,175280.72,5118.15,44.67,0.095,14.1,14,0,1,49.3,1
24,36,843,0.411,14,10,4,21.1,4.5,50.02,384847.48,7796.35,26.52,0.395,8.1,27,1,1,61.4,1
7,73,833,0.19,24,4,3,78.3,0.4,53.34,485922.0,6307.95,20.61,0.125,1.8,19,0,1,67.1,1
4,72,1673,0.348,2,10,3,65.3,3.5,32.18,184307.74,3701.68,14.47,0.456,12.4,5,1,1,83.9,1
40,52,1044,0.182,26,7,6,94.7,0.5,70.13,312979.53,7725.68,53.15,0.268,0.6,26,1,1,98.0,1
43,60,758,0.13,10,7,1,50.5,0.6,46.54,153282.85,7232.41,18.61,0.19,9.0,15,0,1,19.3,1
7,48,828,0.126,5,6,2,63.1,3.1,4.81,347722.8,7448.74,89.68,0.076,0.6,18,1,1,16.7,1
44,16,712,0.365,21,5,8,28.7,3.1,33.18,481856.93,5369.69,69.89,0.123,14.7,23,0,0,61.7,1
31,12,1934,0.17,3,7,8,54.7,1.1,82.75,354043.56,2485.78,19.96,0.206,13.5,7,0,1,75.1,1
12,55,122,0.256,7,3,7,60.1,7.0,74.99,273430.49,2673.0,21.5,0.381,16.4,15,0,0,39.3,1
48,16,1149,0.011,12,7,7,51.6,2.3,92.9,275828.51,60.09,20.32,0.28,9.1,14,0,0,15.4,1
20,50,495,0.311,29,8,7,80.9,7.1,23.56,181457.04,235.01,41.45,0.253,1.3,26,0,1,18.2,1
48,26,310,0.26,22,3,2,58.6,7.0,3.7,196409.69,680.8,16.49,0.396,11.2,9,0,1,4.9,1
17,61,1057,0.136,14,10,1,58.5,3.7,37.22,408909.44,2651.04,85.49,0.356,1.8,11,0,1,85.6,1
11,32,163,0.376,5,5,3,20.5,0.0,78.71,20268.43,4796.55,71.64,0.204,16.7,3,1,0,57.2,1
38,43,181,0.028,17,9,0,48.1,7.2,58.98,203796.36,7506.38,41.65,0.301,17.0,20,0,0,92.2,1
19,10,216,0.389,19,4,6,11.7,3.9,48.74,115291.9,642.49,57.14,0.138,17.2,22,0,0,37.2,1
5,50,234,0.251,28,3,6,36.3,2.8,14.33,127823.89,1421.15,77.97,0.304,1.1,23,1,1,22.4,1
13,58,1698,0.144,12,3,8,24.7,1.9,56.55,486250.17,484.66,61.74,0.312,1.6,26,0,1,54.7,1
37,12,1497,0.46,22,10,3,30.5,0.7,88.11,476528.31,2974.55,94.06,0.276,18.8,21,0,1,90.6,1
36,16,303,0.27,2,5,1,8.3,3.8,10.06,326775.78,5491.55,80.25,0.339,18.5,8,0,0,34.8,1
1,33,1088,0.014,11,1,4,34.9,6.9,27.47,118019.2,9969.15,86.07,0.046,0.1,25,1,0,58.5,1
37,48,700,0.049,24,4,1,47.9,4.9,28.87,140986.76,384.85,77.39,0.321,8.7,6,0,0,68.0,1
46,25,10,0.2,23,10,3,17.9,5.8,64.33,229854.33,9452.67,30.49,0.057,9.8,12,1,1,4.1,1
33,40,419,0.093,19,1,7,99.2,1.6,65.98,40062.03,4060.48,20.13,0.372,1.4,29,0,0,81.6,1
6,1,285,0.153,12,2,3,83.9,2.7,36.27,84363.27,1663.8,86.77,0.276,19.5,28,1,0,56.6,1
31,51,158,0.126,18,5,1,42.9,4.9,45.27,220077.6,5117.23,29.2,0.118,1.9,4,0,1,98.0,1
5,45,1090,0.237,26,5,5,77.9,1.3,45.81,291169.25,6436.14,34.92,0.08,1.6,9,0,0,47.7,1
31,60,384,0.455,18,2,8,60.6,6.6,51.01,57984.88,1265.05,73.63,0.407,3.2,26,0,1,3.8,1
15,37,820,0.003,23,2,2,97.9,3.5,52.77,275776.11,9147.66,72.63,0.051,8.2,8,0,1,11.4,1
44,30,314,0.409,26,3,6,97.5,4.1,89.23,353936.89,2906.6,99.73,0.171,14.8,1,0,0,10.5,1
5,80,1385,0.247,21,4,2,71.1,4.1,19.86,322471.72,4398.01,86.37,0.478,9.0,12,0,0,84.9,1
29,66,1321,0.461,17,1,3,74.9,4.6,76.8,276766.2,7688.54,97.27,0.113,0.2,25,0,0,75.5,1
14,59,1734,0.271,17,2,7,61.1,3.8,25.15,383527.08,794.21,30.12,0.244,18.6,2,0,1,46.2,1
45,68,799,0.267,18,5,6,50.3,6.5,19.34,341421.1,3580.38,61.27,0.18,4.1,16,0,1,4.1,1
42,71,1899,0.377,4,7,1,8.0,2.9,5.84,405666.32,1494.11,17.82,0.028,9.0,1,0,0,71.7,1
45,25,1289,0.155,28,2,6,64.3,5.2,4.37,448335.15,1004.64,45.92,0.41,1.5,1,0,0,51.0,1
32,57,344,0.141,3,3,8,27.6,7.1,68.51,291193.91,6470.21,54.56,0.258,10.5,17,0,0,35.8,1
14,11,1209,0.131,23,5,4,51.4,0.1,91.94,200150.52,4884.41,50.17,0.37,13.4,1,1,1,88.9,1
8,18,1631,0.402,20,10,8,55.9,0.1,46.02,197022.83,8200.18,62.09,0.252,16.6,24,1,1,61.4,1
18,60,889,0.372,29,7,6,66.3,1.9,55.48,249738.33,1831.83,58.32,0.218,15.6,28,0,0,77.5,1
19,78,471,0.142,13,3,7,44.5,2.1,79.31,436156.78,2041.53,19.81,0.04,1.4,0,0,0,34.7,1
25,77,1964,0.398,13,9,8,97.3,7.7,85.0,32632.18,3790.84,26.25,0.024,16.7,23,1,0,73.4,1
50,39,106,0.104,11,4,2,90.3,5.1,89.03,134100.7,1647.8,16.57,0.452,11.1,14,1,1,17.4,1
50,2,1986,0.109,2,6,4,5.3,7.2,76.28,84863.27,5782.33,48.72,0.429,18.7,11,0,1,98.1,1
42,58,1979,0.057,24,3,3,88.7,7.1,2.59,135678.28,5915.44,89.71,0.082,7.2,2,1,1,20.5,1
45,60,909,0.438,21,9,0,62.0,6.6,60.7,102428.33,5805.65,14.64,0.281,12.0,10,1,1,51.1,1
20,64,126,0.003,13,9,4,30.0,2.2,68.28,354668.35,3398.87,21.27,0.145,17.6,29,0,0,22.4,1
34,24,38,0.273,15,9,4,32.6,3.6,49.1,93034.26,4074.6,15.46,0.305,9.6,18,0,1,5.0,1
46,39,480,0.391,30,5,0,17.3,0.1,76.88,343001.06,4575.14,34.93,0.199,9.1,25,1,1,0.3,1
7,74,741,0.466,1,7,4,74.7,2.3,30.94,131126.85,2392.09,98.66,0.487,16.4,19,1,1,18.1,1
24,20,1574,0.17,10,8,2,33.9,5.8,58.22,290973.48,5941.05,41.3,0.114,4.5,19,0,1,31.7,1
7,55,1000,0.269,17,5,3,54.4,7.8,7.06,6236.01,4718.18,81.88,0.3,12.0,6,0,1,53.2,1
32,55,1060,0.036,22,1,3,37.1,2.7,98.6,276967.93,66.1,35.88,0.274,5.0,24,0,1,47.5,1
5,75,1647,0.191,2,9,7,33.6,2.3,99.74,142880.67,8608.35,80.12,0.265,3.5,6,1,1,11.8,1
37,37,170,0.068,6,10,1,79.4,5.4,38.2,430894.15,9252.36,96.69,0.312,8.0,1,0,1,41.2,1
33,35,1063,0.429,29,2,6,32.2,6.2,41.58,406652.8,6671.65,36.06,0.255,2.0,12,1,1,87.1,1
13,63,1901,0.272,30,0,2,57.3,7.1,79.38,490096.87,7589.29,83.19,0.45,19.7,3,0,0,23.5,1
37,60,1988,0.001,25,10,8,43.1,0.4,81.34,142216.6,1696.36,52.11,0.488,10.3,12,0,1,99.1,1
36,72,1769,0.041,5,8,3,83.2,5.9,40.41,250201.7,8730.65,77.48,0.474,8.7,7,1,0,28.6,1
20,67,1859,0.439,2,4,7,9.0,4.1,4.44,212574.26,7636.25,93.48,0.282,18.0,8,0,1,78.7,1
30,19,273,0.415,25,2,2,94.0,0.4,40.77,164811.23,8165.98,40.74,0.202,6.3,23,0,0,79.1,1
27,79,1886,0.009,12,2,7,47.9,7.9,71.01,328091.6,9072.54,15.74,0.341,13.0,12,1,1,41.3,1
49,5,1985,0.351,20,6,0,37.2,3.9,28.19,31146.49,9160.49,94.63,0.266,18.2,10,1,1,40.8,1
39,76,1093,0.027,12,7,5,85.6,7.2,83.13,12255.28,2139.87,15.53,0.308,18.3,0,1,1,1.7,1
9,65,235,0.076,16,3,5,91.9,1.6,64.82,445633.04,597.68,31.84,0.295,2.9,2,0,1,59.0,1
13,53,1498,0.346,7,9,2,22.8,2.8,17.1,18832.11,629.0,75.43,0.401,16.1,26,0,0,29.6,1
38,11,1020,0.199,14,4,3,4.1,4.5,47.77,301704.26,8934.26,58.55,0.383,3.9,21,0,0,31.9,1
4,17,1846,0.164,20,0,5,71.5,2.2,92.41,184636.01,1069.28,37.39,0.135,6.2,10,1,1,95.7,1
9,22,637,0.282,16,8,0,76.8,3.7,14.24,310316.29,5104.03,30.89,0.138,19.7,16,0,1,79.0,1
47,25,1856,0.071,30,3,7,24.3,7.7,89.56,499800.19,1395.98,45.93,0.241,12.7,25,0,0,12.0,1
45,36,372,0.197,17,9,7,77.9,4.1,8.36,492779.19,4773.61,56.17,0.104,7.1,27,0,1,61.1,1
20,1,1050,0.432,9,2,8,93.9,7.3,7.3,497139.25,4251.83,93.78,0.239,6.9,7,0,1,10.2,1
19,32,1031,0.044,1,2,3,63.2,6.5,19.26,129451.92,3338.43,79.19,0.274,5.8,4,0,1,23.5,1
4,16,1545,0.258,19,4,3,62.2,0.7,57.29,491328.3,1696.43,29.07,0.224,4.9,5,0,1,11.7,1
22,13,262,0.284,2,1,1,17.4,7.4,46.43,347109.39,8614.55,82.14,0.5,5.4,22,0,1,24.9,1
23,63,12,0.352,8,8,8,41.3,3.0,13.19,15397.45,2776.24,45.28,0.313,0.2,23,0,1,74.9,1
25,37,1394,0.438,3,1,0,84.8,4.3,2.95,294481.05,317.59,76.51,0.059,2.3,26,0,0,8.4,1
7,61,442,0.392,6,4,7,71.9,4.2,10.4,214310.05,8746.22,37.61,0.444,9.2,19,0,1,26.3,1
13,31,1997,0.368,27,9,7,25.5,5.7,12.4,80852.63,5796.89,12.53,0.5,3.6,21,1,1,4.5,1
13,12,1743,0.123,26,1,0,57.2,1.3,79.74,401363.29,5142.59,11.94,0.18,4.9,5,0,0,44.6,1
19,45,278,0.343,25,7,1,55.8,2.3,70.61,475616.04,227.26,98.43,0.436,18.8,17,1,0,66.2,1
42,36,1299,0.12,20,9,8,55.2,7.1,88.43,25043.52,9615.74,83.52,0.295,19.4,6,0,1,95.3,1
5,44,608,0.177,18,2,1,54.5,5.9,71.74,286422.41,4242.42,67.22,0.273,3.1,21,0,1,56.3,1
31,32,35,0.288,25,10,5,43.1,6.5,10.3,238985.07,9074.99,67.88,0.279,17.0,12,0,1,52.2,1
23,79,1068,0.072,23,7,6,34.9,6.2,99.64,399656.05,6290.56,75.95,0.493,17.9,15,1,0,99.4,1
7,42,1999,0.12,25,8,6,80.2,1.1,56.81,135348.52,9042.78,44.12,0.079,15.2,26,0,1,33.3,1
48,54,1796,0.083,20,6,4,94.1,4.2,72.27,228390.38,9607.11,42.86,0.273,12.3,14,0,0,12.1,1
33,15,26,0.198,6,3,8,63.9,6.5,75.56,189760.72,2332.35,52.39,0.159,6.2,6,0,0,46.9,1
28,32,1030,0.078,30,9,3,3.4,5.3,80.03,166887.18,3025.76,57.41,0.195,1.4,25,1,0,50.8,1
13,77,625,0.204,27,6,3,11.1,2.9,41.39,428102.86,530.2,93.98,0.384,17.0,1,0,0,37.3,1
11,43,528,0.286,19,5,4,92.6,4.8,84.09,177592.61,4942.15,56.14,0.414,2.1,0,0,1,43.3,1
16,44,47,0.185,18,9,0,38.9,0.5,10.3,143713.7,9923.3,77.47,0.425,7.4,17,1,0,51.9,1
22,50,50,0.064,14,4,0,82.4,7.5,64.53,347552.87,8732.16,78.32,0.216,13.3,4,0,0,39.7,1
25,62,913,0.083,27,10,8,4.2,0.9,91.65,123369.85,7733.28,81.72,0.002,15.3,8,0,0,15.6,1
43,64,47,0.1,30,8,6,34.3,7.6,2.6,451432.86,6609.27,42.12,0.277,15.6,9,1,1,96.4,1
37,30,841,0.034,16,6,0,57.6,7.1,91.18,164408.32,1003.73,21.62,0.205,1.6,22,0,0,77.3,1
46,18,798,0.154,26,3,6,53.5,7.7,85.39,344354.29,4953.27,19.42,0.155,19.8,1,1,1,50.8,1
14,0,791,0.235,3,10,8,98.0,5.9,38.14,438956.58,450.04,76.27,0.023,10.3,2,0,1,29.4,1
21,21,964,0.278,12,10,6,58.3,4.4,99.57,96360.95,2451.46,80.53,0.447,9.4,23,1,1,93.5,1
49,14,650,0.067,17,8,0,64.7,5.9,35.48,137107.31,7016.12,97.06,0.136,3.1,20,0,0,84.4,1
12,25,1337,0.436,6,1,1,72.9,5.8,63.44,388771.71,737.35,11.3,0.085,16.0,14,1,0,97.1,1
48,32,1446,0.167,12,4,4,18.2,5.1,7.32,203252.32,3610.67,49.01,0.305,15.3,2,1,0,59.9,1
17,31,1738,0.217,20,0,7,28.0,6.7,59.28,17400.92,3005.13,19.21,0.347,15.3,15,1,0,18.6,1
8,55,387,0.446,19,5,2,43.4,2.9,77.66,339111.98,3019.73,52.85,0.402,3.0,21,0,1,35.7,1
43,69,563,0.367,15,7,4,30.3,1.2,60.26,59130.45,5566.46,56.57,0.138,3.0,26,0,0,57.5,1
42,22,1812,0.169,18,4,8,85.3,5.4,2.96,433290.95,5851.31,13.44,0.403,18.6,17,0,1,19.2,1
31,49,620,0.054,10,8,0,3.8,5.7,7.56,123511.94,8431.42,36.83,0.255,9.3,2,1,1,73.7,1
10,21,1834,0.339,26,7,4,10.0,7.7,15.5,499790.26,5445.44,79.44,0.027,5.0,17,0,0,58.8,1
4,78,1232,0.2,27,0,3,58.6,7.4,83.89,125927.18,5627.12,31.17,0.359,13.8,10,1,0,96.2,1
18,7,526,0.481,20,6,1,97.7,4.3,17.32,91642.26,1608.48,44.91,0.129,19.2,26,0,1,68.6,1
50,15,1676,0.184,17,9,2,95.3,1.7,8.41,327941.89,2439.7,79.39,0.177,2.6,12,1,1,72.5,1
19,24,1757,0.075,26,3,5,17.7,6.7,38.58,481837.97,3035.1,18.79,0.043,15.3,14,1,1,73.5,1
9,21,1260,0.055,1,0,2,15.3,0.9,62.15,153464.78,1368.17,45.63,0.463,16.6,7,0,1,67.9,1
20,53,1622,0.367,26,3,7,80.7,0.3,92.38,38422.42,710.59,57.89,0.102,8.2,7,1,0,42.2,1
28,67,971,0.141,16,7,0,93.6,1.5,81.43,234241.35,7982.56,37.32,0.411,17.6,9,0,0,82.7,1
2,24,700,0.319,15,7,2,88.8,5.2,28.58,441888.91,4758.82,14.88,0.021,1.8,13,1,0,0.9,1
24,64,1622,0.35,8,5,1,32.7,3.7,98.63,405784.26,1043.17,97.11,0.147,12.6,30,1,0,94.6,1
23,46,376,0.176,7,3,2,73.4,5.2,70.78,485949.59,3303.97,17.7,0.479,11.4,19,0,1,86.1,1
31,2,1571,0.314,19,3,8,61.9,0.1,1.69,243199.47,9045.32,76.02,0.464,17.3,12,0,1,92.3,1
19,23,462,0.283,2,3,5,74.6,5.8,27.55,310171.87,2871.28,44.08,0.415,5.7,7,1,1,59.9,1
4,10,215,0.048,8,6,3,54.2,4.3,14.86,74901.54,6108.12,41.2,0.235,16.3,28,0,1,55.9,1
35,64,68,0.419,5,5,2,28.3,2.3,20.58,441330.84,9071.23,11.8,0.086,6.5,18,0,1,84.6,1
47,55,1521,0.187,17,6,6,19.6,4.8,87.3,301326.75,3644.14,38.6,0.317,18.0,28,1,1,14.4,1
7,59,544,0.271,19,9,5,39.2,1.4,73.02,299576.87,2548.95,41.83,0.415,7.1,12,0,0,8.4,1
21,78,1638,0.377,30,3,1,85.0,5.4,63.75,296240.27,1635.93,57.86,0.293,19.9,12,0,1,65.8,1
33,36,65,0.489,22,5,7,72.6,3.8,13.62,431621.19,1581.76,67.96,0.102,10.4,19,1,1,33.8,1
34,56,1313,0.137,12,9,6,33.4,2.0,56.37,174165.03,9983.36,38.77,0.071,8.4,2,0,0,85.7,1
41,37,21,0.3,19,0,1,6.7,2.2,67.48,110405.03,1556.9,84.07,0.25,19.0,18,0,1,46.9,1
12,78,237,0.223,15,9,5,99.8,1.6,60.7,430193.44,5794.59,35.1,0.298,7.0,14,1,0,28.7,1
13,29,1572,0.226,10,4,8,83.3,4.8,1.92,61969.33,447.48,67.21,0.276,0.9,29,1,0,55.6,1
12,14,199,0.372,23,1,1,31.3,7.1,29.14,107560.27,840.06,37.19,0.02,1.1,15,0,0,27.3,1
14,46,1371,0.318,12,5,3,66.8,1.8,26.46,260276.59,2720.02,93.05,0.252,8.6,9,0,1,73.3,1
34,6,89,0.059,25,0,6,30.9,7.4,39.25,328529.02,4432.19,79.42,0.02,17.4,11,0,1,20.1,1
2,56,1311,0.195,18,0,1,7.9,6.7,30.41,469291.14,6192.72,63.18,0.252,8.8,23,0,1,9.7,1
35,20,611,0.494,5,9,7,93.8,4.2,32.64,126974.03,6502.82,78.91,0.015,19.9,17,1,0,96.8,1
16,15,1417,0.067,14,6,3,15.4,2.8,23.8,179127.42,385.41,53.73,0.397,13.2,8,0,1,80.9,1
9,14,759,0.046,6,4,4,71.5,3.5,79.16,70365.46,8165.31,54.18,0.263,17.8,9,1,1,36.5,1
48,26,968,0.312,21,3,0,43.3,3.9,65.58,448707.69,6886.0,22.62,0.314,10.2,8,1,0,8.1,1
35,20,207,0.238,16,7,3,3.6,3.0,13.74,90633.82,9048.65,10.26,0.029,9.5,11,0,0,55.1,1
49,57,1948,0.127,9,3,1,98.1,2.8,80.48,308190.97,7880.14,62.58,0.044,11.6,12,1,0,0.1,1
47,13,984,0.148,26,1,2,18.2,2.3,3.6,213371.15,5261.33,43.4,0.41,18.0,19,0,1,49.9,1
36,80,155,0.135,3,3,5,76.1,1.3,10.02,17379.01,9862.83,13.14,0.089,16.7,1,0,0,51.6,1
19,54,1402,0.178,10,9,1,76.7,3.9,13.77,149401.9,1881.42,34.47,0.126,1.6,26,0,0,56.4,1
34,3,280,0.481,21,10,8,69.4,6.0,68.85,238086.03,1874.06,56.05,0.329,16.3,26,0,1,9.1,1
41,10,972,0.014,2,6,2,34.5,1.8,94.47,453930.4,5702.01,41.22,0.176,8.4,7,0,1,92.4,1
2,6,1868,0.238,28,7,0,76.7,0.0,79.71,286264.99,9097.51,38.31,0.217,17.1,8,0,1,61.5,1
33,10,1496,0.412,27,4,4,28.6,0.1,32.53,69399.58,7179.99,66.03,0.28,15.8,20,1,0,3.1,1
17,3,887,0.169,30,5,4,56.9,5.2,7.12,119304.42,8001.16,18.63,0.101,10.3,30,1,1,59.9,1
32,69,1405,0.045,10,5,0,96.0,1.7,18.25,205126.34,7004.82,42.45,0.304,16.1,15,1,0,84.9,1
18,63,1879,0.259,10,0,0,43.9,5.4,52.8,404482.01,4474.22,76.2,0.133,17.8,5,0,0,38.9,1
41,55,419,0.012,26,9,6,72.9,2.0,34.24,44646.87,8115.38,98.84,0.082,19.2,26,1,0,56.3,1
23,53,1991,0.259,20,4,6,40.2,3.5,93.23,179051.1,2644.22,98.01,0.479,13.8,13,1,1,12.2,1
8,17,147,0.134,27,10,6,36.7,4.2,62.04,99514.21,5764.54,59.81,0.317,18.8,13,1,1,52.0,1
17,50,223,0.335,28,2,0,83.9,6.2,1.66,149467.34,1875.77,43.08,0.019,15.0,3,0,0,47.8,1
50,2,1489,0.268,4,10,4,60.0,2.9,95.09,280326.05,8231.1,69.62,0.175,2.5,23,0,1,65.8,1
10,58,1887,0.421,27,5,7,61.0,0.5,94.82,280433.22,1599.89,46.63,0.362,0.2,22,0,1,20.7,1
9,47,1764,0.327,6,0,7,59.0,2.4,40.52,75408.82,8929.51,23.14,0.178,0.8,24,0,1,88.6,1
18,66,1266,0.228,22,5,8,56.2,2.2,45.36,199796.68,6190.23,60.48,0.277,12.8,21,1,1,67.8,1
20,58,377,0.412,3,4,4,63.6,2.5,67.81,342777.18,6339.81,93.75,0.092,7.8,12,1,1,19.2,1
32,51,663,0.385,23,8,1,38.5,0.4,92.49,189186.45,1586.16,60.56,0.144,18.9,21,0,0,44.8,1
9,26,1739,0.294,25,3,1,53.8,2.5,85.59,314931.52,7930.48,99.42,0.481,4.3,15,0,1,30.2,1
22,77,1677,0.486,9,4,7,28.9,1.4,16.08,264463.69,6721.37,86.64,0.379,13.0,23,1,0,21.2,1
9,27,513,0.228,17,10,2,39.3,2.7,37.06,422789.81,8417.93,91.66,0.455,12.1,15,1,1,26.7,1
9,41,815,0.355,3,5,6,41.1,6.6,7.67,395940.23,8438.53,65.07,0.055,19.7,17,0,0,72.3,1
47,23,1922,0.372,21,4,6,79.1,0.6,73.4,79116.67,5948.99,21.95,0.028,1.9,12,0,1,90.3,1
4,3,534,0.428,20,3,3,48.2,4.2,86.81,384307.89,2107.95,21.2,0.002,16.6,7,1,0,67.6,1
2,21,1851,0.401,14,0,2,47.3,0.9,92.36,395450.11,7984.79,42.58,0.47,16.1,29,1,0,98.4,1
26,46,1730,0.121,22,6,7,86.6,0.3,42.03,424320.28,2154.34,93.74,0.401,0.7,25,1,1,47.5,1
44,50,259,0.132,19,8,1,99.9,3.5,79.16,442647.67,1442.71,22.54,0.396,18.1,15,0,0,62.3,1
25,71,1819,0.072,19,4,6,86.4,7.0,96.12,212430.48,8319.51,15.4,0.356,10.7,13,1,0,40.1,1
29,25,35,0.413,12,9,7,13.6,3.6,65.74,223595.49,5555.43,29.11,0.295,16.2,15,0,0,10.0,1
17,49,1462,0.338,28,10,3,73.3,3.3,80.64,124470.28,9755.68,46.61,0.181,10.4,6,1,1,49.4,1
20,14,914,0.023,27,10,2,48.4,3.7,18.98,240731.45,3512.85,34.83,0.436,10.0,8,0,0,67.1,1
2,0,1850,0.39,3,10,7,96.0,3.5,39.05,78551.96,5425.97,26.52,0.44,3.5,12,1,1,43.2,1
36,77,83,0.147,1,6,7,70.4,1.8,91.16,161620.49,7157.73,14.41,0.172,0.7,26,1,1,50.3,1
18,48,71,0.328,24,2,8,51.8,1.5,46.21,485345.12,4815.64,71.86,0.374,0.6,18,1,0,74.5,1
42,15,551,0.329,3,7,1,10.8,0.3,84.45,357428.48,8407.74,22.22,0.272,14.8,26,0,1,64.0,1
29,33,1626,0.031,11,4,0,12.9,1.8,5.33,337933.64,4848.74,87.32,0.392,5.5,5,0,1,26.3,1
28,16,934,0.186,9,5,0,79.0,2.5,95.05,270014.14,5610.38,72.31,0.293,7.9,12,1,0,3.6,1
21,22,1278,0.114,29,8,8,54.9,4.6,68.66,374090.88,8039.15,92.31,0.268,11.7,10,0,0,71.9,1
5,39,896,0.47,3,8,3,95.7,6.9,69.83,460785.08,4922.84,95.06,0.293,4.0,1,0,1,74.1,1
31,61,1017,0.174,12,2,8,40.5,4.1,71.78,47465.82,9616.12,88.82,0.411,4.1,18,0,0,67.5,1
39,56,800,0.186,24,5,3,50.8,1.3,37.46,280737.19,9838.72,84.95,0.136,0.4,29,1,1,53.6,1
20,2,667,0.229,6,0,7,21.7,0.9,87.72,202199.39,1493.88,86.1,0.465,9.8,1,1,1,99.3,1
35,25,927,0.013,1,0,3,61.4,3.4,85.05,289593.51,9216.91,74.82,0.484,5.6,10,1,0,97.3,1
44,58,1381,0.468,27,2,6,63.0,1.6,87.42,82270.06,2509.68,60.1,0.152,12.0,1,1,0,93.7,1
18,74,1966,0.445,9,1,3,45.5,6.6,7.82,378271.79,6685.43,43.12,0.137,9.8,10,1,1,12.1,1
39,54,244,0.207,14,5,1,91.1,4.1,34.02,45743.84,4299.42,25.96,0.361,0.9,22,1,1,54.7,1
5,27,1534,0.303,19,5,8,40.8,2.2,68.13,184943.77,8697.7,51.56,0.285,17.9,5,0,0,17.9,1
18,15,79,0.238,15,1,6,39.2,0.3,17.51,322664.36,3378.59,10.99,0.251,17.6,16,1,0,54.8,1
2,52,1648,0.449,19,6,1,76.5,6.2,13.8,149253.32,4323.28,80.76,0.498,9.2,15,1,0,50.6,1
17,56,1052,0.038,30,4,4,18.6,5.7,40.83,417962.1,7897.54,50.55,0.358,1.0,22,1,0,22.7,1
35,76,616,0.317,25,0,2,73.0,0.1,53.65,68968.3,2269.9,98.82,0.276,11.9,20,0,0,57.6,1
43,47,1332,0.281,8,2,6,79.4,5.4,8.06,214440.73,625.32,62.51,0.238,15.7,6,0,0,69.3,1
23,60,1009,0.212,27,1,1,94.3,4.9,65.51,273589.13,6075.78,15.01,0.216,0.2,6,0,0,66.5,1
26,33,1000,0.214,10,6,5,93.9,4.0,35.72,49307.31,8107.24,27.83,0.469,9.6,15,0,0,15.1,1
10,21,752,0.269,27,3,4,97.3,6.2,54.13,140505.45,3098.66,95.44,0.319,0.5,7,0,1,14.7,1
27,0,1501,0.019,14,10,0,13.8,7.1,22.02,67808.15,4215.69,66.73,0.487,10.6,25,0,0,19.5,1
46,19,197,0.061,23,6,0,53.5,1.5,49.45,368277.84,3282.7,37.4,0.159,14.6,7,1,1,56.2,1
35,71,1661,0.04,2,5,1,23.9,8.0,21.4,30369.37,911.58,43.16,0.414,3.6,2,0,1,38.9,1
40,28,1050,0.048,29,9,4,63.1,5.7,23.86,280414.91,4775.54,21.72,0.23,14.8,13,0,1,75.7,1
44,25,33,0.033,25,7,6,51.6,7.1,81.61,41057.62,2481.63,19.51,0.307,10.7,26,0,0,39.2,1
4,53,333,0.08,4,2,6,96.6,3.2,36.67,419909.66,614.09,82.95,0.323,13.9,8,0,1,77.6,1
5,39,1496,0.433,5,0,2,44.1,0.6,48.03,75888.11,9756.17,79.37,0.206,3.1,10,1,0,1.6,1
23,7,448,0.475,2,7,2,24.1,4.0,12.18,99587.88,9657.75,57.4,0.153,16.8,23,1,0,1.7,1
25,37,665,0.096,11,5,8,94.3,7.4,77.28,324114.09,1014.86,83.13,0.349,19.5,6,0,1,85.5,1
4,23,203,0.054,4,2,4,23.7,1.6,47.36,221113.55,1126.46,63.13,0.3,7.1,27,1,1,81.0,1
37,33,184,0.325,10,5,6,43.4,0.9,76.7,109913.69,1383.64,36.76,0.075,9.5,19,0,1,64.4,1
26,58,991,0.411,14,6,6,19.6,7.4,20.24,67981.41,5068.81,48.75,0.234,9.9,15,0,0,96.6,1
16,36,1329,0.004,26,3,5,18.4,0.4,45.69,41310.11,6696.83,19.1,0.346,13.6,1,1,0,99.5,1
4,41,1981,0.477,28,6,4,8.5,6.8,84.07,339077.77,7005.61,80.26,0.253,7.2,9,0,1,43.8,1
29,62,1397,0.46,30,3,4,65.7,1.9,97.06,477375.5,9889.68,19.02,0.178,7.8,8,0,0,79.4,1
24,42,440,0.213,18,10,5,35.4,1.0,32.49,1535.46,1688.67,85.61,0.185,9.6,13,1,1,3.3,1
22,73,681,0.396,14,8,4,96.8,1.1,59.35,76525.2,7442.7,55.69,0.376,4.2,10,0,0,57.4,1
16,67,893,0.16,16,7,2,80.6,7.8,96.13,339448.49,349.29,18.42,0.385,10.5,26,1,1,25.2,1
37,31,1671,0.156,16,4,2,28.5,2.5,37.27,155852.23,5943.0,89.27,0.036,10.9,13,1,1,54.2,1
18,39,35,0.43,17,6,5,40.0,3.0,59.41,388325.02,2303.77,31.95,0.135,18.2,18,0,1,93.4,1
15,1,1033,0.147,15,9,6,7.5,6.1,61.65,154839.5,3968.12,32.7,0.394,5.1,21,0,0,4.8,1
7,20,1815,0.047,7,6,8,97.0,3.8,74.27,164474.25,3309.76,11.52,0.144,13.1,11,0,0,74.7,1
32,56,843,0.328,11,8,5,64.6,3.1,92.09,230848.7,4677.74,55.71,0.001,7.4,8,0,1,96.9,1
43,23,744,0.025,17,2,0,17.0,6.8,33.04,164971.77,866.31,55.42,0.198,3.2,5,1,1,72.0,1
41,76,1824,0.214,29,1,0,72.4,0.4,42.01,67299.42,6225.31,25.37,0.329,10.6,26,0,0,71.2,1
38,65,1627,0.096,27,2,3,58.9,0.6,80.15,206215.69,2103.25,85.06,0.448,15.2,5,1,1,87.8,1
21,79,997,0.351,13,7,2,64.7,7.9,62.48,36667.17,9033.25,98.79,0.476,16.8,14,1,1,74.0,1
35,38,1484,0.412,9,1,7,58.2,3.4,86.23,321811.26,7997.54,88.42,0.351,0.7,14,0,0,9.0,1
18,42,29,0.311,6,4,3,73.4,7.2,50.62,488853.04,1354.52,48.48,0.031,9.1,19,1,1,3.7,1
36,52,1203,0.174,2,2,0,91.7,7.0,91.92,326051.65,2538.36,10.1,0.041,11.8,27,0,0,35.1,1
23,38,1640,0.499,27,9,3,41.1,5.8,9.0,380220.14,9619.72,83.16,0.244,10.2,27,1,1,85.9,1
40,1,1279,0.101,20,9,0,63.5,6.8,33.04,482915.06,8422.41,99.66,0.174,17.0,16,1,0,30.4,1
45,0,177,0.366,12,5,6,61.3,0.2,44.97,254832.94,2565.18,49.15,0.11,3.9,19,0,0,42.6,1
12,3,873,0.307,9,0,4,27.8,6.8,61.96,449429.23,1572.54,18.05,0.435,3.4,2,0,0,18.1,1
22,47,1186,0.125,19,8,6,46.3,4.5,79.72,138175.67,1872.87,12.06,0.428,3.1,18,1,0,57.1,1
19,80,225,0.246,17,2,8,67.4,7.9,39.76,133288.87,9763.49,38.98,0.423,11.9,7,0,1,3.3,1
49,44,466,0.063,25,9,3,37.2,5.6,31.63,442129.51,7196.75,28.41,0.23,11.3,29,1,1,12.3,1
20,72,648,0.097,30,5,7,16.2,4.6,97.89,329665.47,4625.33,45.46,0.037,0.3,17,0,0,97.0,1
10,60,172,0.021,24,0,1,69.1,6.8,25.96,481354.97,6392.59,48.68,0.133,3.3,7,1,1,76.6,1
42,47,722,0.356,18,4,4,89.6,5.9,40.5,93714.61,4950.07,74.55,0.372,4.7,30,1,1,83.8,1
47,66,1334,0.226,20,5,8,56.0,3.1,1.25,277025.92,9183.07,77.84,0.084,15.1,15,1,0,13.1,1
30,58,1312,0.072,11,4,0,62.3,3.2,1.38,51394.42,3739.42,15.59,0.353,0.7,24,0,0,67.4,1
30,42,1501,0.026,7,2,2,91.9,1.3,16.75,169716.64,6378.6,44.49,0.408,14.9,10,1,0,22.2,1
13,53,799,0.199,3,8,2,27.6,7.4,90.41,342539.06,6214.69,76.6,0.353,1.9,4,1,0,25.2,1
29,50,715,0.437,6,5,8,64.6,4.7,35.42,113867.27,8711.53,29.63,0.132,17.6,18,0,1,69.0,1
16,61,394,0.001,17,8,2,46.4,3.5,22.15,462314.73,1932.16,45.27,0.252,2.2,28,1,0,59.8,1
7,20,201,0.213,19,1,0,61.7,1.1,44.31,433093.54,9944.56,60.84,0.143,10.4,22,1,1,45.9,1
37,38,1030,0.046,30,2,0,10.2,6.4,20.9,421750.2,7652.58,43.43,0.189,18.5,14,0,1,90.3,1
39,64,1965,0.001,15,5,8,52.9,3.3,57.91,320446.64,6517.1,70.15,0.105,3.3,23,1,1,61.1,1
7,55,167,0.223,12,10,7,99.1,7.7,44.47,31331.87,4756.79,63.0,0.432,17.4,30,0,0,40.8,1
4,30,601,0.351,9,6,1,4.5,1.6,21.39,425.29,6900.21,83.56,0.29,1.1,22,0,0,48.0,1
30,26,971,0.278,6,2,0,95.5,2.6,85.0,100521.3,3154.87,64.59,0.246,6.3,11,0,1,72.4,1
49,36,528,0.147,5,8,2,14.9,2.1,35.23,476258.33,655.83,27.6,0.335,11.6,18,0,1,40.9,1
2,77,1432,0.195,25,4,7,94.3,4.8,46.56,112179.01,8532.72,89.96,0.366,14.0,25,1,0,6.4,1
24,63,1021,0.29,16,0,8,35.5,1.1,22.65,153146.12,9120.53,44.25,0.226,14.6,8,0,1,29.9,1
16,58,1591,0.475,11,3,6,56.5,3.9,14.86,193027.87,8432.46,29.75,0.259,0.8,23,0,1,17.3,1
34,50,466,0.411,24,4,5,8.8,5.1,64.02,124238.43,2721.63,27.39,0.401,9.5,13,0,0,26.2,1
33,6,1433,0.325,20,6,8,87.3,1.7,59.27,443517.4,7119.87,72.81,0.475,18.8,20,1,0,38.4,1
10,55,804,0.204,10,4,3,68.9,7.0,68.38,114743.34,7284.98,81.8,0.147,1.3,19,1,0,55.1,1
46,64,1557,0.033,26,10,3,82.9,7.7,88.41,282442.63,3375.72,17.12,0.086,11.7,4,1,1,43.2,1
12,26,295,0.463,19,6,0,74.1,4.0,22.48,401434.45,2177.75,51.01,0.332,7.5,4,0,1,28.8,1
21,73,1866,0.094,20,7,8,28.5,2.0,62.37,74873.12,5797.16,78.45,0.416,4.6,9,0,0,49.0,1
47,32,159,0.337,4,0,0,25.1,0.9,73.31,486232.15,4285.35,87.15,0.422,6.2,26,1,1,75.1,1
19,46,1092,0.34,27,5,7,13.1,7.0,99.32,240217.68,5731.72,15.65,0.125,7.2,8,0,0,1.3,1
45,24,168,0.293,30,6,6,82.1,0.5,34.14,284722.71,3602.0,45.27,0.35,2.6,4,1,1,11.1,1
42,49,863,0.025,10,9,2,67.5,0.6,57.04,64121.96,1125.47,28.85,0.482,18.6,0,0,0,63.3,1
12,49,1908,0.459,25,1,1,71.3,3.8,77.64,52575.86,1361.31,81.09,0.294,16.6,13,0,1,25.3,1
48,25,1201,0.328,2,3,4,70.1,8.0,46.92,227153.05,4005.94,57.31,0.289,15.4,8,0,1,0.9,1
42,27,1425,0.481,24,0,0,63.2,6.1,58.47,94181.87,1031.91,12.0,0.038,1.9,3,0,1,81.5,1
32,78,1611,0.077,24,10,5,35.3,6.7,64.12,276760.4,6021.22,96.59,0.039,12.9,1,1,0,93.3,1
47,17,316,0.307,14,5,6,15.6,4.2,51.87,302903.07,5174.54,32.53,0.074,17.5,22,1,1,82.2,1
35,25,1298,0.174,11,5,2,11.4,1.1,27.43,382067.74,3320.37,79.14,0.282,4.0,11,1,1,37.1,1
18,41,1961,0.187,15,3,6,90.5,7.3,33.53,58639.04,5165.93,57.84,0.174,4.2,11,0,0,41.9,1
33,44,1129,0.163,23,8,0,14.4,5.5,8.17,282475.19,9573.24,17.24,0.301,17.7,20,1,1,58.7,1
41,0,1840,0.293,8,6,3,34.5,2.5,15.55,477991.44,9574.32,79.93,0.048,11.7,16,0,0,13.3,1
4,75,1030,0.392,9,5,0,77.0,4.2,24.15,498718.23,9536.8,27.77,0.448,4.5,19,0,0,85.6,1
34,68,1171,0.383,11,2,1,81.7,4.7,57.03,477344.64,9168.26,59.64,0.125,7.6,23,0,0,47.2,1
14,75,927,0.082,17,3,8,3.9,1.2,40.59,162545.0,3544.51,39.1,0.107,13.8,27,1,1,66.7,1
36,44,174,0.282,11,7,0,10.6,7.0,76.56,377294.48,1906.22,30.9,0.137,3.6,26,0,0,0.6,1
41,45,1909,0.013,23,8,1,71.1,4.6,60.16,414552.12,4557.6,42.59,0.28,7.0,7,0,1,1.9,1
33,62,1066,0.374,28,5,0,96.6,3.3,64.67,58111.96,9900.43,29.4,0.477,16.4,0,1,0,64.2,1
35,72,1334,0.454,15,4,0,54.6,2.1,38.78,491920.54,3747.43,99.36,0.173,10.8,2,0,0,81.6,1
6,52,1326,0.072,16,9,7,7.3,4.7,1.48,40899.2,4107.44,99.57,0.22,6.2,16,1,1,84.2,1
43,27,1842,0.187,16,1,6,4.2,5.6,68.08,343410.01,2793.28,63.68,0.106,4.7,21,0,1,25.0,1
10,12,1771,0.329,16,3,0,13.3,6.5,84.69,340326.05,3629.4,80.18,0.175,10.5,8,1,0,11.9,1
19,66,1430,0.088,18,2,2,22.9,3.9,73.9,123897.95,770.99,28.14,0.233,15.2,8,0,1,2.7,1
18,58,1634,0.032,24,2,0,58.4,1.2,81.71,69306.84,7024.17,29.97,0.383,12.5,11,1,0,80.4,1
7,38,1103,0.286,1,10,6,24.9,1.4,89.6,239369.82,5154.3,56.87,0.245,19.7,13,1,0,10.8,1
2,23,666,0.085,22,1,0,95.8,7.4,59.29,195180.68,9628.35,46.03,0.459,15.2,3,1,1,51.4,1
43,10,1998,0.446,24,3,4,88.1,6.0,32.13,104155.83,8147.76,44.23,0.099,5.4,19,1,1,77.2,1
4,70,1682,0.055,11,6,8,12.1,1.8,85.74,64101.84,7809.59,74.45,0.046,3.6,16,1,1,96.8,1
10,6,1723,0.187,13,4,2,86.3,2.8,89.82,204280.32,3141.94,72.73,0.477,9.8,30,1,1,18.5,1
3,63,782,0.155,29,6,6,3.1,4.1,4.78,376442.53,7091.18,68.22,0.192,11.4,11,1,1,20.5,1
38,19,514,0.363,5,7,6,7.8,1.6,95.34,463075.39,8168.87,70.3,0.286,14.4,1,1,1,52.4,1
7,22,1287,0.044,17,4,4,5.4,7.5,75.5,20116.87,8020.34,40.32,0.164,7.0,1,0,1,39.7,1
12,60,1097,0.27,30,5,8,71.9,2.3,78.05,62778.46,5262.48,64.68,0.346,7.3,12,1,1,97.3,1
29,43,100,0.073,11,0,5,47.6,7.1,51.41,295222.94,6420.91,74.32,0.453,9.2,3,0,1,24.5,1
40,10,1856,0.115,10,5,6,17.3,7.2,46.15,288876.2,7249.4,75.39,0.472,1.3,1,0,1,32.9,1
19,68,1428,0.29,13,9,2,92.7,3.3,83.55,229298.01,4644.85,53.98,0.474,12.8,19,0,0,25.4,1
41,71,1071,0.02,17,3,2,35.3,4.4,90.75,25915.97,9627.85,83.78,0.371,15.0,26,1,0,35.0,1
39,66,1829,0.166,18,7,5,96.9,4.5,16.37,127518.28,1513.06,27.77,0.219,9.0,25,0,0,61.4,1
24,80,564,0.311,14,10,0,36.4,3.4,20.52,50602.14,7985.92,15.37,0.358,19.9,8,1,0,84.2,1
22,52,71,0.344,28,6,8,64.3,5.2,10.61,80704.92,6948.06,97.5,0.32,2.5,7,0,0,40.4,1
7,3,1704,0.03,15,1,6,42.6,5.4,17.99,31714.92,7673.7,17.48,0.056,3.4,6,1,1,82.4,1
12,45,434,0.001,13,8,3,32.3,7.9,52.6,222805.11,3652.41,81.26,0.312,7.3,11,1,1,33.8,1
41,10,1588,0.44,28,2,3,95.7,4.5,10.84,249055.41,6564.01,65.59,0.146,3.4,8,0,1,37.8,1
25,6,503,0.496,1,4,4,22.5,6.7,6.03,477937.49,8485.44,96.24,0.128,8.4,19,1,0,31.3,1
26,80,1807,0.165,5,1,2,30.1,0.2,11.65,452179.92,9437.85,25.34,0.347,18.5,25,0,0,9.2,1
16,43,1867,0.117,25,3,6,24.5,4.5,82.08,183709.03,5067.16,27.12,0.299,13.4,28,0,1,24.2,1
4,53,1957,0.248,11,6,1,36.8,2.1,83.91,215921.01,3868.27,44.47,0.452,3.2,25,0,0,47.8,1
36,57,656,0.111,30,9,6,46.9,4.7,74.94,335039.8,7296.77,82.74,0.462,9.0,22,0,1,2.1,1
32,16,1473,0.401,14,9,6,75.0,1.8,64.74,22780.42,3173.85,90.4,0.489,3.2,23,1,1,79.9,1
37,76,1174,0.151,21,10,1,23.5,2.3,27.99,327417.0,3356.5,45.38,0.33,9.1,30,1,0,46.7,1
8,59,594,0.229,17,1,1,84.1,2.0,89.86,269559.15,2781.7,63.83,0.003,16.3,15,1,1,33.7,1
38,13,1932,0.259,21,6,6,33.5,4.5,75.76,15618.44,2979.99,10.59,0.129,14.0,15,0,1,24.7,1
8,80,452,0.407,27,8,4,8.1,1.5,39.3,334398.55,5349.77,83.39,0.206,12.1,3,1,1,35.9,1
1,58,1495,0.381,5,2,3,50.6,3.0,76.0,19186.6,3655.27,74.92,0.221,16.6,30,0,1,86.5,1
49,74,145,0.116,23,9,0,79.6,7.9,17.98,370845.28,5310.52,41.92,0.327,4.6,30,1,1,25.7,1
47,67,1063,0.344,15,4,5,10.0,0.2,10.95,178865.5,1229.74,68.84,0.076,4.9,27,1,0,1.3,1
12,45,1953,0.351,30,2,3,52.9,5.8,57.28,248841.81,6041.61,75.0,0.337,9.8,24,0,0,40.8,1
11,23,720,0.43,28,8,7,44.8,3.4,2.3,308315.54,5625.6,51.89,0.243,11.4,15,0,1,19.7,1
37,34,823,0.094,3,5,4,5.7,7.4,45.63,123084.31,2106.19,71.64,0.283,15.3,23,0,0,3.5,1
44,26,107,0.397,24,4,8,66.4,5.4,19.3,121075.43,5767.21,58.69,0.177,15.5,15,1,0,59.4,1
23,20,735,0.121,17,10,0,84.8,2.8,10.01,316295.26,8740.53,50.27,0.184,4.6,22,1,0,67.6,1
16,3,826,0.337,27,9,6,68.3,3.9,51.33,494097.16,2502.18,59.37,0.277,7.7,2,0,0,94.7,1
23,16,1791,0.156,9,3,7,97.1,7.0,92.36,362624.64,1299.21,67.44,0.423,13.3,23,1,0,35.5,1
47,3,301,0.002,26,2,2,25.6,5.9,6.86,195089.6,3935.65,50.26,0.483,17.9,27,0,0,70.2,1
42,73,1946,0.475,3,10,7,51.3,0.3,19.98,485697.85,7589.6,43.8,0.072,18.4,7,0,1,51.7,1
9,67,1805,0.377,3,8,4,40.8,5.4,65.71,366254.48,9134.92,76.88,0.484,14.6,24,0,1,50.1,1
24,25,450,0.098,1,7,4,69.3,3.4,47.06,201536.48,4309.17,31.57,0.298,1.5,8,1,1,22.1,1
1,17,1646,0.187,17,4,7,64.3,1.0,86.46,453705.93,4105.56,24.04,0.122,5.9,23,0,1,67.4,1
35,21,883,0.169,10,5,3,54.5,5.6,31.89,113599.12,4614.77,61.23,0.118,0.2,29,0,0,77.8,1
48,71,817,0.097,3,9,8,64.7,5.3,87.48,299528.98,8302.77,59.62,0.183,0.0,21,1,0,5.3,1
18,37,1619,0.481,2,7,7,85.6,6.5,63.03,1438.26,6263.63,31.58,0.41,12.7,15,1,0,14.4,1
10,46,1157,0.082,28,0,3,95.5,7.1,71.79,430609.22,2850.61,82.63,0.281,5.9,19,0,1,66.1,1
48,68,1800,0.32,15,0,2,33.0,2.5,60.19,320312.44,2343.53,10.2,0.122,15.2,22,1,1,90.5,1
45,16,556,0.378,22,9,8,5.5,1.3,13.81,414372.14,7838.77,68.5,0.32,10.3,3,1,1,83.9,1
43,50,944,0.373,3,7,4,80.9,0.0,60.5,497530.37,4761.71,76.35,0.15,6.6,19,0,1,11.6,1
17,35,1753,0.078,10,0,6,95.0,5.4,47.03,401062.16,1774.88,64.18,0.425,0.8,5,1,1,44.8,1
39,62,1301,0.03,29,1,7,96.8,7.5,61.33,483199.24,7970.78,19.33,0.164,0.8,17,1,0,97.3,1
42,20,118,0.48,25,6,5,97.8,1.2,41.84,331222.22,8205.5,56.77,0.156,19.1,2,0,0,67.8,1
33,39,862,0.41,2,3,8,59.7,4.8,23.97,112935.01,1859.97,25.67,0.22,2.7,26,0,1,78.7,1
23,69,1465,0.192,14,6,1,89.8,4.8,94.61,195537.24,3335.06,95.4,0.267,0.4,24,1,0,16.4,1
50,17,887,0.345,24,1,6,36.2,0.3,93.76,381211.69,5104.05,56.12,0.036,13.5,29,1,0,63.9,1
45,42,228,0.072,9,3,4,43.0,7.7,90.22,111652.79,6174.36,53.7,0.267,0.1,5,0,1,33.0,1
47,26,408,0.41,12,9,2,80.0,6.1,27.76,1299.77,8868.34,39.04,0.498,17.7,13,0,0,20.0,1
47,25,1889,0.027,23,3,7,95.4,7.7,87.47,215327.71,1642.7,97.8,0.36,7.2,13,1,0,73.9,1
27,16,442,0.193,1,6,4,84.4,7.1,27.79,450872.67,3300.72,40.55,0.026,8.9,26,1,0,80.6,1
4,51,1599,0.234,4,4,4,30.0,6.0,23.62,348472.85,1618.97,95.85,0.05,2.9,21,1,0,86.1,1
13,51,1811,0.271,5,7,4,3.2,0.1,90.11,341556.88,7681.23,45.22,0.492,11.3,13,0,1,75.8,1
30,80,570,0.286,13,9,2,34.3,5.5,17.88,56987.53,9105.39,18.57,0.146,8.4,12,1,1,88.2,1
45,1,829,0.163,18,8,0,95.8,1.5,2.31,402772.69,6305.32,42.19,0.332,15.1,1,1,1,86.9,1
16,22,134,0.16,23,4,8,69.7,1.0,40.09,401074.33,5044.05,48.53,0.408,12.4,10,0,1,49.1,1
44,52,305,0.152,1,7,2,43.7,7.9,26.27,126437.14,6989.56,52.54,0.215,0.8,26,1,0,83.7,1
31,52,1572,0.368,2,0,5,97.1,4.2,40.73,449062.06,9223.62,65.67,0.116,17.7,8,1,0,47.5,1
11,6,154,0.412,5,1,8,30.1,0.8,75.72,207870.14,5948.78,77.78,0.309,2.0,17,1,0,27.1,1
43,22,443,0.423,5,9,4,56.0,0.7,12.35,220877.87,6208.68,54.42,0.398,15.9,17,0,1,48.3,1
14,10,1180,0.425,21,2,0,81.8,0.4,62.42,293205.89,5732.89,26.71,0.2,15.5,7,1,0,57.6,1
20,55,349,0.077,4,7,2,94.0,1.4,14.85,43301.8,998.01,15.33,0.395,6.4,4,0,1,14.1,1
27,74,1450,0.319,23,10,4,92.1,7.2,72.79,176400.17,9616.56,45.83,0.349,10.6,29,0,0,82.3,1
49,23,1325,0.445,1,9,2,24.8,5.3,29.16,289295.99,8455.0,67.92,0.205,7.1,19,0,0,32.9,1
36,3,1739,0.108,12,7,3,99.4,7.3,44.26,69287.8,492.9,25.73,0.239,3.2,11,1,1,10.3,1
8,68,1599,0.114,29,5,2,32.8,2.6,5.15,338415.67,7669.19,33.91,0.182,1.8,11,0,1,42.6,1
39,19,1327,0.233,19,0,7,14.3,4.3,78.65,428591.37,7431.46,99.0,0.362,10.8,22,1,0,12.2,1
20,15,1693,0.394,24,2,7,78.7,2.0,25.4,111685.53,5389.02,36.08,0.218,0.3,19,0,0,99.9,1
33,27,1568,0.313,23,4,7,19.9,2.5,62.37,439414.14,8795.57,16.0,0.323,10.3,7,1,0,3.7,1
18,57,52,0.308,2,2,7,66.6,5.8,21.2,350388.58,2773.7,71.29,0.204,18.6,20,0,1,62.7,1
40,48,1085,0.384,25,3,0,21.5,5.0,61.59,349631.03,1598.41,68.1,0.265,17.5,19,0,0,91.1,1
20,78,1086,0.284,12,3,3,58.4,7.9,12.14,98810.35,9800.05,49.14,0.354,0.8,8,0,1,75.3,1
20,19,280,0.282,25,5,6,36.3,2.2,29.92,349086.58,6926.17,85.7,0.297,9.9,17,0,0,23.0,1
9,24,149,0.254,1,3,2,23.4,3.8,41.49,374383.67,1482.4,52.94,0.433,2.1,5,0,1,31.6,1
36,36,295,0.382,12,8,2,74.3,2.7,98.25,123916.4,3475.39,93.04,0.293,6.0,29,1,1,56.2,1
50,19,1122,0.14,10,8,0,39.2,0.3,47.8,486247.05,8724.53,25.53,0.48,7.0,6,0,1,60.6,1
10,64,1096,0.047,14,1,4,10.4,3.8,1.06,114708.61,5978.04,23.35,0.297,12.6,20,1,0,7.2,1
24,17,334,0.165,14,4,4,82.3,2.1,87.68,293186.57,8264.37,13.58,0.055,15.4,28,1,0,40.2,1
48,76,1372,0.405,1,9,6,98.6,7.2,88.98,265566.71,3890.74,75.21,0.112,13.7,16,0,0,40.1,1
36,67,1064,0.23,13,8,1,79.6,1.7,92.75,28037.34,9620.3,54.84,0.049,8.6,0,1,0,47.2,1
50,14,428,0.248,22,7,4,16.6,2.6,71.07,43902.37,4031.46,44.58,0.148,17.4,24,0,1,33.3,1
28,60,847,0.312,16,2,1,9.7,6.3,96.5,95602.96,1809.37,20.19,0.09,14.5,25,0,1,97.3,1
15,79,120,0.429,8,0,6,21.2,1.9,61.7,387644.06,6687.59,11.98,0.01,3.5,4,0,1,99.8,1
49,76,642,0.182,15,7,7,71.7,7.5,38.45,222064.24,6958.57,75.72,0.286,3.7,12,1,0,59.3,1
36,15,1845,0.035,1,10,0,21.2,4.8,12.83,189344.9,5527.96,91.2,0.361,2.1,2,0,0,23.8,1
46,44,557,0.459,7,5,5,63.3,0.5,63.66,73517.27,5549.02,19.15,0.033,10.9,24,1,0,63.6,1
15,33,638,0.267,7,9,1,61.2,3.4,79.25,202766.66,8971.45,88.2,0.479,16.7,24,1,0,88.6,1
29,21,1925,0.466,30,9,1,24.3,6.7,17.93,135462.58,1117.29,77.1,0.403,2.6,8,0,0,46.4,1
12,14,690,0.174,13,8,2,14.8,1.9,25.21,398180.09,1082.42,58.03,0.202,19.6,27,0,0,74.6,1
11,1,323,0.37,20,4,6,4.6,1.5,12.08,434672.68,3448.35,80.06,0.397,15.9,7,1,1,30.2,1
11,22,1065,0.421,17,5,7,16.6,6.9,85.14,137334.36,8508.54,51.69,0.003,8.3,30,0,1,1.3,1
45,30,1516,0.203,27,6,5,71.5,2.0,30.46,391049.13,4076.68,19.86,0.448,1.5,25,1,0,2.3,1
49,10,1174,0.329,3,8,8,38.3,5.5,8.93,251346.76,4051.99,73.14,0.295,10.3,19,1,1,70.6,1
42,31,1209,0.141,28,3,1,88.7,5.1,6.8,203684.23,3194.46,15.78,0.092,2.9,21,0,0,38.4,1
4,43,1803,0.045,7,3,5,44.6,3.4,59.49,155134.96,4065.47,62.71,0.224,18.6,24,1,0,79.8,1
47,0,899,0.391,24,8,0,12.2,2.8,72.46,27396.56,6872.68,54.66,0.193,3.6,6,1,1,75.9,1
16,22,1660,0.156,2,10,0,96.9,0.7,7.87,151098.57,8479.02,78.38,0.122,13.6,20,1,0,2.7,1
33,67,1130,0.138,2,7,8,78.5,6.3,94.1,67023.13,4902.31,80.44,0.03,7.2,17,1,1,6.0,1
47,75,22,0.041,19,6,4,85.3,7.4,95.99,211480.32,3867.18,58.84,0.068,0.9,13,1,1,76.3,1
36,27,957,0.047,26,10,8,51.7,4.5,96.0,379530.95,7930.0,90.15,0.146,7.2,11,1,1,9.5,1
39,6,1174,0.266,29,0,5,19.9,2.3,49.9,357520.96,1250.58,90.78,0.24,11.3,22,0,1,69.5,1
26,73,1078,0.069,2,5,6,89.4,5.1,55.69,61780.25,293.65,70.36,0.208,13.5,29,1,0,87.0,1
49,3,1967,0.477,16,9,7,19.9,4.4,84.43,167690.94,5269.24,64.84,0.239,8.1,27,0,1,42.9,1
32,9,1053,0.018,13,5,6,44.5,6.8,1.54,32499.09,1595.46,74.75,0.012,16.1,12,1,1,72.9,1
16,49,1014,0.468,18,2,5,37.9,4.8,44.81,290003.86,5304.72,62.9,0.334,6.4,30,1,1,88.5,1
39,25,221,0.357,15,4,0,48.2,4.1,55.44,254986.98,4667.27,14.64,0.117,1.3,28,0,0,96.7,1
44,26,542,0.446,26,0,4,64.4,4.7,97.36,338712.74,2981.62,26.89,0.07,1.3,9,0,1,41.3,1
29,27,115,0.375,3,5,0,54.7,4.9,62.64,175602.87,1007.02,99.14,0.101,17.1,28,1,1,82.0,1
3,44,1344,0.111,7,3,6,36.5,5.1,55.04,134518.1,1436.16,38.46,0.014,8.0,5,0,1,93.3,1
27,54,577,0.128,16,10,0,20.2,5.9,50.24,304943.49,6350.42,83.91,0.398,18.2,12,1,0,57.2,1
12,26,294,0.188,2,1,2,62.2,0.3,43.87,87519.57,4629.91,45.6,0.265,15.6,20,1,0,84.7,1
47,61,1715,0.462,5,4,5,49.0,0.9,30.1,346575.79,4145.46,17.99,0.117,5.4,0,1,1,47.9,1
29,34,1738,0.011,30,2,8,22.4,5.3,78.21,438797.08,4222.34,62.05,0.17,4.8,25,0,0,22.5,1
37,15,1798,0.189,11,7,2,43.5,4.7,9.5,45614.93,6498.27,97.25,0.015,8.0,22,1,0,37.0,1
11,31,31,0.318,7,9,7,99.0,5.9,11.83,240411.74,3278.02,98.23,0.186,11.6,10,1,1,32.8,1
21,72,64,0.352,24,6,5,98.8,2.3,16.21,318419.26,4279.26,68.71,0.026,1.1,25,0,0,47.8,1
36,78,1384,0.324,18,1,0,22.3,7.5,27.49,350639.38,9674.73,10.03,0.486,14.8,17,0,1,13.9,1
41,77,1510,0.347,7,4,7,90.3,4.3,1.0,58742.82,9628.22,13.79,0.247,14.1,5,0,1,50.8,1
13,4,467,0.088,25,1,0,57.1,3.6,40.27,423871.33,5215.36,71.36,0.086,11.2,20,0,0,46.6,1
43,23,866,0.116,5,5,0,89.2,5.2,41.78,193917.76,2575.43,57.5,0.302,1.5,30,0,1,12.9,1
27,42,1477,0.117,15,6,5,41.3,0.5,79.5,347637.23,4807.04,70.73,0.173,5.7,6,0,0,70.9,1
2,30,747,0.056,17,4,2,72.2,6.1,95.62,236953.64,2369.02,96.39,0.319,12.1,1,0,1,93.2,1
17,38,1978,0.493,3,7,0,29.5,4.6,67.86,207473.25,6638.87,39.76,0.108,16.7,6,1,1,17.7,1
49,14,1572,0.008,22,5,7,57.9,4.8,53.57,277072.59,8889.61,25.5,0.031,18.0,7,1,0,61.3,1
18,72,1781,0.092,27,0,1,83.7,1.4,24.66,492367.38,9562.07,85.45,0.45,4.5,7,1,0,53.4,1
27,22,1472,0.464,30,2,6,23.8,7.3,38.53,170378.86,8804.88,87.78,0.041,2.5,19,1,1,60.4,1
24,76,798,0.044,11,10,2,40.1,1.4,30.25,315540.09,9630.13,70.08,0.064,0.2,8,1,0,87.1,1
2,28,1471,0.223,26,0,8,51.9,4.9,3.68,378036.72,6328.08,40.26,0.393,14.1,14,1,1,44.8,1
48,34,1688,0.323,25,6,1,43.2,3.6,54.17,382044.29,3970.72,16.12,0.09,11.9,29,1,0,75.9,1
46,65,1866,0.312,26,2,7,26.2,1.2,24.2,265529.91,9346.64,50.39,0.022,10.1,24,0,0,66.5,1
13,31,733,0.079,20,6,2,17.3,0.6,38.94,463206.0,1248.7,70.68,0.453,7.5,27,1,1,60.0,1
23,39,1742,0.329,6,6,1,50.8,2.4,72.5,359031.27,1724.24,51.61,0.398,8.9,14,1,0,82.8,1
1,29,1421,0.183,28,1,0,23.5,5.4,95.13,155687.71,3014.42,18.36,0.471,8.9,17,0,1,86.2,1
45,79,1675,0.215,2,1,4,46.0,1.0,89.21,468087.5,7963.95,70.83,0.431,19.1,19,1,0,88.5,1
34,35,1626,0.244,18,1,3,12.3,3.0,42.14,373400.82,600.5,93.44,0.428,4.8,8,1,1,3.3,1
5,62,810,0.3,3,6,3,83.4,1.6,49.64,395723.16,4781.27,62.87,0.066,15.5,3,0,1,8.4,1
37,67,160,0.076,20,8,7,33.0,0.8,24.39,12506.77,2587.46,35.6,0.266,12.9,12,0,0,45.2,1
36,28,1671,0.174,17,2,4,68.3,4.0,8.84,220737.13,1606.08,57.15,0.415,5.4,10,1,1,11.8,1
32,4,88,0.496,19,10,4,81.2,2.5,37.74,220115.01,5337.55,81.93,0.147,1.7,2,0,0,93.2,1
47,7,735,0.12,7,5,2,88.1,6.3,58.71,223568.01,137.53,90.48,0.253,12.5,15,0,0,14.8,1
36,31,1544,0.475,15,5,1,54.2,0.6,58.55,206616.08,6465.23,43.24,0.179,16.5,21,0,0,55.9,1
12,54,688,0.089,26,7,7,45.9,2.5,56.55,11839.78,6675.4,84.59,0.436,13.5,22,1,0,92.0,1
19,12,257,0.172,24,0,3,28.8,4.1,30.8,421994.91,9753.52,78.18,0.483,18.5,25,1,0,64.9,1
49,77,787,0.46,22,0,5,4.8,3.6,46.73,282176.23,7149.48,73.39,0.234,16.2,25,1,0,59.2,1
47,40,964,0.389,22,7,2,40.0,7.8,58.62,205422.62,9912.69,87.86,0.096,6.6,30,0,1,53.0,1
40,0,715,0.303,2,2,0,96.3,4.4,48.77,433724.83,9720.77,15.42,0.394,1.1,11,0,1,33.1,1
5,42,1407,0.365,9,1,8,40.0,5.8,46.75,242082.01,4325.78,85.2,0.42,10.8,9,1,1,63.9,1
13,49,787,0.378,27,7,0,55.7,2.4,75.96,309678.61,2101.53,32.16,0.495,7.8,10,0,0,40.3,1
44,30,693,0.155,17,4,5,72.1,6.4,27.53,66993.88,3620.47,35.2,0.108,14.8,2,0,1,55.7,1
33,64,845,0.14,1,8,0,24.2,3.6,80.69,346614.35,9377.08,34.92,0.33,16.9,22,1,0,70.9,1
47,11,677,0.043,22,9,5,46.3,6.9,57.72,4905.98,1128.34,42.82,0.071,2.7,7,1,0,52.7,1
34,46,168,0.349,3,7,1,20.5,1.7,48.42,236195.74,5024.57,73.13,0.348,0.9,0,0,1,47.6,1
4,8,1414,0.478,25,5,3,35.1,5.5,40.14,62983.65,6713.33,26.48,0.247,16.7,10,0,0,38.4,1
28,78,702,0.305,8,6,3,88.6,7.3,99.17,410906.25,707.75,49.67,0.021,11.0,25,1,0,31.7,1
6,80,1533,0.061,5,6,1,72.5,6.8,21.49,417322.33,4868.73,97.11,0.149,0.6,1,1,0,10.3,1
3,60,682,0.404,16,3,7,12.7,0.5,17.13,292640.47,4348.29,41.01,0.184,6.3,24,1,0,35.6,1
3,35,914,0.281,27,9,0,92.2,2.4,48.05,403901.75,6473.65,27.49,0.082,5.3,18,0,1,37.4,1
19,73,257,0.038,16,4,3,66.5,1.1,9.8,185297.56,8773.51,30.14,0.093,10.7,17,1,0,14.4,1
38,67,1698,0.128,27,1,4,46.1,6.8,19.24,438900.92,7948.76,65.36,0.344,18.1,9,0,0,59.5,1
49,24,608,0.429,19,0,4,47.1,1.3,89.85,359387.72,8253.47,73.48,0.281,4.3,6,0,1,58.6,1
25,16,1068,0.392,22,4,0,26.0,6.8,84.36,123645.69,3551.26,94.98,0.433,16.2,7,0,0,99.5,1
38,32,476,0.463,26,7,6,78.1,6.5,71.32,337996.93,2199.49,80.03,0.417,15.5,15,1,1,2.9,1
8,25,1056,0.31,2,9,0,30.2,3.6,45.52,388369.57,1625.93,62.91,0.155,19.1,15,0,1,48.2,1
34,25,122,0.358,27,0,4,72.0,5.0,98.49,418362.88,992.87,30.49,0.205,4.8,23,1,0,51.7,1
47,43,678,0.315,12,4,5,63.9,5.8,36.05,47559.6,4709.43,86.11,0.169,12.8,5,0,0,61.6,1
32,59,129,0.043,24,3,0,16.4,3.6,95.12,444707.17,7287.48,27.33,0.497,2.6,20,1,0,18.4,1
12,40,837,0.356,13,3,5,70.1,3.5,87.4,410495.74,1740.51,66.24,0.062,2.6,5,1,0,5.5,1
12,26,43,0.351,28,4,2,47.0,0.6,29.87,309026.38,5704.6,13.05,0.354,18.5,18,1,0,78.9,1
31,11,1374,0.048,4,2,5,98.0,3.4,77.56,366969.08,2078.84,26.57,0.137,5.2,5,1,1,5.3,1
35,75,362,0.298,19,10,2,7.0,4.8,23.54,65080.84,7094.35,36.14,0.496,14.6,20,1,1,50.3,1
24,77,592,0.269,11,8,1,38.7,3.5,12.96,16186.89,7239.33,83.81,0.116,9.1,0,1,1,74.8,1
3,80,750,0.207,18,5,0,18.7,1.5,60.35,444873.71,7087.68,59.69,0.091,18.6,5,0,1,17.4,1
45,45,404,0.029,30,2,2,18.3,2.3,75.21,374433.82,1158.69,57.22,0.46,3.3,0,1,1,60.9,1
49,23,1874,0.492,17,0,4,95.6,4.4,14.4,32600.51,6073.51,48.57,0.305,3.3,16,0,1,72.9,1
13,6,479,0.094,23,10,0,28.4,3.7,80.45,51920.12,2636.43,82.49,0.178,17.3,10,0,1,84.2,1
14,61,1255,0.453,5,8,4,77.7,3.5,50.72,12327.73,5804.53,56.39,0.011,0.2,6,0,0,17.4,1
43,31,787,0.245,23,9,8,4.0,6.8,25.11,227035.7,6197.29,43.03,0.051,0.3,23,1,1,42.9,1
3,77,234,0.111,9,2,1,9.1,3.1,68.81,359357.86,4874.31,56.59,0.471,4.7,5,1,1,32.4,1
16,51,857,0.388,29,3,6,47.8,0.3,19.58,434533.47,8418.15,72.42,0.203,15.1,12,0,1,36.7,1
48,74,972,0.231,18,5,1,18.9,7.4,52.11,195204.39,8089.3,28.12,0.412,2.8,27,1,1,59.3,1
8,71,416,0.079,6,1,7,36.9,5.7,4.95,282894.97,6851.65,50.49,0.224,6.5,8,0,0,84.4,1
24,24,206,0.182,6,6,3,25.0,4.9,74.46,405208.75,8535.91,85.9,0.415,19.5,29,0,1,96.7,1
11,52,317,0.054,4,1,7,59.7,2.7,65.89,359180.85,8239.31,34.69,0.274,19.2,7,0,1,67.6,1
8,5,1484,0.114,25,9,6,87.5,1.6,7.88,161470.43,2340.74,96.04,0.436,13.0,22,1,0,51.6,1
36,51,249,0.164,19,9,3,94.7,2.6,19.35,118770.33,1541.75,59.51,0.194,4.5,2,1,1,45.5,1
27,67,700,0.361,8,5,5,94.1,3.1,74.61,486804.12,6043.01,16.2,0.13,16.8,13,1,1,35.3,1
1,47,672,0.481,13,3,0,61.3,5.4,89.57,238420.8,4194.53,58.01,0.099,11.5,5,0,0,92.3,1
47,16,292,0.23,15,7,2,5.8,0.6,33.98,320050.17,5774.51,67.51,0.499,18.6,18,1,1,73.2,1
48,45,1530,0.431,20,4,0,5.8,6.7,48.6,266034.22,2445.3,41.32,0.196,11.4,21,1,1,94.3,1
44,53,1596,0.154,16,5,3,84.6,1.6,35.67,16552.84,5321.82,31.38,0.475,6.5,23,0,0,92.9,1
47,80,1569,0.149,14,3,4,81.4,2.2,61.17,275989.58,2482.9,99.67,0.404,3.0,21,1,1,77.3,1
22,12,264,0.089,20,6,2,59.9,1.6,33.26,77311.21,1131.25,36.09,0.045,1.8,15,1,0,16.5,1
5,71,257,0.337,24,7,2,27.4,7.7,90.04,386285.8,6464.77,79.17,0.106,0.0,23,1,0,39.1,1
49,69,935,0.421,8,10,4,35.0,2.0,3.44,333829.96,2393.78,61.5,0.188,17.7,9,0,0,38.3,1
46,75,1706,0.318,19,10,1,10.0,1.0,68.62,108334.02,3139.06,75.43,0.419,0.6,30,0,1,81.1,1
15,6,625,0.13,14,0,7,59.3,1.7,41.1,113924.16,6114.44,70.78,0.074,19.9,19,0,0,56.5,1
21,54,1114,0.412,23,4,1,99.4,1.9,14.73,309745.87,8203.15,20.98,0.288,0.1,9,1,0,85.8,1
22,57,1089,0.123,29,8,0,89.4,1.1,97.84,455458.49,4700.04,90.5,0.445,10.2,19,1,1,7.2,1
46,5,920,0.026,2,6,4,35.2,6.5,98.46,163992.89,9823.26,30.61,0.383,0.2,8,1,0,54.1,1
11,30,1615,0.213,28,2,8,94.4,4.6,11.88,67302.34,5844.67,25.83,0.029,16.5,26,1,1,58.1,1
6,39,11,0.432,12,9,8,56.5,7.3,95.9,232259.69,2625.35,20.01,0.019,10.5,24,0,1,18.8,1
43,8,835,0.423,16,7,1,68.6,3.4,13.33,150955.15,6408.83,74.52,0.017,8.7,9,0,1,95.8,1
33,76,1695,0.332,26,6,6,11.9,1.0,92.83,314652.38,5814.35,32.4,0.484,11.9,22,0,0,85.3,1
3,3,1201,0.455,26,0,1,71.3,1.6,90.7,116685.85,1388.67,14.79,0.124,10.9,24,0,0,65.7,1
9,13,360,0.361,23,7,8,92.8,1.5,68.58,220300.83,5737.02,69.79,0.012,12.5,18,1,0,7.0,1
1,72,200,0.376,13,0,2,32.1,4.3,4.45,377216.26,9092.3,34.38,0.258,6.0,6,1,0,20.0,1
35,54,1167,0.034,19,9,3,90.3,6.5,66.55,122426.56,3320.46,39.35,0.234,7.5,26,0,0,9.9,1
40,72,649,0.215,19,3,0,86.6,6.6,30.26,14712.49,2815.14,83.8,0.473,12.7,13,0,0,84.3,1
21,6,620,0.475,2,10,3,91.3,5.5,9.13,97372.04,1941.31,29.77,0.27,1.7,4,1,0,14.8,1
14,50,727,0.45,5,7,5,27.6,4.9,52.56,464358.49,745.12,19.95,0.022,0.5,20,1,1,36.7,1
19,39,1906,0.071,10,8,1,40.9,6.9,65.48,392266.29,393.13,64.58,0.298,8.9,11,0,0,17.1,1
6,33,610,0.215,1,7,8,65.7,1.9,42.1,259594.31,8158.93,52.31,0.072,11.0,26,1,0,85.0,1
20,22,585,0.25,15,3,7,45.1,1.3,44.18,407372.95,1976.38,31.64,0.321,0.8,12,0,0,16.1,1
22,80,679,0.269,3,0,7,53.7,3.6,75.21,368676.92,754.82,92.91,0.007,17.7,1,1,0,59.1,1
12,28,220,0.387,26,0,8,81.0,0.8,10.52,457094.76,1777.43,95.83,0.388,15.5,2,0,0,47.3,1
5,20,1446,0.3,16,2,3,54.7,5.4,15.47,15248.91,5730.05,17.26,0.486,13.4,27,1,0,23.1,1
24,50,1823,0.259,27,9,4,32.0,2.7,81.95,105682.3,6783.95,12.03,0.293,4.0,11,1,0,23.3,1
30,0,1167,0.237,15,1,6,97.9,0.8,75.3,122352.95,819.4,30.19,0.174,5.9,1,0,1,35.1,1
32,3,1606,0.058,10,10,3,59.8,5.5,17.0,21124.23,3814.83,68.54,0.299,3.7,28,1,0,49.3,1
38,12,1094,0.484,22,2,0,13.8,6.6,86.34,205199.72,1723.79,75.16,0.305,14.9,9,1,1,23.5,1
21,29,303,0.083,21,0,2,44.2,4.5,91.47,7336.01,6386.0,24.11,0.41,19.5,18,0,0,30.3,1
14,76,369,0.254,2,1,8,91.5,1.5,30.19,325641.87,9752.36,77.2,0.484,9.4,27,0,1,86.3,1
50,29,1097,0.145,5,4,3,19.5,7.8,1.52,234616.8,4512.24,32.03,0.343,18.8,3,0,0,88.3,1
31,54,1731,0.018,7,0,5,87.6,5.7,96.21,7222.13,3065.81,76.97,0.448,0.8,29,0,1,28.0,1
47,50,1870,0.029,23,1,8,26.9,0.9,76.57,218323.65,7965.57,55.37,0.07,11.1,2,1,1,7.2,1
2,46,215,0.489,21,10,6,83.0,3.1,61.1,467985.52,9741.64,48.72,0.104,2.1,9,1,1,63.1,1
36,39,507,0.42,1,4,7,54.0,5.7,37.79,249789.47,9586.67,19.48,0.183,1.9,12,0,1,76.2,1
4,49,1859,0.182,25,10,6,68.7,6.2,53.36,62660.19,510.87,68.47,0.452,19.3,7,0,0,74.7,1
9,57,1600,0.101,23,6,7,58.1,7.1,10.77,33489.03,7899.29,49.83,0.343,11.9,8,0,0,57.3,1
27,65,1644,0.487,21,9,3,61.0,1.2,89.09,226389.77,8014.55,34.68,0.043,16.1,28,0,0,41.9,1
29,79,1297,0.257,22,3,1,96.9,7.1,32.78,153522.01,7852.85,81.96,0.378,20.0,8,0,1,68.1,1
6,36,777,0.142,19,9,0,91.3,0.7,68.94,255271.37,340.39,11.99,0.337,16.7,4,1,1,2.1,1
38,19,168,0.145,11,8,8,91.3,7.5,89.53,122137.79,8343.73,12.09,0.232,5.5,7,1,1,72.1,1
17,47,1915,0.331,4,0,0,78.6,3.2,84.12,319298.61,8652.87,35.05,0.164,18.0,6,1,1,12.4,1
17,75,979,0.379,24,2,2,12.6,1.9,34.79,362254.96,887.45,46.04,0.233,8.3,18,0,0,36.1,1
22,48,307,0.485,18,6,2,17.0,1.1,40.79,114774.56,6373.23,79.71,0.18,1.0,8,0,1,62.2,1
9,54,559,0.5,1,7,6,71.2,7.6,52.96,499648.1,9946.93,44.4,0.119,2.6,12,1,0,11.6,1
7,18,1193,0.191,8,0,6,71.8,4.9,77.99,16346.66,7333.78,56.83,0.173,11.2,15,1,1,27.8,1
48,49,1173,0.246,26,5,7,85.6,2.6,52.54,325847.8,4015.97,16.08,0.485,3.2,8,0,1,30.5,1
39,7,799,0.425,9,0,0,90.8,7.3,56.99,115970.1,680.39,19.69,0.107,19.4,13,0,0,18.8,1
48,39,297,0.441,23,1,2,70.9,6.4,78.22,97619.08,7015.98,40.54,0.153,10.3,13,1,0,88.7,1
5,66,851,0.161,11,0,2,81.5,5.7,28.83,102174.81,3512.11,34.56,0.328,9.5,30,0,1,76.5,1
20,75,1901,0.271,21,4,1,36.1,0.8,11.07,114527.62,2937.46,17.54,0.481,4.9,29,0,0,48.6,1
50,10,185,0.092,10,7,3,25.3,7.8,70.23,15874.42,6900.28,67.41,0.128,4.8,9,1,0,13.6,1
3,73,144,0.304,1,10,4,48.3,0.1,15.52,303952.32,8921.18,93.37,0.463,2.5,3,1,1,76.9,1
35,43,745,0.139,27,6,2,90.2,0.3,48.32,276608.75,3204.66,97.93,0.321,2.0,29,0,1,77.5,1
36,36,494,0.326,8,1,8,5.2,1.1,69.84,474089.79,6892.86,96.6,0.181,15.9,21,1,0,29.8,1
15,42,680,0.424,24,3,5,73.2,2.2,43.8,25223.62,4868.79,27.29,0.078,17.3,5,0,0,0.3,1
49,76,139,0.03,22,5,3,59.5,6.1,80.02,200602.2,8995.25,92.68,0.11,14.7,12,0,1,39.1,1
4,12,1755,0.084,26,10,4,76.5,2.0,54.61,481036.35,700.52,16.59,0.291,14.9,11,0,1,32.2,1
4,31,21,0.196,5,8,3,18.7,7.6,67.53,217101.61,201.11,15.95,0.473,7.4,9,1,1,92.6,1
32,66,670,0.187,29,3,4,84.6,5.9,51.08,37526.07,822.66,15.1,0.39,3.6,1,1,0,40.4,1
37,28,666,0.29,20,4,7,24.1,0.3,9.01,145648.97,5523.33,98.1,0.421,14.5,26,0,1,42.9,1
11,40,1697,0.266,23,1,7,69.0,1.6,43.4,113056.19,2928.17,78.56,0.207,8.3,5,1,1,89.7,1
44,55,1849,0.234,12,8,8,77.6,5.4,21.52,307633.51,8403.91,71.73,0.273,8.8,22,0,1,7.5,1
29,55,178,0.228,19,4,0,7.7,6.2,46.69,295898.83,9936.69,81.27,0.133,0.4,0,0,1,14.2,1
38,21,1624,0.42,5,5,8,33.1,6.8,74.42,174383.08,841.83,91.85,0.235,3.9,21,1,0,48.7,1
34,52,984,0.015,22,9,1,96.8,5.8,10.26,289343.77,6374.36,37.11,0.038,8.7,25,0,0,75.8,1
1,74,1407,0.411,8,4,6,69.3,0.1,68.89,236121.38,5607.68,11.06,0.023,0.4,4,1,0,37.9,1
31,30,1217,0.092,16,10,5,97.7,3.2,50.07,201996.53,8936.76,82.75,0.159,13.6,3,1,1,94.9,1
40,35,1449,0.461,18,3,3,50.7,4.0,39.13,331575.79,4551.0,13.88,0.402,8.8,21,0,1,17.7,1
32,22,170,0.201,8,0,4,67.7,7.5,12.89,381416.73,6377.29,80.59,0.188,8.1,23,0,1,55.6,1
43,55,114,0.079,29,4,5,13.2,3.1,78.13,262023.01,7840.4,55.18,0.125,2.9,10,0,1,74.8,1
28,61,1561,0.377,4,8,4,43.7,1.7,29.87,223531.2,8562.07,43.96,0.484,5.6,30,0,1,3.8,1
8,48,1656,0.121,11,8,0,75.8,6.8,52.98,354505.96,6110.19,56.55,0.352,5.2,7,1,1,70.1,1
49,2,1540,0.064,6,8,4,57.0,4.6,91.0,274298.38,3309.13,39.7,0.326,7.1,3,0,0,69.4,1
48,22,1979,0.356,5,6,0,57.2,7.2,44.84,52450.68,8135.04,84.62,0.43,5.2,13,0,0,83.8,1
5,42,181,0.454,25,1,4,98.8,6.2,44.73,109794.24,3585.82,66.52,0.17,14.9,20,1,0,74.1,1
37,31,186,0.411,23,1,1,23.6,3.4,11.31,499760.19,1058.4,24.72,0.036,17.9,15,0,1,74.4,1
6,6,1102,0.001,18,9,7,25.9,1.3,67.09,497553.17,8867.56,48.47,0.162,18.6,8,0,0,36.6,1
19,22,1603,0.354,11,6,8,27.9,3.1,43.54,453978.48,7591.99,14.9,0.288,3.0,18,1,0,98.3,1
22,25,682,0.379,25,3,6,51.3,3.2,16.43,309606.6,687.56,59.33,0.473,14.2,0,0,0,94.5,1
19,37,71,0.495,7,6,7,42.2,2.6,68.37,89680.13,5722.69,80.93,0.016,11.9,2,1,1,65.7,1
35,77,1959,0.337,6,10,8,57.1,0.9,44.65,93491.97,1279.34,27.68,0.487,3.2,12,1,1,43.4,1
41,62,925,0.265,1,4,7,49.3,1.0,22.53,465851.24,5342.7,29.7,0.007,7.2,18,0,1,4.8,1
32,57,1114,0.209,2,0,6,33.3,0.1,60.23,144803.3,9490.02,86.61,0.448,14.9,17,0,0,62.5,1
12,75,1540,0.467,23,8,4,44.4,6.3,20.73,233366.89,5383.44,29.45,0.121,4.2,25,0,1,38.7,1
14,60,123,0.004,19,6,5,69.5,4.1,34.51,357690.57,6084.1,16.1,0.235,1.6,7,0,0,26.0,1
19,66,1583,0.115,18,0,7,81.7,5.4,74.8,92636.06,2507.04,93.28,0.282,16.0,1,0,0,97.6,1
7,65,1398,0.393,26,1,8,11.3,7.4,60.08,369445.28,420.89,48.24,0.455,12.1,26,1,1,39.5,1
33,2,538,0.302,12,4,4,91.9,7.5,8.33,184099.14,1556.95,93.49,0.23,1.4,8,0,1,48.6,1
22,53,1897,0.332,7,2,4,3.7,5.9,90.55,323587.44,2692.01,18.88,0.403,0.8,8,1,1,24.3,1
34,63,1960,0.075,9,5,0,64.7,0.4,2.5,395322.68,1491.43,48.32,0.442,19.4,6,0,0,28.3,1
34,1,1718,0.272,11,1,7,33.7,0.1,21.63,298629.51,1320.9,91.45,0.167,6.6,22,0,1,80.5,1
9,64,1967,0.115,16,0,7,63.9,6.9,73.37,457902.75,3550.68,78.75,0.434,9.6,12,1,0,28.5,1
34,48,665,0.154,10,4,7,71.9,2.5,74.89,148751.53,4374.9,29.07,0.339,10.1,2,1,1,14.3,1
43,55,1925,0.42,9,1,7,45.8,0.6,62.68,244086.65,2363.81,40.57,0.244,10.8,7,1,1,73.2,1
16,38,1901,0.175,21,5,0,99.8,5.4,46.34,93712.87,7241.38,70.99,0.272,5.2,27,0,0,16.4,1
30,12,1709,0.327,26,9,2,53.1,3.3,16.63,237583.94,9650.06,90.55,0.198,16.8,24,0,1,23.0,1
37,24,34,0.029,23,4,6,60.7,7.5,31.65,195591.16,8093.71,17.3,0.229,10.3,18,1,0,82.2,1
38,63,1049,0.017,20,3,1,45.2,1.2,89.04,386405.63,8335.05,60.08,0.448,19.4,5,1,0,72.2,1
24,65,1885,0.209,17,6,8,23.1,4.9,89.61,46716.13,446.24,28.29,0.113,6.9,10,1,0,70.4,1
41,4,1129,0.472,30,8,8,18.3,0.1,37.12,322629.91,4263.12,37.66,0.159,18.2,11,0,1,65.0,1
20,80,1243,0.013,19,1,6,30.1,7.8,22.82,302346.23,5310.94,16.28,0.172,17.4,27,0,0,71.7,1
41,10,525,0.062,7,4,0,41.6,8.0,83.12,23661.65,8702.01,24.88,0.193,3.0,3,1,0,56.0,1
24,61,1625,0.091,5,6,3,34.4,8.0,60.08,119521.09,9026.87,16.31,0.224,7.4,9,1,0,16.4,1
16,43,1845,0.281,8,5,7,45.9,5.5,16.24,491822.1,8888.84,21.1,0.376,19.6,25,1,0,52.4,1
42,27,989,0.104,21,7,7,53.0,3.0,7.54,289610.25,7715.35,97.69,0.351,4.1,3,0,1,11.3,1
7,75,1092,0.402,30,1,7,37.9,7.1,60.52,245936.62,4161.41,98.99,0.199,10.5,17,1,0,70.8,1
24,28,1706,0.2,20,10,2,40.3,1.1,68.04,325711.58,9383.14,89.54,0.208,8.0,13,0,1,71.2,1
46,61,499,0.494,15,6,6,66.9,4.5,36.98,19929.92,6948.15,40.77,0.394,17.2,8,1,0,66.3,1
25,54,563,0.499,8,8,8,86.7,2.2,26.13,288879.15,2247.02,99.49,0.356,7.4,6,0,0,75.5,1
4,13,1782,0.277,8,3,8,58.6,6.3,1.96,487560.46,923.55,60.28,0.413,11.8,9,1,1,32.4,1
4,23,65,0.339,1,9,8,99.1,2.2,44.48,301718.62,6098.3,49.39,0.228,18.2,27,1,0,69.4,1
34,6,126,0.07,15,9,8,11.6,0.3,90.97,315474.2,2082.8,83.0,0.486,6.8,14,1,1,8.8,1
10,59,1683,0.191,19,2,6,33.2,6.3,35.74,474483.84,8732.86,37.56,0.11,8.2,11,0,1,0.4,1
17,33,1159,0.178,8,9,7,43.2,4.7,57.78,302288.97,571.3,40.74,0.213,14.8,19,1,1,97.4,1
43,21,1183,0.234,29,2,1,76.6,3.8,92.59,339029.66,6277.86,64.27,0.007,3.1,18,0,1,88.1,1
9,39,1784,0.435,30,7,5,64.7,7.6,93.25,158630.81,9191.33,57.68,0.021,15.0,24,0,1,52.5,1
36,67,408,0.081,25,6,8,18.7,3.7,76.4,36225.13,9606.04,90.66,0.208,0.5,26,1,1,51.4,1
6,21,325,0.488,16,10,1,85.8,7.0,36.78,104481.3,8546.38,71.77,0.289,14.0,24,0,1,85.6,1
44,30,1587,0.043,30,5,4,64.3,5.7,81.23,160572.99,3852.9,44.52,0.212,19.3,11,0,0,55.6,1
32,23,742,0.2,3,4,3,90.1,4.8,8.86,271562.51,6319.36,86.66,0.359,9.1,27,0,1,35.7,1
36,11,727,0.357,20,5,5,98.2,6.4,29.3,380267.3,9221.71,93.58,0.25,3.7,2,1,0,75.2,1
13,51,1653,0.047,3,3,8,27.0,6.2,61.89,468985.47,1544.67,81.64,0.349,18.0,3,0,1,82.3,1
4,34,742,0.493,23,2,5,80.4,6.5,62.62,255391.89,4236.96,90.26,0.486,8.9,27,1,1,4.7,1
25,65,413,0.445,30,9,1,30.2,4.1,23.65,486000.33,592.05,13.43,0.173,8.5,29,0,1,59.9,1
16,59,1550,0.239,6,0,1,32.1,1.7,70.87,200895.09,1848.59,43.78,0.108,10.6,7,1,1,84.6,1
7,24,1680,0.41,30,10,0,15.5,6.1,77.1,459722.67,1677.98,57.62,0.302,4.8,17,0,0,7.6,1
48,19,131,0.364,11,4,0,21.4,0.5,20.19,474021.06,7940.21,99.87,0.331,8.1,2,1,1,88.3,1
30,65,710,0.32,12,1,3,77.5,5.7,38.79,5483.95,7920.5,10.19,0.301,18.4,25,1,1,44.2,1
40,42,1505,0.446,5,9,3,10.2,1.9,7.87,412298.27,4552.69,57.32,0.012,15.4,6,1,0,53.8,1
33,8,509,0.263,14,10,8,16.6,6.1,65.54,205714.66,1552.6,85.25,0.496,11.2,15,0,1,22.9,1
49,54,1812,0.046,2,1,4,67.6,1.6,39.02,167996.41,7416.8,72.78,0.443,5.0,17,1,0,14.7,1
41,5,318,0.302,19,1,6,19.3,5.5,26.97,431733.31,6026.56,15.01,0.105,14.8,30,1,0,7.3,1
2,40,698,0.193,7,6,7,69.4,0.9,21.84,194369.77,2970.68,94.57,0.45,14.6,9,1,1,52.6,1
3,20,1175,0.011,11,3,6,97.1,4.0,58.51,45657.89,5764.48,95.58,0.193,15.3,7,0,0,88.1,1
9,9,589,0.169,23,7,7,75.2,2.0,41.13,362884.55,3528.95,26.03,0.031,15.8,0,0,0,11.9,1
20,51,1850,0.341,27,10,1,22.5,5.8,2.37,199499.59,5911.14,74.24,0.461,5.7,17,0,1,8.1,1
36,71,215,0.156,26,0,4,13.1,2.7,89.15,46984.51,8488.81,32.91,0.293,3.1,1,1,1,56.7,1
11,11,1748,0.005,24,9,6,11.6,4.6,92.29,258609.02,612.58,49.75,0.437,12.6,15,0,1,67.8,1
25,68,735,0.205,4,3,0,8.6,5.3,61.33,101259.68,7772.53,48.85,0.341,0.2,19,0,0,30.7,1
6,3,1779,0.364,18,10,5,12.0,0.4,5.54,251816.69,2524.93,15.5,0.382,7.3,18,1,1,51.8,1
43,23,1578,0.299,12,0,8,54.1,5.9,21.26,433888.74,2087.59,82.79,0.165,9.0,21,0,1,3.2,1
24,20,1283,0.112,24,0,7,99.8,3.2,7.59,272155.27,6179.57,98.2,0.386,2.8,30,0,1,65.2,1
34,62,1615,0.287,9,9,6,21.2,2.4,8.7,359136.62,9198.2,27.97,0.276,10.6,15,0,1,47.5,1
4,38,277,0.4,6,1,8,11.7,7.2,95.12,242550.03,3515.62,53.1,0.253,1.2,11,1,1,15.0,1
30,8,1986,0.497,15,6,7,72.1,0.9,11.27,23109.09,5776.53,70.1,0.337,19.6,21,0,1,7.3,1
33,6,73,0.328,4,9,0,63.1,6.7,54.71,255201.97,7096.67,49.88,0.02,3.4,12,0,0,44.5,1
46,49,1218,0.264,25,2,0,13.5,2.4,62.56,71403.9,1491.13,28.06,0.367,19.0,15,1,1,36.2,1
13,37,446,0.345,6,2,5,76.7,4.6,49.65,77969.86,5352.53,61.88,0.212,19.1,21,1,0,81.0,1
16,17,441,0.05,10,7,0,25.8,3.4,61.91,419364.87,2100.18,25.05,0.484,1.1,25,1,0,8.2,1
9,27,1965,0.017,20,1,4,48.4,1.4,2.01,467981.74,9815.91,50.66,0.146,0.3,8,1,1,18.6,1
26,12,1601,0.132,24,1,5,4.7,5.4,76.17,498208.82,2995.49,12.04,0.159,13.2,11,0,0,0.2,1
3,33,182,0.145,11,0,5,31.6,7.8,32.84,197310.61,4270.0,44.83,0.287,15.1,24,0,1,89.5,1
10,80,171,0.091,9,7,8,11.7,4.8,36.04,56509.96,2396.6,75.31,0.447,13.1,6,1,1,76.2,1
41,3,811,0.348,28,1,8,28.4,7.3,32.95,32270.78,1778.76,75.04,0.272,19.6,4,1,1,69.2,1
13,49,1083,0.16,20,4,0,67.6,3.7,22.73,335901.18,2776.26,60.15,0.041,15.8,7,1,1,37.5,1
41,69,556,0.027,5,5,0,94.6,2.6,31.03,255817.33,3647.62,50.53,0.04,13.3,4,1,0,69.5,1
11,40,1580,0.201,26,2,2,93.1,2.2,5.65,390361.56,8529.51,62.97,0.062,3.5,27,1,0,59.0,1
9,38,142,0.132,24,4,6,51.8,6.4,50.04,145472.05,516.32,66.09,0.039,10.6,25,1,1,16.1,1
45,54,1222,0.295,1,2,8,5.5,3.0,6.58,164726.95,582.34,75.05,0.168,16.7,4,1,0,11.1,1
11,80,209,0.15,16,5,8,36.8,6.8,40.44,224756.02,4753.96,92.09,0.033,17.1,23,0,0,25.1,1
46,37,184,0.073,1,9,5,56.6,6.6,62.38,22823.18,5345.04,72.81,0.257,4.3,21,0,1,6.4,1
36,56,1649,0.054,22,7,5,16.9,0.1,81.2,52533.5,9901.99,20.89,0.392,4.5,29,1,0,0.9,1
50,51,1238,0.116,29,4,2,86.1,2.3,17.19,320355.75,6194.02,54.62,0.263,0.2,15,1,1,90.6,1
49,42,1813,0.086,15,1,0,22.2,7.0,16.09,428316.46,8029.85,60.5,0.321,13.7,6,0,0,43.2,1
26,79,702,0.1,1,10,4,92.1,5.1,11.85,473286.33,1416.13,75.98,0.018,18.6,10,1,1,13.6,1
13,16,766,0.344,14,2,6,52.9,7.4,81.28,272351.44,1946.72,67.51,0.089,14.9,15,1,1,99.2,1
33,77,465,0.418,10,1,7,48.1,5.0,74.83,48185.64,8120.72,80.91,0.197,0.0,25,1,1,0.3,1
2,45,1675,0.162,19,8,5,14.1,6.5,5.12,150067.71,7413.66,78.33,0.465,1.0,1,1,1,73.6,1
7,63,85,0.058,11,10,4,36.7,5.7,77.74,182238.31,4593.01,57.05,0.377,0.4,17,0,0,5.2,1
47,67,661,0.486,7,5,0,35.6,7.9,56.98,394644.19,465.01,58.54,0.125,16.2,18,0,0,82.5,1
23,57,1816,0.151,7,8,7,51.1,2.1,89.23,67180.44,4662.31,63.8,0.188,0.2,0,0,0,39.0,1
21,52,1157,0.232,11,6,7,99.7,7.2,24.54,483068.13,5724.4,92.58,0.296,2.7,18,0,0,92.9,1
33,45,672,0.263,22,4,1,88.1,5.6,20.86,57414.85,9528.05,90.63,0.388,3.6,1,0,0,76.4,1
32,10,932,0.237,29,7,8,15.6,0.2,56.61,44864.42,8191.73,35.82,0.032,3.4,18,1,0,7.0,1
48,32,576,0.479,21,6,4,10.0,5.0,8.79,333870.46,5933.76,25.75,0.025,5.7,14,0,0,59.4,1
31,79,1773,0.288,28,9,5,75.3,2.3,40.34,34982.41,3617.32,74.72,0.099,17.6,21,0,0,36.3,1
40,38,907,0.244,13,3,5,91.6,2.7,68.23,68170.93,3947.85,60.34,0.498,8.5,22,0,1,67.3,1
33,18,864,0.302,24,5,7,55.2,6.3,64.01,106467.0,2116.27,14.53,0.291,7.7,15,1,1,67.7,1
40,53,291,0.071,12,1,0,67.7,2.5,8.19,384383.66,5882.69,99.15,0.116,0.6,20,1,0,7.6,1
33,21,1042,0.158,30,10,6,40.1,0.4,5.47,392523.75,1615.02,44.74,0.347,17.9,2,1,1,31.0,1
50,38,1474,0.45,12,4,5,38.8,0.4,58.03,377495.38,2409.05,80.67,0.191,9.0,24,0,0,18.5,1
50,50,1895,0.082,20,3,3,22.0,1.6,16.84,265001.64,4401.73,29.92,0.354,0.3,9,1,0,44.3,1
47,70,1937,0.066,22,6,5,14.7,6.0,61.67,59028.28,8508.1,61.91,0.118,11.0,30,1,0,70.6,1
21,64,19,0.075,2,1,8,22.5,5.6,27.69,141576.55,7605.56,90.42,0.136,19.6,28,1,1,40.6,1
33,70,1295,0.386,23,4,8,37.1,2.9,54.29,370665.76,6353.16,87.11,0.227,13.3,16,0,1,97.8,1
40,2,1607,0.015,2,6,2,67.7,3.4,79.47,338042.13,3711.61,78.72,0.353,15.2,14,0,0,12.3,1
14,12,931,0.109,15,7,4,53.1,5.6,5.04,307024.74,3667.22,68.22,0.246,15.0,4,1,1,56.0,1
35,45,1123,0.165,22,10,8,69.2,4.1,8.45,185587.25,2315.53,31.21,0.46,17.5,8,0,1,54.9,1
31,35,1422,0.046,10,9,6,29.3,5.3,68.9,263829.27,247.96,24.3,0.442,5.7,24,0,0,78.2,1
12,76,415,0.364,24,7,4,18.4,1.3,61.68,240461.78,9452.9,64.42,0.111,0.1,20,0,0,10.4,1
33,67,683,0.062,23,3,2,32.0,5.8,10.04,360345.38,3141.91,28.11,0.325,12.6,8,1,1,4.3,1
50,15,1952,0.032,20,6,4,30.5,4.8,39.12,194933.96,9745.69,63.78,0.051,4.1,21,0,1,77.4,1
21,14,365,0.417,20,0,8,32.6,6.0,71.22,63222.07,6755.87,72.48,0.371,16.0,7,1,0,4.3,1
30,26,1012,0.389,26,1,0,62.5,1.1,83.88,11059.45,2008.32,51.48,0.129,15.7,24,0,0,29.2,1
48,56,1720,0.263,15,1,8,82.4,6.1,66.64,319182.89,2860.08,38.37,0.299,4.3,19,1,1,33.1,1
20,56,400,0.314,6,8,5,35.1,1.1,32.45,276057.0,7523.29,77.94,0.369,19.3,24,1,1,76.2,1
8,34,1789,0.303,5,6,7,47.6,0.8,44.46,153085.14,1459.55,19.72,0.292,4.6,23,1,0,83.3,1
26,19,42,0.061,20,2,5,95.5,5.2,79.9,267949.24,211.55,46.53,0.029,5.2,26,1,0,88.2,1
18,65,1503,0.113,25,2,8,29.2,1.8,75.78,176812.75,958.53,86.36,0.192,5.1,12,0,0,87.1,1
25,76,562,0.424,26,4,2,26.9,1.1,43.89,146496.68,2099.85,15.72,0.492,4.4,5,0,1,74.7,1
33,50,1110,0.297,16,8,3,86.8,7.8,58.17,361856.63,9775.61,60.66,0.3,13.2,4,1,1,9.2,1
25,79,509,0.338,5,1,0,21.4,5.8,3.77,194787.12,9183.73,58.47,0.314,17.9,4,1,0,26.9,1
48,63,1118,0.168,30,8,8,83.7,3.3,52.83,44887.41,9309.38,43.55,0.237,10.0,19,0,0,18.5,1
30,28,1798,0.062,27,8,0,72.8,1.1,6.74,20947.95,9979.33,67.46,0.164,4.0,26,1,0,89.3,1
26,66,1494,0.311,17,3,6,30.5,1.0,92.53,14259.5,6955.63,85.15,0.146,11.6,15,1,0,32.3,1
46,80,1132,0.433,9,5,2,85.9,5.5,94.97,122348.43,3756.2,73.67,0.003,14.6,23,1,1,39.4,1
8,14,1902,0.452,8,7,4,54.1,3.6,37.02,282665.24,5444.23,28.51,0.188,19.7,21,1,1,47.8,1
42,58,2000,0.057,16,2,7,72.3,2.0,39.29,135892.31,3146.76,25.85,0.046,10.6,8,1,0,84.0,1
41,78,1383,0.412,1,0,4,70.0,3.8,94.77,17748.86,5305.07,38.12,0.346,16.3,6,1,0,41.3,1
28,40,771,0.214,27,9,8,81.5,4.5,50.06,225902.91,3398.58,69.49,0.186,14.7,27,1,0,77.5,1
34,26,1588,0.101,12,6,4,89.7,3.7,58.87,437795.86,7981.71,81.44,0.338,5.9,24,1,1,45.6,1
33,53,1439,0.283,1,4,2,76.5,7.4,66.43,51044.59,6803.52,84.08,0.461,8.3,10,0,0,75.0,1
26,33,903,0.438,23,1,4,82.1,3.0,85.16,18305.14,6000.17,32.37,0.252,6.5,27,0,1,59.3,1
4,77,552,0.227,7,4,5,38.4,3.7,54.91,240768.46,9491.19,63.09,0.074,11.5,28,1,0,37.5,1
50,31,190,0.05,3,10,6,88.5,6.1,83.5,121336.76,9992.02,44.19,0.226,5.4,5,1,0,85.5,1
16,1,768,0.212,10,7,3,14.6,2.5,73.01,467964.01,1465.55,77.01,0.136,17.8,28,1,0,96.2,1
40,73,1887,0.294,12,9,6,32.8,4.4,24.0,154964.92,8116.08,99.19,0.177,15.5,0,1,0,59.3,1
26,76,415,0.489,3,7,5,54.3,5.0,31.09,222959.31,8689.54,94.97,0.441,18.4,6,1,1,88.1,1
43,48,1972,0.047,18,10,7,60.1,2.4,95.77,455210.82,9101.14,74.35,0.371,1.6,20,1,0,6.1,1
31,62,154,0.433,2,6,6,73.5,2.9,64.25,81762.83,401.43,66.61,0.482,18.6,1,0,0,22.7,1
4,33,813,0.18,16,10,7,10.9,6.6,17.97,98936.15,5021.08,93.89,0.369,5.9,28,0,0,9.5,1
10,5,1789,0.227,27,7,6,61.4,3.8,96.19,230415.09,886.99,91.53,0.004,14.2,2,1,0,39.3,1
25,32,1538,0.211,16,8,3,74.8,7.4,74.38,443869.85,9965.09,33.77,0.202,3.8,6,1,1,77.3,1
20,76,1804,0.086,11,5,3,88.7,4.0,75.47,459064.73,470.66,88.93,0.329,5.5,3,0,1,26.9,1
38,22,1894,0.119,6,7,7,28.3,2.6,64.95,369455.35,7506.59,37.77,0.194,0.2,2,0,1,14.3,1
3,78,1347,0.346,3,7,2,98.3,5.1,62.84,233267.63,7951.9,13.61,0.064,12.6,15,0,0,18.9,1
30,6,874,0.2,29,3,3,26.5,4.4,69.76,359423.45,3119.28,35.49,0.25,8.0,0,0,0,72.9,1
47,35,85,0.135,26,1,1,81.5,2.2,27.69,112340.87,9320.83,10.9,0.173,0.1,30,1,1,88.3,1
39,10,1679,0.487,6,5,6,44.3,0.7,29.06,118745.85,8454.82,67.13,0.359,2.0,30,1,1,8.8,1
37,18,1992,0.469,24,7,5,28.2,0.8,26.86,28039.17,8266.18,56.21,0.469,10.8,10,1,1,99.2,1
17,76,1941,0.371,29,8,4,51.8,7.8,1.15,131483.86,4053.11,89.95,0.087,6.9,5,1,1,90.3,1
46,7,1860,0.143,3,5,4,88.4,2.8,13.32,186577.38,4161.26,33.27,0.283,13.2,13,1,0,38.3,1
46,59,1744,0.139,8,7,3,27.8,7.7,3.28,80432.27,8771.04,77.78,0.405,8.0,7,1,0,82.9,1
22,44,292,0.426,26,3,3,100.0,3.1,3.14,272809.15,6941.57,65.03,0.493,19.0,21,0,1,90.9,1
42,55,1810,0.043,18,10,2,87.6,3.7,22.5,472603.18,1652.25,72.87,0.39,3.3,26,0,1,69.3,1
42,23,1384,0.349,14,4,7,9.5,1.3,35.52,274727.74,9545.69,55.23,0.201,18.8,29,1,0,49.8,1
15,68,1747,0.381,16,7,2,32.7,2.8,79.45,154432.15,7044.97,61.04,0.249,5.2,11,0,1,55.7,1
22,35,289,0.293,21,5,1,55.1,6.2,33.3,232513.14,313.71,36.5,0.359,9.6,15,1,0,58.7,1
16,53,1841,0.443,5,3,3,40.7,3.6,99.62,333093.4,1456.44,53.46,0.348,15.5,14,1,1,37.5,1
49,65,142,0.045,3,1,3,24.5,2.2,76.69,156421.83,7521.84,53.77,0.151,0.7,21,1,1,30.2,1
10,75,1490,0.377,21,8,5,36.1,2.6,25.42,259486.23,7708.91,46.67,0.447,8.5,9,0,1,61.3,1
1,26,1068,0.438,14,3,8,86.2,3.7,68.05,328976.79,9900.22,38.19,0.144,13.8,11,1,1,4.7,1
7,80,233,0.386,23,4,4,32.0,5.3,94.99,177627.08,4176.35,80.43,0.283,5.5,16,0,0,74.0,1
4,65,840,0.464,20,8,0,72.5,2.5,71.94,410543.65,9289.16,72.4,0.243,10.1,19,0,1,35.0,1
41,36,1358,0.13,23,7,5,100.0,5.1,89.36,217047.46,5946.31,74.84,0.056,15.2,14,0,1,78.8,1
35,73,197,0.246,14,7,3,25.8,1.0,43.45,112764.56,5294.57,71.96,0.475,12.0,10,0,0,27.3,1
21,60,1720,0.044,5,0,8,98.1,0.7,30.01,148597.34,612.83,43.76,0.273,7.2,14,1,0,26.5,1
15,74,1921,0.405,8,8,0,81.2,7.4,90.81,144724.8,1398.48,16.1,0.379,11.5,27,1,0,45.6,1
19,32,1064,0.153,22,3,1,83.9,1.1,49.61,455038.08,915.79,73.43,0.032,12.9,16,1,1,70.1,1
6,66,523,0.458,5,9,6,90.5,2.9,2.87,181593.77,3855.89,84.99,0.234,18.6,21,0,1,51.4,1
8,67,1853,0.27,24,7,2,69.5,2.1,66.41,248097.7,2627.26,55.78,0.008,19.4,14,1,1,18.2,1
25,15,1636,0.361,21,9,0,46.3,0.2,16.67,223443.06,1708.37,34.41,0.07,8.2,7,0,1,58.5,1
28,77,1942,0.297,8,3,1,74.1,0.3,4.86,198086.53,4775.37,25.3,0.422,5.5,6,0,1,15.2,1
15,48,1780,0.129,1,6,1,30.8,0.5,93.86,223032.43,4403.17,21.36,0.288,0.9,2,1,0,27.2,1
9,8,569,0.388,17,6,8,57.9,4.1,37.89,396115.66,1899.91,45.18,0.201,20.0,19,0,0,34.3,1
32,38,1843,0.023,12,0,5,27.3,0.4,5.48,310359.55,8371.6,96.39,0.38,17.4,15,0,1,52.8,1
44,35,503,0.288,2,0,1,62.2,6.3,18.98,257380.34,8175.46,11.44,0.357,7.7,17,0,1,58.4,1
40,67,1036,0.297,30,5,4,80.1,4.8,92.39,79034.84,5134.94,60.1,0.334,13.7,17,0,1,54.6,1
27,58,1601,0.338,1,10,5,76.4,2.7,97.53,347297.55,3593.27,45.99,0.273,19.0,19,1,0,11.3,1
44,3,1100,0.363,29,0,6,43.6,7.9,57.98,368802.24,6694.24,18.62,0.224,19.8,21,0,0,37.6,1
10,1,1769,0.373,4,1,0,29.7,5.5,34.22,223267.01,2723.56,49.94,0.103,6.3,11,1,1,46.3,1
7,72,1654,0.371,16,10,4,6.3,5.4,38.92,60651.7,7803.43,80.25,0.243,7.9,8,0,0,11.8,1
34,71,461,0.173,18,2,5,84.3,1.8,21.48,380199.82,8936.53,72.21,0.069,13.3,6,1,0,7.1,1
30,42,1396,0.099,16,6,2,88.5,3.4,45.38,303245.04,9361.76,97.79,0.065,3.8,9,1,1,6.6,1
32,64,1143,0.133,24,7,4,27.9,0.8,46.05,232377.95,152.33,37.92,0.057,3.5,16,1,1,81.2,1
43,31,1240,0.367,21,10,8,88.3,7.1,89.69,298127.19,1573.81,56.87,0.068,6.9,19,1,0,58.2,1
47,45,188,0.428,19,1,3,41.6,6.6,79.84,146180.43,266.7,97.53,0.441,7.7,18,0,0,6.5,1
35,14,1854,0.446,18,9,6,20.5,4.6,74.38,362876.46,4677.86,64.73,0.074,17.4,4,0,1,68.2,1
49,74,784,0.25,8,7,8,35.0,4.7,6.17,58018.84,3726.08,84.0,0.193,6.8,29,0,1,24.1,1
3,9,774,0.051,7,0,7,8.3,4.1,93.92,447560.89,8175.93,62.17,0.435,10.2,2,1,1,9.8,1
46,43,292,0.396,1,5,7,13.0,1.0,10.25,113889.28,8975.9,91.87,0.213,6.3,17,1,1,47.3,1
2,0,987,0.053,5,8,5,55.8,0.9,25.74,450226.39,7663.03,42.26,0.406,9.6,21,1,1,10.8,1
32,9,709,0.216,2,3,3,89.9,4.0,27.55,492278.1,362.33,89.49,0.442,17.4,12,1,1,63.4,1
29,20,1816,0.254,17,0,7,34.9,6.7,67.34,235188.71,3198.29,20.56,0.491,1.7,25,0,1,55.6,1
44,35,730,0.214,1,5,8,47.4,2.2,97.98,134318.78,7334.92,20.67,0.102,0.1,9,0,1,74.4,1
48,44,773,0.357,16,2,4,80.5,7.1,57.9,247985.75,2642.35,10.15,0.325,18.7,5,0,0,5.1,1
2,46,1510,0.345,22,3,8,45.1,2.7,35.35,494696.55,8766.2,40.84,0.097,0.1,1,0,1,85.6,1
4,23,817,0.407,12,5,0,30.8,5.6,31.31,107162.83,1819.38,24.23,0.11,6.1,7,1,0,23.2,1
43,26,321,0.267,15,3,7,68.9,5.3,31.1,162412.29,2359.06,70.46,0.273,13.6,23,0,1,73.5,1
15,45,1339,0.354,23,5,2,99.5,0.6,73.82,213181.72,543.28,91.05,0.342,9.9,11,0,0,35.3,1
22,26,568,0.42,2,0,3,43.2,3.7,89.68,419212.22,5454.76,24.65,0.086,17.4,3,1,0,8.0,1
34,1,1283,0.007,20,10,4,3.0,2.4,12.72,64784.97,6736.57,62.33,0.136,5.8,25,1,0,38.7,1
2,72,1988,0.423,28,4,0,75.3,3.1,89.65,46249.29,4294.59,47.71,0.221,3.8,29,1,1,73.6,1
41,34,541,0.352,20,4,6,82.6,3.9,52.19,137472.52,2027.29,73.13,0.167,14.2,28,1,0,25.8,1
3,5,551,0.277,4,9,0,47.0,5.7,15.32,180001.46,271.74,45.45,0.082,15.0,2,1,0,96.7,1
8,80,799,0.011,14,4,2,96.2,3.3,84.11,496643.43,1444.38,33.47,0.144,8.3,0,0,1,23.4,1
35,60,1064,0.439,23,2,1,48.0,0.5,69.28,472141.98,1366.06,47.6,0.322,0.7,8,1,1,2.2,1
22,56,1827,0.307,16,8,0,85.4,2.3,38.41,342103.4,7853.41,16.39,0.176,9.3,26,1,1,91.2,1
41,30,993,0.303,23,10,4,72.2,1.2,25.39,335995.39,7800.63,11.25,0.13,4.4,5,1,1,14.7,1
5,8,368,0.057,12,8,0,59.3,0.7,27.35,137712.46,4358.48,60.39,0.202,8.7,19,1,1,65.1,1
24,2,1488,0.314,30,9,4,78.7,1.2,96.77,452087.3,1107.02,56.93,0.309,16.3,29,0,1,51.5,1
49,9,567,0.172,9,8,6,84.0,7.9,74.19,99911.69,5053.71,21.47,0.389,3.9,29,1,1,24.8,1
27,10,1784,0.066,27,4,6,38.9,3.5,48.03,258541.8,3191.93,31.37,0.185,14.4,9,1,0,24.2,1
41,62,335,0.399,4,8,7,92.0,4.4,79.89,157838.85,4875.05,99.53,0.471,4.9,22,1,1,48.1,1
42,51,521,0.285,21,4,2,13.4,0.1,84.66,462646.02,7487.51,85.93,0.359,6.3,14,1,0,11.4,1
44,64,374,0.383,23,8,8,38.0,1.3,98.15,493400.43,6060.22,40.04,0.13,19.0,9,0,1,22.9,1
44,22,969,0.129,24,2,3,83.3,3.0,64.09,252998.96,4595.53,55.71,0.144,7.1,4,0,1,59.5,1
40,36,1007,0.067,18,10,0,99.2,5.9,68.48,140987.32,6032.41,43.31,0.046,2.9,18,0,1,35.0,1
21,43,1691,0.169,19,3,4,69.9,1.7,28.62,71247.96,8920.12,97.1,0.126,7.5,27,1,1,36.3,1
33,47,1388,0.137,2,3,5,85.1,3.3,44.67,317840.51,1353.17,91.44,0.188,11.9,29,0,0,70.6,1
14,1,959,0.5,27,8,0,86.6,1.3,7.96,257456.06,4745.04,20.33,0.243,2.0,29,1,0,87.3,1
18,54,1016,0.433,23,9,3,92.1,2.9,82.11,299859.33,1420.99,78.33,0.034,0.5,3,1,0,21.2,1
23,39,915,0.112,2,9,2,99.1,4.7,86.22,303253.95,5013.47,60.07,0.209,5.9,4,0,0,43.5,1
44,37,1604,0.363,4,2,6,5.8,6.7,15.58,63794.11,5564.88,26.96,0.236,6.8,8,0,1,70.7,1
22,47,124,0.229,1,3,8,39.5,2.1,54.46,113946.05,1673.65,75.41,0.169,3.3,10,0,0,48.3,1
45,15,426,0.04,15,2,4,18.5,1.1,40.35,170390.69,1024.79,91.55,0.137,11.8,28,1,0,27.4,1
25,64,589,0.404,28,5,7,71.8,2.2,24.62,449293.09,4533.58,57.66,0.061,12.3,3,1,0,94.5,1
22,35,167,0.222,20,6,5,20.1,6.4,15.81,421244.42,7207.94,74.7,0.369,3.1,30,1,0,7.9,1
33,11,1018,0.477,16,7,1,41.7,4.1,69.32,2579.0,7829.81,95.07,0.436,7.6,13,1,0,0.4,1
8,34,592,0.072,5,4,1,13.8,0.3,75.82,175603.11,6268.98,40.32,0.175,11.3,19,1,0,14.5,1
21,6,1145,0.286,5,9,5,8.9,2.8,90.92,416923.68,8902.82,38.37,0.064,13.1,2,0,0,33.0,1
6,20,1232,0.14,12,9,4,52.0,0.2,93.27,449079.97,2483.07,15.41,0.225,16.1,27,0,1,67.7,1
12,32,913,0.221,6,0,3,88.6,5.5,76.96,215001.63,9429.35,31.77,0.003,19.9,1,1,0,90.1,1
5,25,1367,0.364,9,6,7,83.9,5.6,96.77,229035.99,8733.28,90.24,0.192,7.7,7,1,1,96.6,1
10,36,447,0.287,21,2,4,76.5,3.1,10.3,473676.93,8048.09,53.86,0.272,3.5,21,0,1,22.5,1
8,24,602,0.002,16,1,4,37.9,4.9,85.26,197272.08,3296.35,87.14,0.475,15.9,16,0,0,47.3,1
50,14,1007,0.144,28,4,1,83.3,4.1,23.97,8086.84,8279.66,16.16,0.428,1.0,3,0,0,63.7,1
36,65,557,0.045,8,3,5,51.3,2.1,27.16,334738.83,6614.82,93.73,0.402,8.8,12,0,0,55.1,1
13,80,1564,0.478,2,10,5,28.3,7.6,18.25,488798.32,4765.71,46.0,0.032,18.7,20,1,1,9.4,1
43,76,1394,0.395,9,2,8,17.2,3.4,66.61,459161.73,6005.73,99.47,0.194,14.4,12,0,1,19.3,1
1,74,361,0.397,8,0,3,18.4,4.9,25.19,188357.13,8953.72,95.65,0.379,1.4,17,1,0,30.9,1
45,2,1134,0.282,14,10,5,80.6,3.6,56.27,215373.56,8046.6,33.69,0.235,0.8,0,1,0,77.5,1
11,16,1221,0.151,8,0,0,70.1,7.3,18.07,417123.14,482.76,75.75,0.165,17.9,9,0,0,82.0,1
17,69,1635,0.242,10,5,7,27.6,4.2,69.22,394027.58,4264.97,46.26,0.389,15.5,14,1,0,79.4,1
49,31,57,0.139,24,10,7,54.7,4.4,96.01,82764.16,5976.13,52.14,0.483,1.3,11,0,0,65.2,1
44,49,1581,0.442,2,10,6,51.3,6.5,69.8,460859.36,4330.34,48.07,0.471,0.9,18,1,0,85.7,1
6,79,1254,0.47,27,2,2,37.4,2.0,61.52,316261.77,1473.88,18.03,0.218,9.0,4,0,1,36.5,1
45,36,116,0.356,25,0,6,33.6,0.4,33.22,275625.96,4931.57,63.51,0.473,15.1,26,1,0,63.7,1
10,63,1792,0.159,2,10,0,33.6,3.8,68.56,78006.97,1185.3,19.8,0.285,16.0,29,0,1,2.4,1
10,7,1584,0.274,2,3,3,91.9,2.9,16.69,48645.79,4283.37,47.29,0.3,11.3,29,0,1,26.8,1
23,78,1898,0.152,7,8,0,8.8,1.4,80.06,223363.52,4826.34,82.66,0.371,5.5,7,1,1,26.9,1
18,29,532,0.116,3,5,2,25.0,6.1,7.9,28048.09,1247.59,82.4,0.223,6.7,29,1,1,17.3,1
23,4,176,0.107,24,7,0,89.9,0.1,51.71,482313.17,2048.06,53.73,0.437,18.9,19,1,0,65.6,1
45,44,1728,0.154,24,1,3,32.6,6.7,13.05,367034.36,135.98,47.92,0.46,6.2,26,1,0,70.4,1
18,56,531,0.224,8,8,0,51.7,3.7,75.88,352210.93,5991.12,13.44,0.128,10.7,20,1,0,67.2,1
12,71,1727,0.206,4,9,5,20.9,0.4,17.7,16185.0,6045.75,96.67,0.456,8.8,5,1,1,33.8,1
41,9,1108,0.265,9,9,1,21.6,1.3,86.54,213830.92,3505.94,58.53,0.411,14.1,7,0,0,51.3,1
24,51,504,0.045,9,6,3,64.5,2.2,97.38,399517.58,7756.63,67.47,0.368,0.8,0,0,0,94.7,1
41,14,1274,0.095,10,4,5,81.1,3.7,93.66,127353.08,6265.59,48.98,0.133,0.9,12,0,1,92.7,1
35,59,1431,0.396,14,9,0,55.2,2.4,72.15,463698.65,1694.29,62.45,0.276,12.7,7,0,0,26.7,1
49,56,1942,0.262,2,3,0,41.8,1.5,19.12,314771.86,5752.75,61.6,0.336,9.5,26,1,1,63.3,1
34,4,516,0.12,9,1,0,66.9,5.2,16.92,31137.63,6119.11,98.67,0.404,2.8,9,1,0,82.0,1
1,29,1121,0.419,25,10,1,49.3,3.6,51.5,11458.04,2777.59,61.97,0.438,2.1,9,1,1,61.6,1
34,41,338,0.062,3,9,5,46.8,4.2,41.02,305662.22,9556.49,20.48,0.398,12.2,26,0,0,55.9,1
24,49,47,0.002,9,10,5,15.9,5.7,46.56,171625.53,3159.64,88.98,0.074,2.2,21,1,0,49.8,1
1,15,1314,0.307,23,7,3,7.4,2.6,51.11,864.82,4689.78,21.97,0.425,18.1,9,0,1,73.5,1
16,33,964,0.397,14,10,2,32.4,3.8,48.53,241383.58,4107.36,83.45,0.443,16.2,0,1,1,38.9,1
25,17,270,0.462,11,3,4,47.6,7.6,55.19,264156.68,7757.61,26.24,0.266,3.9,12,1,0,35.5,1
24,47,1171,0.148,5,2,5,52.2,3.5,57.8,285530.2,4677.59,54.35,0.156,14.5,8,1,1,53.6,1
3,8,746,0.107,13,0,6,41.0,3.3,82.75,103732.96,5513.97,96.13,0.169,10.0,28,1,1,55.8,1
26,6,1647,0.349,28,10,3,13.8,4.0,83.26,351502.99,2955.09,67.56,0.326,1.2,16,0,0,78.7,1
26,5,762,0.424,3,10,1,6.9,3.6,29.6,366410.34,2897.2,81.75,0.256,13.3,21,0,1,8.8,1
12,32,683,0.27,25,8,8,4.3,0.2,96.6,495570.32,1933.58,57.05,0.295,7.8,24,1,1,90.8,1
4,4,1791,0.0,3,3,8,33.6,6.1,11.85,66609.15,4764.3,88.64,0.341,14.0,0,0,1,58.1,1
31,38,188,0.169,26,6,6,79.6,2.3,72.56,216770.92,409.65,66.09,0.421,3.1,11,1,1,89.0,1
11,48,274,0.348,11,3,3,39.5,6.5,28.65,486937.86,9334.56,49.02,0.448,5.4,20,1,1,14.5,1
47,48,1441,0.087,1,2,7,13.3,2.8,28.27,144236.33,4535.24,94.74,0.455,14.7,11,0,0,87.3,1
26,51,1062,0.054,26,7,0,24.3,0.4,72.15,88131.27,5717.3,21.13,0.105,15.2,30,1,1,67.7,1
1,41,571,0.287,2,0,0,35.9,7.0,74.07,28420.15,9933.12,30.37,0.261,6.5,5,0,0,7.5,1
23,10,1053,0.269,10,3,3,7.0,5.0,47.32,231585.83,3878.25,33.29,0.23,15.7,2,0,1,66.3,1
23,29,1777,0.081,12,4,4,11.1,3.8,86.44,440226.18,6948.91,14.48,0.208,8.4,28,0,1,70.3,1
18,37,900,0.27,18,4,5,22.9,3.3,53.65,494727.83,3143.75,99.1,0.195,0.8,21,1,0,1.0,1
47,71,1681,0.346,24,1,4,89.8,7.5,64.13,487250.08,125.83,85.88,0.464,11.9,28,1,1,94.4,1
41,19,304,0.356,9,4,7,48.0,2.1,93.47,444482.75,7276.86,23.29,0.425,2.2,30,1,0,71.5,1
45,51,1187,0.189,8,2,3,32.3,2.3,93.51,188068.98,3944.78,93.51,0.449,9.0,16,1,1,90.4,1
42,13,670,0.45,3,7,6,4.9,2.9,90.15,436269.79,9107.07,39.82,0.387,13.6,5,0,1,80.3,1
2,79,90,0.155,27,7,1,15.8,5.5,86.99,327158.64,3332.44,19.23,0.159,1.2,21,1,0,15.4,1
1,49,275,0.261,5,5,7,79.7,2.7,6.38,51761.86,8668.34,16.45,0.107,3.7,16,0,1,81.3,1
6,10,151,0.457,17,4,3,99.0,6.2,88.86,167121.49,7557.26,81.75,0.143,19.9,20,0,1,97.4,1
35,59,715,0.147,29,8,6,50.3,4.3,80.19,84866.02,4951.34,28.93,0.389,16.0,30,1,0,88.5,1
34,24,1495,0.267,2,2,1,14.8,7.0,85.53,281189.21,8102.9,15.56,0.318,18.8,2,1,1,0.6,1
4,27,251,0.346,17,1,0,4.2,6.9,85.82,41829.05,9026.01,75.79,0.121,5.6,15,0,0,10.3,1
24,39,1543,0.402,13,0,8,77.4,3.6,17.53,409746.51,7482.99,54.38,0.034,4.6,15,1,0,87.7,1
48,11,148,0.277,5,6,1,21.2,3.5,4.22,463814.64,394.82,84.12,0.258,19.1,7,1,1,47.3,1
26,59,1314,0.079,5,2,7,87.6,7.3,89.01,35145.03,8661.31,75.28,0.117,18.7,26,0,1,12.4,1
27,38,821,0.38,9,3,5,17.8,1.4,75.05,292377.05,9060.7,55.43,0.453,17.0,15,0,1,7.7,1
29,40,399,0.085,17,1,5,42.4,7.2,86.1,476409.09,4958.96,46.87,0.372,9.8,26,1,0,92.6,1
4,59,762,0.164,24,10,2,54.7,1.0,31.27,217916.97,1415.2,50.61,0.369,12.9,2,0,0,40.7,1
46,3,857,0.113,29,7,0,57.1,0.1,93.34,407639.72,7204.53,67.42,0.154,16.3,20,1,1,26.6,1
10,63,1837,0.377,18,1,0,54.5,2.1,80.59,320158.07,1517.01,99.91,0.391,0.2,23,1,0,37.2,1
22,56,555,0.457,3,9,4,46.4,7.3,44.48,209601.82,7114.85,32.96,0.438,15.6,29,1,1,63.1,1
23,42,145,0.234,10,8,8,67.1,7.1,49.59,439534.13,475.69,58.0,0.011,16.6,21,0,0,13.3,1
45,63,589,0.35,22,4,8,67.3,1.3,53.48,207021.81,1100.73,20.57,0.366,0.3,10,0,0,81.2,1
50,1,971,0.045,1,6,8,70.8,6.4,56.63,21798.62,1305.34,84.82,0.098,2.3,15,1,1,33.0,1
2,29,1722,0.106,7,5,6,90.9,3.9,6.54,103458.21,2356.29,16.23,0.124,17.0,11,1,0,55.2,1
2,40,640,0.452,2,3,8,88.7,8.0,6.0,454524.26,8013.31,10.62,0.139,13.5,27,0,0,40.9,1
49,48,480,0.465,20,6,3,35.2,1.8,43.33,194616.07,8529.9,42.76,0.311,16.4,13,0,1,79.7,1
21,14,1357,0.004,17,10,7,4.0,4.3,97.22,209024.01,9884.07,32.79,0.198,14.1,5,0,0,96.8,1
37,52,1246,0.088,3,3,2,22.9,0.9,63.54,319141.81,1734.91,14.59,0.049,1.0,11,0,0,76.0,1
21,32,841,0.081,15,6,7,47.9,7.6,94.82,151595.69,5838.82,67.39,0.273,6.9,25,1,0,3.3,1
16,6,1716,0.494,19,4,0,41.4,6.6,78.77,177160.76,5640.82,26.64,0.437,0.1,15,0,0,84.3,1
38,17,1409,0.439,25,7,7,43.7,2.3,28.05,114702.01,392.09,99.36,0.003,4.6,27,0,1,63.8,1
10,64,836,0.05,22,5,8,69.6,6.2,25.58,100789.65,6515.43,80.89,0.017,6.8,8,1,1,27.9,1
33,53,135,0.215,24,1,2,24.5,6.8,17.29,135680.78,6972.97,85.67,0.057,19.9,4,0,0,10.0,1
21,26,948,0.121,15,4,3,80.7,2.4,38.07,63404.45,7185.12,13.66,0.019,11.3,28,0,0,46.7,1
35,66,614,0.093,30,10,5,47.3,6.3,89.96,200727.7,5297.69,54.72,0.176,14.6,29,0,1,12.9,1
48,11,1297,0.029,17,0,4,3.9,4.4,70.33,297269.42,4256.16,31.98,0.147,16.9,27,1,0,15.8,1
26,23,208,0.153,5,4,4,43.3,2.2,60.86,260070.34,6993.91,59.55,0.047,16.1,25,1,0,34.1,1
10,5,440,0.273,2,5,4,11.9,5.5,99.16,35581.15,7306.88,51.89,0.474,17.0,15,1,1,64.5,1
16,2,1186,0.473,3,0,5,96.8,7.8,2.17,445956.84,5875.94,56.51,0.114,11.5,25,1,1,23.2,1
3,39,1120,0.365,19,7,6,80.0,3.2,55.81,30695.61,8609.59,12.8,0.279,2.3,6,0,1,85.9,1
33,17,757,0.133,19,7,3,80.0,4.1,97.38,219089.01,4123.75,73.35,0.165,7.1,10,0,0,52.1,1
23,29,1942,0.285,23,6,5,49.2,1.6,72.18,495187.66,7367.61,65.19,0.241,9.6,4,1,1,22.9,1
18,74,1619,0.231,2,4,5,47.1,2.4,7.48,222879.49,8198.23,11.2,0.334,15.8,5,0,0,35.5,1
16,79,573,0.279,23,9,7,19.1,4.8,77.11,4311.84,8012.52,28.56,0.136,5.6,27,0,0,36.2,1
42,38,247,0.461,15,1,0,21.9,6.4,43.77,349257.37,9995.5,65.55,0.215,19.7,1,0,0,34.4,1
36,3,1301,0.365,9,10,4,56.7,3.1,83.05,194161.79,6927.46,24.7,0.291,3.8,8,1,0,78.3,1
28,11,374,0.266,6,5,1,35.4,3.9,40.58,352757.52,1323.85,68.36,0.026,3.2,9,0,0,65.9,1
9,53,1006,0.103,4,7,4,95.2,2.2,94.8,80488.11,7285.8,35.11,0.385,10.4,28,0,1,22.6,1
43,26,429,0.085,27,5,7,56.0,2.9,55.31,66427.79,483.06,33.4,0.012,10.9,10,0,0,69.4,1
3,5,1033,0.289,30,8,4,69.2,6.5,98.52,457500.67,2006.94,90.01,0.151,6.4,15,0,0,20.4,1
38,76,493,0.394,26,5,1,47.4,5.2,34.74,321540.57,8086.83,33.02,0.087,14.9,27,0,0,26.3,1
3,57,1933,0.089,17,4,8,58.2,4.6,8.56,256118.65,7924.77,64.83,0.436,2.9,1,1,0,60.4,1
19,72,142,0.324,19,6,3,78.2,0.3,91.01,88087.3,7266.25,13.74,0.466,8.0,21,1,0,25.5,1
17,76,371,0.41,27,5,6,26.6,2.2,11.17,278994.01,9961.79,38.08,0.151,1.5,6,1,0,22.6,1
14,14,1170,0.149,24,3,5,46.1,1.9,71.34,424844.2,4448.1,33.9,0.203,7.1,8,0,0,95.9,1
49,3,1883,0.406,28,1,7,58.0,5.5,73.12,320469.72,2813.99,62.87,0.383,8.8,0,0,0,99.8,1
8,73,192,0.279,12,1,7,59.1,1.3,83.03,196100.44,6067.01,48.72,0.368,16.0,23,1,1,64.7,1
50,35,1254,0.176,30,5,8,67.7,3.3,26.04,403645.45,5225.67,37.0,0.039,10.6,22,0,0,52.8,1
29,45,1033,0.431,26,3,7,40.8,7.0,56.96,479973.83,8080.74,10.98,0.344,15.9,22,1,1,13.5,1
37,65,23,0.051,17,6,8,19.7,6.2,1.41,170302.67,4070.31,68.68,0.131,19.3,9,0,1,1.4,1
4,55,1232,0.277,30,3,3,34.4,7.6,23.98,371515.21,1384.99,27.24,0.097,17.1,25,0,0,56.5,1
31,22,1036,0.145,20,9,1,11.3,3.7,73.4,163229.86,9784.31,36.31,0.207,13.6,19,1,0,89.8,1
43,41,175,0.057,8,3,5,84.4,7.2,72.33,102824.82,1617.07,54.82,0.211,14.0,6,1,0,73.6,1
4,55,866,0.142,8,2,7,77.8,1.1,91.41,2771.51,7114.87,62.23,0.007,12.3,27,1,1,66.7,1
38,39,1924,0.484,15,4,5,51.2,3.0,95.16,345773.85,7332.85,22.82,0.443,9.7,9,1,1,88.6,1
26,51,895,0.174,17,5,1,78.5,4.0,59.54,59173.9,5500.43,17.92,0.315,15.1,4,1,1,19.7,1
45,22,14,0.391,27,5,0,90.7,3.3,16.58,87395.86,1322.21,12.4,0.41,0.8,2,1,0,26.5,1
16,44,98,0.421,13,4,2,55.4,0.8,98.06,465336.95,1677.95,47.89,0.433,2.2,1,1,0,83.7,1
41,36,403,0.376,3,5,2,37.6,3.8,54.81,325697.35,7560.84,85.66,0.321,10.1,23,0,0,76.8,1
27,15,419,0.235,15,8,6,13.7,0.7,27.29,441659.75,5614.5,26.47,0.478,19.0,29,0,0,90.2,1
44,23,27,0.487,11,1,7,10.2,2.9,26.68,39268.01,3521.4,56.37,0.107,13.2,17,0,0,56.3,1
34,55,1691,0.141,24,2,6,47.4,0.6,23.03,481506.2,5404.32,24.03,0.009,11.1,20,1,0,86.3,1
7,11,1140,0.476,17,3,4,82.5,2.0,94.42,95046.82,5133.53,88.66,0.174,17.7,9,0,1,54.6,1
38,56,1915,0.121,27,6,4,74.2,4.2,39.4,91975.77,694.77,85.01,0.304,7.2,25,1,0,82.0,1
9,57,1361,0.466,16,6,4,90.9,1.2,56.86,8037.47,8776.25,47.3,0.308,15.7,22,0,1,76.5,1
5,15,472,0.242,17,6,3,58.6,3.5,75.53,94434.25,6017.38,89.05,0.483,4.1,6,0,0,49.4,1
8,71,359,0.113,20,4,5,59.7,6.2,30.4,285049.84,4415.18,81.25,0.126,19.9,5,1,0,9.7,1
29,2,58,0.233,28,1,5,79.6,1.6,42.34,15930.7,1998.98,29.99,0.215,2.4,11,1,0,95.1,1
5,10,1622,0.093,13,6,3,44.5,5.1,74.94,47536.22,5305.28,16.66,0.486,7.7,10,1,1,98.6,1
50,69,383,0.29,8,6,2,33.8,5.9,84.2,352448.8,6668.46,45.31,0.219,0.8,30,1,0,20.6,1
26,55,991,0.296,19,0,5,25.1,4.1,85.02,199377.84,3680.34,40.65,0.439,14.6,15,1,1,90.0,1
8,10,1948,0.331,4,4,7,65.6,7.1,82.69,290002.15,9627.02,11.78,0.063,11.8,13,1,1,60.1,1
26,41,932,0.378,5,2,3,72.6,5.0,67.69,262154.05,2534.29,71.47,0.073,6.2,9,1,0,50.9,1
38,43,938,0.218,22,8,4,74.3,7.9,21.89,371684.72,9199.06,63.23,0.064,17.2,25,0,1,86.6,1
10,24,1183,0.123,10,4,0,97.6,4.7,19.03,70681.8,2722.65,65.73,0.466,16.0,27,1,0,2.6,1
19,22,50,0.042,4,4,6,23.4,2.0,23.2,233200.29,2770.57,79.84,0.12,3.8,13,0,0,76.7,1
34,21,1777,0.202,21,0,0,94.7,1.2,83.44,498643.68,3042.22,14.74,0.376,5.9,16,0,0,15.2,1
25,71,1976,0.107,12,2,8,93.3,1.3,80.77,378285.15,4252.77,56.32,0.273,12.9,9,1,1,60.6,1
10,30,399,0.1,1,5,3,70.1,5.1,94.0,392593.12,4442.08,30.62,0.422,15.8,13,0,1,65.5,1
14,11,458,0.144,12,3,5,82.0,1.3,41.37,75387.51,9039.81,13.92,0.115,4.8,15,0,1,72.7,1
16,43,1882,0.431,29,1,2,91.0,1.5,45.56,387699.04,4374.85,92.9,0.019,6.9,14,0,0,6.1,1
12,71,1715,0.47,19,6,5,35.1,6.3,40.87,11845.31,235.56,88.07,0.223,0.8,22,1,0,64.9,1
6,70,265,0.152,2,5,8,94.8,2.8,82.52,256434.41,5477.44,45.97,0.227,19.7,2,0,1,61.4,1
15,66,125,0.197,28,8,2,22.1,7.6,1.14,401561.08,5372.71,34.69,0.195,11.5,6,1,1,59.6,1
35,76,481,0.064,28,9,2,60.6,5.5,44.31,368108.45,2243.28,24.38,0.326,8.1,13,1,1,84.5,1
25,68,1435,0.03,14,8,4,16.6,1.2,9.08,181129.21,3361.99,34.11,0.142,15.0,23,1,1,64.3,1
2,77,466,0.165,13,4,8,54.8,6.5,31.57,247053.4,4994.31,76.46,0.249,19.6,20,0,0,96.5,1
24,46,303,0.305,26,4,7,61.2,6.1,39.44,113019.35,8797.19,39.96,0.26,10.1,12,1,1,95.8,1
13,40,363,0.08,23,2,4,33.9,5.4,38.89,101133.33,3298.45,37.53,0.19,14.4,7,0,1,39.3,1
20,30,255,0.245,27,8,8,9.8,6.4,77.0,17817.01,2664.73,57.66,0.04,12.6,18,0,0,76.3,1
24,14,1657,0.196,25,8,3,30.4,1.7,9.77,359602.98,5065.82,75.61,0.493,9.8,11,1,1,13.4,1
25,59,489,0.388,5,1,8,31.0,2.1,95.94,91931.03,5310.66,44.04,0.187,0.5,20,1,0,41.6,1
12,34,785,0.296,26,5,4,83.5,5.0,94.18,173622.56,440.91,28.8,0.479,3.1,21,1,1,42.3,1
36,6,705,0.444,2,1,8,49.2,6.4,62.99,316493.71,2827.59,70.62,0.049,2.0,17,0,0,90.7,1
24,50,1167,0.063,2,6,3,35.6,2.7,93.16,364134.02,146.08,97.22,0.197,13.1,2,0,1,72.9,1
26,11,470,0.043,22,8,3,28.4,7.7,96.87,182331.97,4094.57,43.4,0.147,10.0,18,1,1,4.8,1
42,34,1151,0.198,18,4,1,80.4,1.1,74.51,202086.59,4177.06,71.2,0.329,15.1,12,1,0,51.5,1
20,63,1132,0.099,23,0,7,82.5,6.0,96.38,155537.63,9765.2,41.5,0.275,19.5,9,1,0,58.8,1
9,27,470,0.206,30,6,8,11.2,6.6,72.28,423770.38,3500.69,97.05,0.366,3.4,20,1,1,89.0,1
22,67,1656,0.096,14,4,3,76.0,6.9,64.92,86837.96,943.88,62.5,0.095,9.2,10,0,1,21.9,1
20,72,589,0.203,22,9,4,92.2,0.1,76.54,99954.63,4021.85,98.01,0.116,10.9,16,0,0,80.7,1
49,73,306,0.041,8,9,2,10.1,6.5,33.42,147534.58,4512.83,13.05,0.133,16.9,28,1,0,46.9,1
37,60,1209,0.193,15,4,0,55.4,3.9,27.98,253634.75,8755.76,37.22,0.421,13.8,2,1,0,75.9,1
43,33,1725,0.021,1,4,2,35.2,5.5,27.02,25911.49,6672.57,87.55,0.126,10.2,15,0,0,93.5,1
31,15,11,0.041,23,0,2,17.5,1.2,71.77,409069.95,2390.64,70.36,0.215,8.5,17,0,0,43.5,1
21,27,1999,0.192,30,6,2,82.8,7.5,93.96,283357.74,5609.67,51.57,0.15,10.7,27,1,1,59.5,1
37,53,160,0.206,10,2,3,89.3,0.6,38.84,127150.96,4440.42,82.96,0.162,14.7,2,1,0,34.7,1
43,52,1488,0.091,8,5,3,33.9,7.8,79.0,204181.82,4859.82,94.1,0.451,10.2,6,1,0,29.1,1
32,56,72,0.215,7,7,4,55.5,0.4,43.27,162713.83,3349.9,74.15,0.029,0.6,20,1,1,41.3,1
34,10,722,0.43,26,8,1,24.4,0.9,31.47,25707.58,5461.13,76.53,0.24,16.3,12,1,1,65.6,1
7,9,1507,0.456,15,2,6,87.9,1.4,9.07,278846.47,5331.19,95.77,0.409,11.2,29,0,0,76.8,1
6,41,823,0.457,2,5,4,76.5,7.2,77.68,197208.48,5377.95,43.73,0.32,19.0,19,1,1,53.4,1
23,51,1180,0.055,26,1,2,43.7,1.0,51.39,20979.13,5254.48,43.91,0.051,0.5,19,1,0,9.1,1
31,27,1885,0.403,3,7,8,14.6,6.6,85.81,108981.98,5097.76,50.8,0.273,6.8,20,0,1,49.1,1
25,36,1877,0.447,3,8,8,26.6,7.4,62.03,266901.06,1079.59,40.54,0.059,3.5,7,1,0,53.8,1
37,36,280,0.465,22,8,1,42.8,0.7,17.77,169197.79,6956.7,20.03,0.433,11.1,24,0,1,38.9,1
19,18,1099,0.194,22,4,0,93.7,5.0,40.16,445380.69,3983.01,60.55,0.485,5.5,13,0,0,10.0,1
49,34,130,0.305,30,9,7,58.2,3.6,83.16,428270.85,7735.55,79.78,0.287,15.1,19,0,0,3.3,1
36,34,169,0.468,26,8,7,58.5,3.6,81.34,227914.89,4009.65,16.15,0.025,2.6,24,1,1,84.4,1
30,46,972,0.279,19,3,2,76.3,2.0,49.82,65592.61,8160.24,50.07,0.17,4.2,4,0,0,39.9,1
40,39,256,0.383,2,6,2,36.2,2.2,96.33,425054.45,430.72,67.31,0.213,14.8,0,0,0,12.2,1
5,26,1072,0.102,30,6,4,55.6,6.7,16.73,100258.99,7132.28,15.52,0.15,12.7,10,1,1,27.8,1
14,78,139,0.199,6,9,0,39.7,2.8,2.25,367608.62,1904.02,36.8,0.03,3.8,10,0,1,43.1,1
32,12,979,0.172,30,7,7,20.3,5.3,32.04,97203.49,2250.63,39.64,0.413,16.3,9,1,1,21.3,1
27,64,980,0.055,5,4,5,78.3,3.1,73.47,118115.4,5204.52,99.92,0.034,7.6,4,1,0,89.2,1
8,66,266,0.317,14,1,6,87.1,0.9,82.7,117395.92,9736.6,64.06,0.18,9.8,18,0,0,92.3,1
16,71,104,0.212,1,4,1,86.7,4.3,6.86,54130.14,8802.04,14.38,0.46,1.8,14,0,0,45.6,1
41,36,99,0.397,4,7,4,25.8,2.8,35.94,426906.19,2830.46,39.85,0.39,9.6,23,1,1,88.7,1
31,27,1096,0.394,16,4,7,28.5,0.8,10.16,318238.94,738.5,14.07,0.132,4.9,22,0,1,77.0,1
18,52,703,0.409,27,8,5,83.3,0.2,12.59,365291.43,9696.77,12.89,0.165,1.4,18,0,0,97.3,1
9,65,733,0.473,29,10,6,6.6,1.4,97.41,4915.23,4531.28,30.2,0.017,0.9,30,0,0,89.7,1
43,42,1408,0.154,20,9,8,45.6,3.9,78.69,178040.02,5449.58,68.41,0.214,12.2,15,1,0,81.7,1
24,19,216,0.178,11,10,4,30.7,2.7,74.2,399837.16,778.75,72.4,0.184,6.8,22,1,1,32.0,1
15,78,340,0.269,5,4,8,42.1,2.9,55.05,72498.46,5578.12,75.03,0.286,17.3,5,0,0,60.6,1
46,31,1694,0.236,2,6,3,55.1,6.5,83.82,355606.78,5914.92,14.38,0.245,9.7,11,0,1,34.8,1
28,55,718,0.122,9,4,4,48.8,7.7,61.54,489195.34,171.63,33.2,0.488,17.4,28,0,0,99.9,1
39,33,602,0.243,11,5,8,4.9,2.4,61.08,284921.22,1615.43,96.39,0.359,19.6,13,0,0,23.6,1
44,3,1880,0.138,24,8,7,75.2,1.9,39.32,106228.75,8645.06,19.27,0.071,16.3,22,0,1,49.7,1
27,16,1088,0.432,5,1,7,27.4,3.2,94.01,362998.29,2936.62,54.79,0.201,10.0,26,0,0,89.2,1
11,33,724,0.37,25,3,2,84.7,1.4,34.72,25126.5,4175.43,62.92,0.376,12.4,6,1,1,39.5,1
12,76,1276,0.412,25,2,6,81.2,5.3,29.44,354907.03,1433.35,40.39,0.396,15.9,14,0,1,90.6,1
47,19,480,0.406,2,6,2,52.6,3.6,38.14,298413.38,452.58,69.84,0.379,10.1,13,0,0,94.8,1
47,11,1412,0.44,29,4,6,52.5,6.6,24.99,111475.67,5088.49,92.17,0.088,10.2,16,0,0,85.9,1
29,20,227,0.032,2,6,0,87.7,6.3,73.59,224218.49,4824.2,41.94,0.405,17.5,17,1,0,48.5,1
13,40,1242,0.419,8,6,5,18.3,1.1,68.0,178086.56,1226.35,56.89,0.085,0.0,16,1,1,68.4,1
13,7,1236,0.173,10,5,2,69.8,3.5,76.78,438682.2,3071.94,88.36,0.001,17.7,4,1,0,9.9,1
8,1,546,0.35,9,8,2,99.0,5.7,16.49,154868.93,5600.8,31.53,0.068,4.3,29,1,0,68.2,1
25,32,815,0.264,21,7,7,44.0,3.6,86.17,144800.13,5189.81,96.71,0.354,13.9,22,1,0,2.8,1
45,30,1917,0.18,19,10,2,64.6,7.3,63.66,481114.54,200.86,80.66,0.441,1.9,13,0,0,94.7,1
25,30,298,0.46,23,9,1,57.7,5.9,3.85,421623.15,1271.89,20.32,0.026,10.3,2,1,0,84.9,1
2,25,1855,0.468,28,9,4,78.1,0.4,98.55,247364.64,2722.48,33.87,0.129,13.4,14,0,1,82.2,1
4,73,996,0.479,27,6,7,43.9,2.2,98.57,180077.62,2768.64,10.16,0.078,10.5,21,1,0,99.1,1
36,40,672,0.114,23,10,5,98.2,2.9,3.37,192714.31,9551.12,13.49,0.025,10.4,16,0,1,62.6,1
3,37,1240,0.212,23,6,5,50.3,1.8,35.2,200140.97,9448.69,63.29,0.033,8.0,7,1,0,94.1,1
40,23,1174,0.128,3,4,7,94.7,0.1,43.32,491158.35,8584.72,73.74,0.14,2.3,8,1,0,83.8,1
50,45,475,0.453,29,3,6,3.3,2.2,98.17,386140.49,7337.95,38.89,0.12,8.6,29,1,1,12.1,1
41,67,404,0.497,30,9,1,37.5,2.4,10.03,249932.51,7865.03,83.16,0.007,9.2,3,0,1,10.3,1
23,61,1605,0.317,17,2,8,79.9,0.3,9.54,51217.48,4012.69,42.99,0.101,19.0,5,1,1,73.6,1
11,9,1610,0.077,21,5,8,54.1,6.4,60.04,174417.58,1173.66,11.82,0.319,6.7,3,1,1,78.9,1
29,80,1696,0.426,11,7,6,66.9,5.5,67.52,240617.76,6161.81,12.19,0.055,12.7,6,0,0,15.9,1
30,11,143,0.32,24,9,1,85.6,3.6,95.36,3053.07,4237.86,62.73,0.107,10.9,24,1,0,83.6,1
46,3,1718,0.112,11,8,0,70.6,7.1,83.9,319296.7,7469.11,79.81,0.213,15.7,24,1,0,88.1,1
31,68,1418,0.164,24,1,6,21.7,0.9,8.31,73168.7,7765.14,16.41,0.343,5.1,16,0,0,92.5,1
35,10,1025,0.107,23,7,6,22.8,0.8,32.9,68867.38,8744.28,33.37,0.148,1.4,10,1,0,8.1,1
23,1,271,0.356,22,4,1,10.9,0.4,89.51,300579.47,3372.65,39.75,0.152,15.3,10,0,1,29.8,1
39,77,273,0.159,9,2,6,91.0,5.7,54.59,318423.73,6178.32,21.88,0.342,1.4,7,1,1,93.6,1
38,46,395,0.277,25,1,1,36.6,0.4,39.31,56960.36,8833.6,83.17,0.353,18.2,0,1,1,68.3,1
1,66,1744,0.378,23,0,1,93.8,2.5,13.3,347356.28,7781.43,84.33,0.299,2.0,19,0,1,59.4,1
33,9,1606,0.482,10,6,2,17.2,1.5,49.14,439456.49,3570.67,99.15,0.322,6.8,14,1,0,89.7,1
47,67,598,0.267,10,4,8,54.1,5.7,49.08,299273.66,1704.82,69.85,0.183,16.9,17,1,1,53.1,1
29,46,1281,0.173,28,4,8,43.3,6.9,78.78,293560.88,8607.01,80.39,0.047,12.6,4,0,1,5.7,1
12,76,452,0.021,20,2,2,94.7,4.4,27.03,289829.87,1626.15,82.94,0.44,0.5,25,1,0,12.1,1
10,76,1258,0.404,7,1,4,30.9,4.8,4.42,299951.47,4210.57,47.01,0.376,2.6,22,1,0,90.4,1
23,66,285,0.02,6,9,7,35.8,7.4,46.35,492150.2,3025.7,49.27,0.17,6.6,8,0,1,34.6,1
32,17,89,0.262,7,6,5,60.6,3.8,25.75,456911.0,4299.04,15.18,0.148,1.1,1,1,1,96.4,1
34,20,137,0.153,1,9,0,63.0,6.0,55.34,250434.52,7189.85,89.74,0.136,13.4,9,1,0,73.9,1
24,26,1343,0.13,11,6,4,26.6,1.8,58.01,115153.12,9364.22,80.99,0.327,7.3,9,1,1,20.0,1
2,61,1739,0.229,1,4,3,22.2,7.3,82.47,273796.96,505.64,45.18,0.058,18.4,16,1,0,89.8,1
35,62,753,0.235,27,2,7,8.3,3.2,68.46,65082.82,6368.2,71.63,0.305,3.6,29,1,1,19.5,1
20,55,191,0.222,6,2,6,49.3,0.4,17.4,95512.18,4227.93,25.44,0.111,13.0,5,1,1,14.3,1
12,21,498,0.058,27,9,0,83.0,3.1,79.83,184644.19,4584.73,90.85,0.208,7.0,17,0,1,20.7,1
50,1,1840,0.457,25,9,0,97.2,3.4,25.43,23867.77,7271.02,23.9,0.153,11.5,16,1,1,91.8,1
21,58,1313,0.204,6,3,0,29.9,5.2,84.53,98159.05,1151.99,59.04,0.262,2.7,29,1,1,30.6,1
1,18,1756,0.301,9,6,3,9.5,5.0,29.78,69989.79,6585.4,69.57,0.444,4.0,9,1,1,9.1,1
31,11,1601,0.478,13,7,8,90.4,7.2,24.18,200394.02,4519.79,10.14,0.364,10.4,4,0,1,83.9,1
5,22,511,0.255,6,3,1,52.3,2.3,17.2,245270.98,2261.87,60.11,0.47,1.3,22,1,1,22.5,1
23,38,1877,0.247,17,8,5,10.6,0.1,86.25,480111.36,6516.36,19.84,0.022,13.8,13,0,1,44.5,1
44,46,1074,0.47,26,7,1,65.4,4.2,29.27,375090.92,3503.7,58.92,0.182,3.1,11,0,0,75.5,1
19,50,931,0.388,30,7,7,85.3,2.1,5.3,366615.06,1145.83,19.87,0.309,2.2,4,1,0,83.8,1
13,39,1181,0.309,12,8,5,3.4,4.5,28.51,447675.2,1981.37,37.87,0.484,8.1,14,1,0,31.5,1
1,48,105,0.304,13,3,1,14.2,5.3,7.34,367283.83,3890.33,46.39,0.142,6.3,19,0,1,30.8,1
9,5,510,0.323,12,8,6,40.6,4.1,22.38,479868.37,7702.03,23.03,0.049,0.4,7,1,1,53.2,1
39,42,1301,0.228,13,1,5,43.6,3.3,10.98,316965.16,7939.72,99.45,0.342,15.4,13,1,0,7.8,1
7,44,837,0.014,22,3,7,47.0,5.1,7.11,490835.98,3987.7,94.61,0.311,14.1,17,1,0,73.5,1
13,69,1891,0.354,21,9,2,38.0,2.0,14.94,387781.71,6449.09,66.34,0.05,14.9,6,0,1,34.2,1
50,68,572,0.255,2,4,5,65.7,6.6,54.85,192957.02,5937.73,99.12,0.089,2.8,16,1,1,13.8,1
5,45,164,0.339,6,7,1,40.2,6.4,29.6,92654.45,1583.78,84.83,0.318,19.9,22,1,1,20.8,1
2,31,540,0.184,8,9,4,77.0,1.7,21.03,225573.78,9496.78,76.01,0.178,16.5,18,1,0,84.2,1
25,12,1870,0.303,24,8,7,27.2,0.3,7.99,291714.44,750.64,50.3,0.252,9.1,27,1,1,15.1,1
7,57,1670,0.29,17,8,6,83.6,4.3,30.61,65511.51,8424.35,70.97,0.462,1.7,20,0,0,95.6,1
44,47,1276,0.124,15,7,0,3.8,3.4,53.82,349311.87,8437.1,98.97,0.233,10.1,26,1,1,77.4,1
4,31,566,0.336,24,3,7,93.8,5.0,78.88,386320.93,724.26,76.62,0.289,2.3,13,1,0,32.4,1
13,53,729,0.051,15,10,3,11.4,5.9,45.98,488802.41,433.88,29.84,0.344,18.1,1,1,1,90.7,1
8,45,1429,0.304,19,10,2,56.5,0.1,74.81,124261.53,3410.4,60.12,0.471,5.9,22,0,0,59.6,1
19,62,1152,0.078,14,3,3,99.3,5.2,35.73,387424.45,6069.56,84.86,0.254,2.6,3,1,0,81.7,1
46,9,1376,0.206,21,0,1,15.2,5.8,51.19,393262.85,1544.26,61.69,0.495,19.4,19,0,0,29.0,1
13,76,185,0.215,23,0,3,89.5,5.2,1.39,254492.38,4247.88,76.29,0.253,19.9,10,0,0,55.2,1
47,35,41,0.113,6,9,8,49.8,1.4,55.86,191810.13,6297.6,88.53,0.253,2.4,18,0,0,57.5,1
39,21,1457,0.46,24,8,3,85.3,2.9,96.07,437920.63,9826.61,51.99,0.245,7.1,23,0,0,30.6,1
9,43,76,0.468,19,6,7,94.0,1.6,13.95,264738.31,6941.64,67.99,0.372,5.3,2,0,1,17.4,1
5,71,1501,0.435,11,3,0,21.0,5.3,89.65,108902.59,1077.23,43.29,0.292,2.8,6,1,1,86.0,1
40,38,222,0.087,4,7,2,60.3,4.4,97.54,116633.75,4885.02,48.76,0.462,17.3,26,1,0,69.8,1
7,61,1177,0.412,15,6,5,36.8,4.8,75.72,307503.99,553.35,77.58,0.118,9.3,7,1,1,98.3,1
15,49,180,0.464,4,5,6,39.7,5.6,85.15,362826.65,9447.62,36.08,0.497,17.5,6,1,0,15.2,1
41,13,1639,0.237,15,2,1,39.9,2.6,61.85,275892.31,8909.59,33.09,0.291,8.0,19,0,0,35.9,1
10,73,1072,0.31,13,0,3,44.6,4.6,35.27,55021.97,9616.59,60.26,0.431,4.9,6,0,1,61.2,1
36,48,214,0.229,6,2,3,64.5,0.5,92.85,67944.85,1811.33,16.32,0.387,8.5,30,1,0,1.0,1
37,22,459,0.205,26,10,2,76.3,4.9,6.93,255622.43,5771.99,62.83,0.25,10.1,10,1,1,42.2,1
44,56,1313,0.333,21,0,6,64.6,2.1,52.27,320543.99,9410.22,28.43,0.011,11.6,24,0,0,67.1,1
9,6,1829,0.37,6,0,2,24.1,6.0,84.41,490296.56,3845.85,73.46,0.311,19.8,0,1,0,64.3,1
18,10,889,0.06,8,1,0,19.2,1.0,2.18,361851.1,9281.23,98.53,0.103,16.7,4,0,0,37.3,1
9,52,1627,0.492,25,2,2,8.6,5.3,67.6,336306.04,7671.46,54.06,0.118,10.5,15,0,0,24.8,1
35,73,1880,0.036,9,2,8,61.2,3.4,74.89,5870.72,2039.43,88.87,0.001,12.2,1,0,0,11.5,1
37,36,1814,0.448,17,4,2,68.7,5.8,47.2,99460.15,5153.46,82.27,0.43,12.4,1,0,1,97.6,1
17,56,205,0.362,23,8,6,15.0,6.2,14.34,259326.15,8379.54,56.73,0.499,17.3,25,1,0,82.3,1
2,76,1657,0.493,16,6,7,58.2,1.9,83.35,12790.04,2079.78,20.85,0.381,17.0,5,1,1,93.7,1
23,60,1799,0.327,24,9,6,17.4,2.3,77.2,363867.55,2529.69,49.58,0.304,3.5,26,1,0,73.6,1
4,24,1469,0.161,29,0,6,49.0,6.9,62.91,413842.11,3743.25,54.09,0.158,4.3,9,0,1,99.6,1
12,28,304,0.029,27,1,4,11.1,2.3,45.4,56251.43,4788.27,59.56,0.115,18.1,29,0,1,5.8,1
18,13,1566,0.396,24,6,4,95.7,0.3,45.28,343602.76,6522.28,61.93,0.15,14.8,27,0,0,97.2,1
1,54,243,0.421,6,5,3,74.3,3.9,43.58,359468.66,9113.09,59.31,0.207,4.9,23,1,0,99.1,1
15,72,763,0.265,4,2,7,28.7,2.7,56.15,285911.96,2195.68,67.92,0.274,15.7,27,0,0,83.5,1
22,12,1151,0.294,19,4,4,10.3,4.1,42.09,342956.58,2494.46,41.07,0.225,6.5,28,1,0,59.4,1
25,77,1933,0.458,4,1,4,82.3,5.0,16.68,425019.23,883.77,67.37,0.104,1.4,23,1,1,54.9,1
21,35,990,0.031,20,3,5,66.3,1.2,73.38,352778.79,3960.28,19.56,0.254,16.3,12,1,0,47.7,1
2,49,1223,0.178,20,6,0,47.8,2.5,52.89,117807.95,5019.07,99.97,0.417,1.8,2,1,1,44.6,1
49,57,1783,0.145,13,4,0,17.9,7.7,26.38,159787.39,2999.45,97.03,0.296,11.1,0,1,1,72.4,1
43,37,513,0.163,22,1,5,27.1,2.3,48.28,401545.87,5320.7,17.66,0.058,1.4,21,0,0,44.3,1
29,9,144,0.231,19,7,1,52.7,6.6,55.55,382864.43,4757.28,35.2,0.183,6.0,28,0,1,26.2,1
17,26,1556,0.352,7,5,5,68.8,0.9,5.45,102223.19,6030.06,38.73,0.199,7.7,18,1,0,74.0,1
11,64,864,0.376,27,9,5,55.7,6.2,78.96,349295.74,6461.36,60.08,0.207,10.7,27,0,1,61.2,1
43,20,390,0.342,5,9,2,39.8,2.8,63.16,442836.97,3194.62,82.55,0.244,11.9,23,1,1,74.5,1
22,32,1227,0.024,16,0,4,41.8,1.0,58.49,487560.71,9203.9,58.28,0.251,15.1,3,1,1,37.8,1
35,61,1545,0.417,10,3,4,88.0,4.4,68.56,398440.76,328.37,76.57,0.104,1.2,28,0,0,69.5,1
11,80,364,0.077,12,4,1,55.4,3.6,16.85,491564.63,1862.96,90.41,0.232,4.4,29,1,1,84.1,1
34,76,62,0.369,11,10,4,44.6,1.7,82.13,246787.88,4519.39,68.26,0.324,18.9,16,0,1,87.7,1
19,1,702,0.282,24,7,2,99.7,5.5,80.79,343958.85,4463.69,18.48,0.253,1.1,5,1,1,16.7,1
32,16,433,0.39,3,6,6,34.0,6.3,27.75,272082.63,5435.81,88.67,0.071,2.0,14,1,1,52.8,1
7,9,342,0.291,28,0,8,58.2,7.7,9.09,381067.69,5912.15,85.39,0.306,2.7,1,0,0,63.6,1
42,43,1808,0.026,11,3,8,78.1,2.7,79.39,146302.65,2795.39,39.59,0.15,14.0,24,1,1,33.8,1
35,4,1561,0.145,19,6,4,6.1,5.3,21.28,159780.82,7688.33,74.28,0.392,19.1,1,1,0,44.0,1
28,31,1474,0.321,27,7,2,39.6,7.5,87.67,215467.13,530.3,21.52,0.166,14.1,14,1,1,23.8,1
4,65,1850,0.095,20,3,4,13.3,1.9,10.87,412716.53,1378.99,99.17,0.354,12.8,5,1,0,92.3,1
29,37,1697,0.233,20,10,2,84.4,5.1,97.67,117933.5,9741.72,36.64,0.256,16.4,21,1,0,74.1,1
25,68,580,0.028,24,8,0,46.7,6.1,91.32,298372.32,7316.15,44.22,0.444,15.7,0,0,0,7.7,1
26,65,463,0.179,25,5,4,98.7,3.3,88.84,457693.41,9752.37,34.52,0.297,3.4,6,1,0,85.3,1
38,48,278,0.043,26,7,0,51.1,6.9,58.38,231163.74,9148.38,77.97,0.165,8.6,20,0,0,2.9,1
30,52,1089,0.478,2,1,5,87.9,7.6,28.37,409608.31,8103.42,50.84,0.412,11.8,10,0,1,67.3,1
17,27,681,0.272,8,7,1,58.7,0.9,51.06,496293.23,3073.96,17.98,0.158,7.3,26,1,0,95.3,1
18,8,1914,0.214,30,8,4,49.5,7.8,57.19,369227.91,2682.87,65.49,0.483,17.0,27,1,0,43.1,1
43,21,1319,0.252,4,10,4,65.7,2.2,87.21,257344.07,5476.83,21.51,0.026,17.2,1,1,1,76.2,1
1,54,1708,0.311,29,1,6,87.7,7.5,7.46,450564.54,6363.66,40.61,0.172,15.2,18,1,0,22.1,1
43,70,1740,0.224,17,0,5,46.8,2.2,39.79,144993.89,7436.84,99.39,0.079,15.9,1,1,0,52.4,1
2,38,1035,0.275,10,0,6,97.2,3.0,42.09,89996.62,2972.3,29.54,0.312,5.0,24,0,0,54.9,1
20,12,615,0.418,24,2,2,89.5,1.2,65.81,169020.19,4550.95,22.82,0.222,6.8,11,0,0,33.8,1
36,40,1720,0.456,13,3,7,31.9,3.5,54.84,844.93,2318.26,22.94,0.035,11.8,26,1,0,20.9,1
3,4,1299,0.407,27,8,0,49.5,1.4,16.7,233687.71,9477.6,51.63,0.082,14.2,22,1,1,42.7,1
42,66,1719,0.13,3,3,7,31.3,2.3,26.87,386974.32,5038.73,52.69,0.27,18.8,21,0,1,12.9,1
10,68,1346,0.097,9,2,7,55.7,8.0,49.14,93132.49,6820.42,44.3,0.175,2.0,8,0,0,8.5,1
47,17,1384,0.023,10,7,5,99.7,3.9,68.09,22616.97,6150.76,85.27,0.087,18.0,17,1,1,28.1,1
37,27,201,0.335,9,1,6,69.8,7.5,42.51,208566.08,4454.82,82.48,0.112,8.6,29,1,0,0.4,1
26,51,143,0.383,13,8,2,90.9,3.3,62.4,369421.8,7097.52,96.82,0.075,16.1,8,1,1,12.4,1
21,13,118,0.334,11,8,4,61.1,0.1,14.12,475967.41,4727.88,63.98,0.005,9.7,23,0,0,76.6,1
34,2,351,0.497,1,2,2,76.2,7.6,17.12,367193.38,3767.16,99.92,0.494,18.0,30,0,0,47.1,1
37,64,1841,0.038,30,0,6,66.4,7.2,94.04,225631.54,5030.19,37.28,0.192,2.5,30,0,1,12.4,1
46,7,1691,0.415,22,1,3,78.2,7.3,34.09,215988.4,9914.27,52.22,0.285,9.4,26,1,0,28.1,1
31,29,369,0.178,25,4,4,40.3,3.9,75.85,118054.05,8520.25,71.15,0.227,19.0,13,0,0,8.8,1
40,79,551,0.284,2,6,8,85.2,3.0,31.74,355268.99,640.7,40.4,0.034,8.5,16,1,0,92.3,1
22,62,702,0.198,13,0,0,92.7,1.0,98.26,113162.42,7159.6,85.1,0.114,11.4,6,1,0,64.4,1
17,39,1838,0.079,24,4,8,93.4,6.2,3.09,224092.23,4663.6,97.24,0.019,19.6,22,0,1,83.2,1
31,41,1722,0.212,17,8,4,10.2,2.7,85.33,206339.24,728.99,82.15,0.403,12.9,27,1,1,15.4,1
46,25,1348,0.086,5,10,2,33.1,1.9,89.04,459026.58,5062.29,85.94,0.018,4.6,3,1,0,10.5,1
22,73,1657,0.464,26,7,8,28.8,5.3,80.51,144863.93,400.31,88.63,0.111,2.0,8,0,0,29.7,1
4,71,1159,0.099,22,5,2,92.3,2.4,44.49,190277.69,1516.73,99.16,0.308,2.5,2,1,1,55.1,1
22,51,36,0.275,29,5,0,68.3,0.4,9.98,341959.13,4137.44,43.24,0.447,5.3,27,1,0,36.5,1
45,16,635,0.266,8,1,6,82.8,5.7,2.5,41580.7,7303.89,15.83,0.481,5.7,22,0,0,80.3,1
8,20,1459,0.096,8,10,4,73.1,8.0,27.94,351095.41,1674.77,98.37,0.134,12.0,29,1,0,60.4,1
50,7,1344,0.003,12,0,7,84.4,7.4,6.5,453815.0,5665.79,42.02,0.113,1.8,11,0,1,12.0,1
44,1,1355,0.392,27,10,0,94.0,5.7,56.3,458589.42,985.59,74.43,0.495,18.2,25,0,0,86.2,1
50,63,1799,0.235,20,4,1,8.6,7.6,24.32,365333.59,2667.41,84.39,0.368,6.3,18,1,1,77.3,1
26,54,1490,0.154,27,5,1,7.8,5.3,79.09,121721.83,8417.61,28.6,0.158,0.2,19,1,1,66.8,1
17,15,1696,0.25,12,7,2,81.1,4.3,89.02,375060.98,9961.78,28.33,0.258,11.7,2,1,0,57.1,1
36,32,629,0.221,4,3,7,54.6,6.7,59.07,414541.94,8719.23,24.96,0.344,18.1,16,0,1,41.4,1
3,61,1058,0.321,18,0,7,44.6,7.6,36.15,338806.55,5539.87,45.7,0.36,9.9,12,0,1,6.9,1
17,6,1834,0.457,13,1,1,29.1,5.2,88.98,388661.7,3240.82,13.01,0.481,14.1,10,0,1,66.4,1
46,12,496,0.139,18,4,6,17.8,1.7,60.4,35891.09,9815.64,91.61,0.197,3.1,5,0,1,9.8,1
6,48,483,0.28,27,8,5,62.0,8.0,27.37,388871.42,9233.87,53.24,0.14,8.6,15,0,0,5.2,1
12,11,1137,0.021,7,5,6,70.0,6.0,3.68,5692.19,9523.3,62.25,0.409,3.4,21,0,0,96.5,1
39,20,781,0.063,20,10,6,43.2,0.9,13.06,126512.49,4399.38,26.34,0.073,12.9,23,1,0,26.3,1
20,22,1442,0.293,7,0,8,56.6,2.3,36.96,302432.86,5510.18,59.59,0.099,5.4,8,0,0,6.9,1
6,19,1126,0.302,13,2,0,79.7,1.9,61.64,332848.11,3913.91,17.66,0.299,17.3,12,1,1,42.4,1
12,20,322,0.026,21,1,6,25.0,5.7,40.35,299311.62,3278.82,35.78,0.48,1.9,12,1,0,27.7,1
49,25,1060,0.13,3,8,8,52.0,5.5,80.36,131793.08,9068.57,72.01,0.294,10.5,8,0,0,87.1,1
31,62,1028,0.04,26,5,7,52.4,0.7,74.98,188400.96,7416.1,87.88,0.099,14.4,14,0,1,10.8,1
20,60,510,0.065,20,6,6,43.2,6.3,39.61,50214.49,8148.39,94.35,0.386,3.8,1,0,1,36.1,1
32,33,275,0.304,10,8,3,85.6,5.8,64.62,163616.93,341.4,13.94,0.161,6.3,27,0,0,99.4,1
29,70,1547,0.058,3,0,2,45.7,5.2,69.48,392553.75,4252.93,56.99,0.45,1.6,20,0,0,81.4,1
22,33,1493,0.268,9,9,7,71.8,4.3,52.06,349021.6,4897.07,93.0,0.066,7.9,7,1,1,66.2,1
49,23,441,0.25,23,7,2,82.9,7.5,61.02,477259.67,2191.11,42.66,0.048,8.1,26,0,0,41.4,1
49,77,1627,0.044,22,6,2,32.4,3.8,24.17,104505.49,4425.71,58.64,0.429,11.1,27,1,1,31.7,1
36,9,1601,0.36,22,4,5,70.4,8.0,87.07,182535.59,6637.76,64.96,0.006,5.7,9,0,1,36.4,1
33,67,494,0.303,23,4,0,74.8,1.6,11.92,213834.65,3603.58,77.92,0.363,13.2,26,0,1,76.3,1
48,18,1591,0.084,21,1,3,21.2,5.6,59.4,448988.37,4479.96,22.15,0.21,2.4,14,1,0,10.0,1
20,8,866,0.476,21,0,8,27.5,1.3,40.2,388021.52,6870.72,36.51,0.259,4.4,18,0,0,24.7,1
1,78,1490,0.206,16,5,1,58.5,2.0,86.53,228576.53,1481.34,15.33,0.108,2.3,0,1,1,36.9,1
5,41,1722,0.099,28,7,5,73.7,4.4,70.84,284976.43,427.22,30.91,0.318,13.5,21,1,1,54.6,1
48,59,1303,0.493,12,1,6,85.3,0.6,54.44,374131.17,2894.92,28.02,0.044,6.2,11,0,0,43.9,1
26,21,831,0.195,5,10,8,70.0,6.7,98.55,141571.03,9101.78,11.64,0.12,3.9,20,1,0,87.8,1
3,21,660,0.068,5,4,0,3.8,4.0,11.15,131920.63,4584.26,83.83,0.226,7.6,16,1,0,7.0,1
26,58,105,0.014,15,8,2,10.8,7.5,49.96,105344.79,6837.24,54.69,0.265,7.6,16,0,1,69.4,1
36,80,878,0.378,17,9,2,87.6,5.1,75.96,448441.99,1404.71,88.47,0.357,11.4,24,0,0,83.5,1
28,3,1479,0.248,29,3,1,92.7,6.4,76.76,53865.24,9680.06,67.87,0.38,4.0,2,0,1,91.9,1
36,9,618,0.465,11,8,5,33.6,6.6,84.86,140807.35,712.23,58.69,0.002,5.6,7,0,1,77.7,1
5,16,25,0.291,30,1,6,29.8,7.1,82.33,288775.95,3976.91,65.15,0.464,3.1,9,1,1,78.8,1
45,69,162,0.073,5,1,2,69.8,1.0,31.04,167132.32,3483.35,88.86,0.272,6.2,15,1,1,54.0,1
39,40,1514,0.229,11,4,7,9.2,3.2,73.47,244017.86,240.26,68.0,0.195,10.4,0,1,1,61.5,1
2,19,1285,0.128,20,4,8,67.4,6.5,47.18,140292.9,4950.01,96.71,0.068,1.4,12,1,1,72.5,1
43,45,1270,0.169,4,10,5,9.1,2.8,43.76,65991.17,7199.99,52.4,0.259,4.6,7,1,0,30.1,1
9,12,944,0.254,15,6,0,66.6,4.5,53.14,123650.82,2533.88,64.8,0.011,15.4,27,1,0,7.8,1
17,61,297,0.087,11,9,2,95.8,5.9,60.97,134921.32,2157.7,85.92,0.361,18.8,19,1,1,15.6,1
35,39,1653,0.005,24,9,4,65.4,6.3,14.88,318020.41,9911.18,37.95,0.201,1.2,4,0,1,51.4,1
44,77,450,0.397,8,4,1,9.7,2.8,53.4,433748.24,3825.65,42.24,0.329,3.1,4,1,1,70.7,1
50,64,457,0.094,1,9,5,70.7,6.5,97.98,485944.86,6530.19,38.27,0.284,0.8,16,1,0,26.8,1
50,17,53,0.4,28,0,6,41.3,3.3,69.42,213167.85,614.21,68.05,0.145,10.7,9,1,0,0.2,1
45,62,291,0.456,30,4,5,64.2,1.5,44.54,114692.13,1746.3,53.04,0.188,9.4,27,1,0,12.9,1
38,39,1439,0.064,15,8,8,34.5,1.1,26.3,307290.89,3050.31,48.52,0.302,0.2,7,0,1,40.6,1
37,5,1846,0.478,6,4,6,11.7,7.6,43.99,215767.22,4734.41,76.14,0.398,4.6,22,0,0,3.8,1
6,47,892,0.035,30,1,0,25.0,6.9,97.85,223238.33,7956.9,77.59,0.074,5.0,5,1,1,66.2,1
14,43,1792,0.014,22,10,7,51.1,4.9,13.58,416767.92,3904.55,52.02,0.094,0.2,28,0,0,9.6,1
50,53,1163,0.129,15,7,6,49.9,4.0,45.19,63100.24,8917.96,63.76,0.365,3.4,6,0,0,20.8,1
13,12,1533,0.041,15,6,2,95.8,3.5,22.01,338161.0,1713.48,66.35,0.141,1.6,4,1,0,49.1,1
32,23,1031,0.466,20,8,0,89.1,3.1,4.07,461122.25,8746.38,25.97,0.462,9.7,2,0,1,87.0,1
17,12,1331,0.171,11,6,1,11.2,3.7,88.73,1517.94,3612.2,40.9,0.236,2.4,3,0,0,87.6,1
40,29,1981,0.102,8,7,1,56.6,2.9,31.54,356622.76,145.06,23.49,0.385,1.0,13,0,0,65.9,1
37,40,79,0.242,1,6,6,82.6,7.1,75.28,354241.73,9038.95,63.26,0.114,15.4,18,1,0,79.1,1
48,11,1423,0.408,24,8,5,46.2,4.1,56.54,264548.8,4824.01,10.06,0.345,8.7,6,1,1,92.7,1
46,25,1337,0.283,4,7,0,24.9,7.5,54.27,168765.38,2596.35,42.19,0.456,9.6,29,0,1,94.3,1
34,38,529,0.334,8,7,0,68.2,4.8,72.24,293385.47,6088.89,78.62,0.357,0.5,22,0,1,93.4,1
3,46,906,0.001,9,8,8,49.7,6.4,13.76,386047.31,461.69,77.59,0.321,17.4,12,0,1,15.6,1
15,3,537,0.046,20,8,7,32.4,3.5,67.77,59386.81,1963.39,45.27,0.392,7.7,20,0,1,13.1,1
13,61,1518,0.189,26,0,5,30.1,2.0,97.62,178529.58,3860.22,24.42,0.093,15.3,22,0,1,99.8,1
43,2,1978,0.148,16,8,7,76.7,5.0,12.98,418159.57,3168.89,63.37,0.422,6.0,22,1,1,42.9,1
39,12,1057,0.254,22,3,3,6.5,7.6,99.59,188918.72,2408.09,69.81,0.241,15.5,20,0,0,55.6,1
16,19,1341,0.305,22,0,6,67.0,3.0,98.24,210692.75,8549.46,18.82,0.282,12.6,15,0,1,12.8,1
13,7,1643,0.417,13,10,0,73.2,4.5,5.78,438304.53,4724.93,79.97,0.238,19.6,5,1,0,78.1,1
46,28,592,0.312,7,1,8,11.9,1.1,13.4,74655.45,4888.15,60.75,0.415,18.4,25,0,0,56.3,1
26,11,439,0.366,11,9,0,17.4,6.4,41.4,397336.42,3953.84,75.38,0.306,14.5,30,1,1,54.6,1
15,21,1810,0.369,22,0,8,23.6,1.3,21.27,364016.49,5254.18,82.81,0.449,18.5,12,1,1,77.1,1
12,18,1808,0.36,4,7,2,32.3,0.5,47.61,181844.69,3339.2,27.74,0.266,1.2,15,0,1,74.2,1
18,71,768,0.114,10,2,6,35.5,4.0,74.58,440443.57,9513.99,82.3,0.139,19.2,29,0,1,77.7,1
3,43,1165,0.466,8,5,2,84.8,1.7,45.18,173187.65,8271.81,95.83,0.224,12.7,28,0,1,47.4,1
7,76,96,0.355,29,1,3,97.0,5.0,76.54,397799.79,4690.97,97.85,0.311,7.3,28,0,0,27.5,1
4,32,1993,0.236,27,0,8,59.9,6.2,34.71,273642.13,7741.3,10.29,0.322,11.9,25,0,0,86.1,1
27,65,473,0.414,20,4,6,49.7,3.9,2.55,47060.76,7674.44,77.7,0.057,17.5,18,0,1,31.2,1
22,32,578,0.413,25,8,5,73.7,6.3,63.39,37332.41,2822.98,78.3,0.061,5.4,18,0,1,12.5,1
28,18,502,0.011,22,7,2,88.9,5.8,15.42,256462.24,6604.93,11.91,0.446,13.5,7,1,1,6.2,1
9,50,27,0.408,13,6,1,76.8,1.0,45.04,278241.54,3814.88,15.87,0.225,9.1,26,1,1,81.8,1
50,34,1133,0.299,6,2,0,75.5,2.3,72.98,259810.1,6774.82,73.39,0.402,1.5,18,0,1,3.1,1
50,57,1259,0.353,8,10,6,92.2,2.7,24.09,75242.81,5030.62,25.71,0.428,12.0,3,1,0,34.0,1
25,80,1996,0.395,23,6,6,8.8,7.4,51.83,18543.32,9749.42,91.76,0.252,8.8,3,1,1,60.3,1
8,8,835,0.365,14,8,6,32.0,0.9,22.28,288814.83,7824.99,75.37,0.374,4.9,15,1,0,99.4,1
26,39,1084,0.388,1,1,2,72.2,3.7,30.04,176562.39,8361.68,47.99,0.166,14.9,19,1,0,78.3,1
27,35,1665,0.113,6,7,5,56.1,1.9,6.11,278266.19,4899.04,31.09,0.386,5.7,18,0,1,72.2,1
33,24,1693,0.017,8,7,4,78.5,3.9,37.59,230009.22,1742.69,32.03,0.062,5.5,29,0,0,72.5,1
49,72,914,0.377,22,4,6,34.5,1.6,11.99,229689.97,1861.6,76.67,0.417,16.4,26,1,1,9.0,1
3,79,1483,0.442,19,9,2,68.6,6.3,13.05,183245.55,3928.28,61.15,0.436,16.2,16,0,0,16.9,1
7,36,1018,0.239,16,4,4,71.5,6.9,37.03,372274.65,9405.3,39.76,0.01,12.8,6,1,0,22.9,1
48,79,389,0.227,8,8,3,34.8,4.2,88.54,147625.06,9621.56,58.13,0.267,17.3,12,0,1,28.2,1
30,7,1533,0.076,25,10,5,76.2,4.0,49.85,276102.92,5796.29,85.21,0.241,17.4,25,1,1,4.7,1
13,73,1397,0.444,7,10,5,25.7,4.0,60.8,153731.68,6946.4,26.69,0.312,4.8,22,1,1,9.3,1
39,30,463,0.034,1,3,1,90.8,2.0,37.42,211079.59,1808.8,25.89,0.021,16.9,25,0,1,29.0,1
27,39,74,0.324,15,8,6,40.3,5.3,14.23,415090.54,5030.57,47.5,0.279,7.6,19,0,0,27.7,1
44,69,232,0.19,4,4,8,81.1,0.2,54.64,490015.93,8612.67,84.56,0.136,1.1,29,1,0,60.5,1
22,1,1880,0.287,6,3,4,71.2,3.7,64.42,218254.4,5920.26,78.27,0.01,0.0,4,1,1,33.9,1
22,61,1833,0.156,26,5,3,94.4,4.6,84.19,108673.67,2835.4,37.65,0.478,8.5,23,0,0,33.8,1
12,16,1447,0.485,2,4,0,57.2,4.6,17.71,192349.67,7807.03,30.46,0.36,11.8,27,1,0,77.9,1
47,28,1215,0.039,15,1,8,97.7,2.0,41.17,225704.17,4002.74,86.87,0.02,8.2,9,1,1,39.6,1
18,32,54,0.364,17,5,6,84.5,6.9,19.37,494363.58,9781.81,56.02,0.393,9.4,15,1,1,25.7,1
41,42,1532,0.362,1,5,3,4.7,1.1,82.28,80210.98,2754.64,26.19,0.129,17.3,13,0,0,73.2,1
37,76,1547,0.195,18,4,0,26.2,4.0,93.52,421735.94,1753.47,32.74,0.129,7.7,13,1,0,95.8,1
33,60,478,0.19,10,10,0,48.7,1.4,90.57,419141.71,8410.0,27.3,0.15,8.5,14,1,1,23.0,1
34,32,128,0.466,7,2,6,25.6,6.3,88.31,230371.91,9059.15,18.17,0.176,7.2,1,0,0,63.8,1
21,48,1869,0.033,20,7,0,30.6,4.0,12.85,356911.58,3715.15,79.64,0.155,7.5,4,0,0,48.2,1
3,24,1005,0.389,25,9,5,30.9,7.9,46.71,142980.62,2122.75,45.34,0.395,0.7,27,1,1,93.0,1
27,30,883,0.317,25,6,5,10.4,3.7,22.44,138529.48,4416.24,81.54,0.04,19.1,0,0,1,6.5,1
42,30,1214,0.224,15,6,2,79.3,7.1,23.6,478028.97,6487.46,65.0,0.357,18.4,7,0,1,45.8,1
2,14,712,0.063,15,1,2,74.6,6.7,42.78,344404.47,9092.54,27.52,0.383,6.0,3,1,0,29.6,1
23,79,809,0.332,13,2,1,7.5,5.6,70.35,331360.54,8395.68,82.79,0.108,0.9,7,0,1,66.6,1
20,60,1655,0.029,20,4,5,89.3,4.8,67.78,79947.59,5939.68,96.01,0.224,7.6,18,0,0,33.7,1
45,18,1714,0.286,13,6,8,72.8,5.9,55.38,338477.38,3570.04,63.07,0.446,14.8,1,0,0,54.9,1
24,56,552,0.386,6,7,2,72.3,4.3,42.83,362220.51,7902.29,80.56,0.157,9.1,6,0,1,97.7,1
37,73,733,0.156,17,2,7,87.4,5.6,42.72,256593.95,2148.62,53.37,0.397,5.7,4,1,1,80.6,1
39,32,1331,0.403,3,8,5,51.4,7.5,3.8,113894.94,3943.53,21.88,0.346,15.9,11,1,0,10.7,1
37,27,820,0.236,23,1,0,60.7,0.7,9.69,245596.8,7188.86,78.7,0.343,15.7,17,1,0,83.6,1
44,41,1542,0.073,26,5,7,98.2,6.0,62.83,72663.01,1013.23,48.81,0.102,6.8,18,1,1,67.9,1
48,54,1723,0.076,6,7,2,42.6,5.9,16.57,232625.78,4850.41,14.86,0.458,18.0,14,0,1,60.8,1
21,73,434,0.211,29,6,8,87.1,0.8,44.34,431298.35,1049.68,10.99,0.206,1.6,2,0,1,93.0,1
16,56,1419,0.002,14,6,4,33.7,2.9,25.39,217459.28,6049.19,31.3,0.118,10.8,30,1,1,5.8,1
20,1,567,0.177,10,8,3,62.2,4.2,64.3,132150.43,647.33,16.51,0.092,12.0,13,1,1,63.2,1
50,25,573,0.076,22,1,5,53.6,0.1,7.74,444134.49,1708.69,14.02,0.076,13.3,21,1,1,49.0,1
